Date,Open,High,Low,Close,Adj Close,Volume,ma_4w,ma_16w,ma_52w,roll_mean_10,roll_mean_75,vol_shock,vol_shock_dir,price_shock,price_shock_dir,black_swan,price_no_vol,symbol
2015-01-01,1206.2194902721044,1207.2386324194704,1204.9718189413152,1205.6143758117112,1205.6143758117112,1290293,1205.6143758117112,1205.6143758117112,1205.6143758117112,1205.6143758117112,1205.6143758117112,0,0,0,0,0,0,INFY
2015-01-02,1203.3106790044935,1205.7179245056489,1201.08011681101,1203.0839396708627,1203.0839396708627,4411784,1204.349157741287,1204.349157741287,1204.349157741287,1204.349157741287,1204.349157741287,1,1,0,0,0,0,INFY
2015-01-05,1199.4686983637034,1202.8054008287877,1198.17293927192,1199.93480334193,1199.93480334193,2704754,1202.8777062748347,1202.8777062748347,1202.8777062748347,1202.8777062748347,1202.8777062748347,1,0,0,0,0,0,INFY
2015-01-06,1201.7501995792877,1202.0422804793711,1200.877212207797,1200.9806384653136,1200.9806384653136,2206287,1202.4034393224545,1202.4034393224545,1202.4034393224545,1202.4034393224545,1202.4034393224545,1,0,0,1,0,0,INFY
2015-01-07,1195.1097505076532,1196.932276807411,1192.0859012790004,1194.7690159823176,1194.7690159823176,2285593,1200.8765546544269,1200.8765546544269,1200.8765546544269,1200.8765546544269,1200.8765546544269,0,1,0,0,0,0,INFY
2015-01-08,1193.4008890346795,1194.8853753535593,1191.5824257077693,1193.4687416249817,1193.4687416249817,3532626,1199.6419191495195,1199.6419191495195,1199.6419191495195,1199.6419191495195,1199.6419191495195,1,1,0,0,0,0,INFY
2015-01-09,1183.1595372262686,1184.5897721241722,1182.3182222717817,1184.281845828728,1184.281845828728,1347360,1197.4476229608351,1197.4476229608351,1197.4476229608351,1197.4476229608351,1197.4476229608351,1,0,0,0,0,0,INFY
2015-01-12,1182.233566176165,1183.4873426095742,1181.164714594105,1183.377189593257,1183.377189593257,1674803,1195.6888187898878,1195.6888187898878,1195.6888187898878,1195.6888187898878,1195.6888187898878,1,1,0,0,0,0,INFY
2015-01-13,1179.4021297981126,1182.5242303188982,1179.34729740164,1179.2436570064117,1179.2436570064117,3579734,1193.8615785917236,1193.8615785917236,1193.8615785917236,1193.8615785917236,1193.8615785917236,1,1,0,0,0,0,INFY
2015-01-14,1185.050370313075,1188.180859850071,1183.3682259903435,1184.7432575629844,1184.7432575629844,1541321,1192.9497464888498,1192.9497464888498,1192.9497464888498,1192.9497464888498,1192.9497464888498,1,0,0,1,0,0,INFY
2015-01-15,1183.8957297617364,1185.2524978414842,1178.602617018884,1183.9053791119568,1183.9053791119568,2128233,1192.1275312727687,1192.1275312727687,1192.1275312727687,1190.7788468188744,1192.1275312727687,1,1,0,0,0,0,INFY
2015-01-16,1180.5918233642374,1182.6439216843792,1176.3744535487235,1181.5148934993942,1181.5148934993942,4801531,1191.243144791654,1191.243144791654,1191.243144791654,1188.6219422017275,1191.243144791654,1,1,0,0,0,0,INFY
2015-01-19,1185.4402461000743,1186.2783281534698,1185.4220981264723,1185.9118407895585,1185.9118407895585,4284193,1190.8330444838007,1190.8330444838007,1190.8330444838007,1187.2196459464903,1190.8330444838007,1,0,0,1,0,0,INFY
2015-01-20,1178.056347082632,1182.619876612922,1177.5060700705408,1179.3544439368854,1179.3544439368854,2152355,1190.0131444447354,1190.0131444447354,1190.0131444447354,1185.0570264936475,1190.0131444447354,1,0,0,0,0,0,INFY
2015-01-21,1179.943283937148,1180.446087203184,1179.5678942924349,1178.346469976423,1178.346469976423,1541637,1189.2353661468478,1189.2353661468478,1189.2353661468478,1183.414771893058,1189.2353661468478,1,0,0,0,0,0,INFY
2015-01-22,1176.470733589386,1176.525586760664,1174.3394106985918,1178.733456778174,1178.733456778174,3284979,1188.5789968113056,1188.5789968113056,1188.5789968113056,1181.9412434083774,1188.5789968113056,1,1,0,1,0,0,INFY
2015-01-23,1179.6390854370543,1180.2926682324112,1177.9017888664316,1178.6570785996723,1178.6570785996723,1728694,1187.9953545635626,1187.9953545635626,1187.9953545635626,1181.3787666854716,1187.9953545635626,1,0,0,0,0,0,INFY
2015-01-26,1183.0731964287804,1184.81744044854,1181.631233724485,1182.259151983126,1182.259151983126,3995545,1187.676676642427,1187.676676642427,1187.676676642427,1181.2669629244585,1187.676676642427,1,1,0,1,0,0,INFY
2015-01-27,1178.0209477531644,1179.081222456076,1173.5848620484442,1177.399786180571,1177.399786180571,4130857,1187.1357876707505,1187.1357876707505,1187.1357876707505,1181.0825758418746,1187.1357876707505,0,1,0,0,0,0,INFY
2015-01-28,1167.5706419152432,1169.5246271654669,1164.1981647491266,1167.7806862442792,1167.7806862442792,4898045,1186.168032599427,1186.168032599427,1186.168032599427,1179.386318710004,1186.168032599427,1,1,0,0,0,0,INFY
2015-01-29,1165.2077165119915,1165.2335648788394,1161.7463091907896,1164.448329876125,1164.448329876125,4476345,1184.1097303026477,1185.1337610411745,1185.1337610411745,1177.440613786421,1185.1337610411745,0,0,0,0,0,0,INFY
2015-01-30,1162.6468917831205,1163.3044089419675,1161.7164111665356,1161.853510894716,1161.853510894716,4686816,1182.0482088638405,1184.0755678526991,1184.0755678526991,1175.474475525953,1184.0755678526991,0,1,0,0,0,0,INFY
2015-02-02,1161.5794940674248,1163.5344373879311,1159.160239492528,1160.891625359072,1160.891625359072,2041996,1180.0960499646976,1183.0675703529762,1183.0675703529762,1172.9724539829044,1183.0675703529762,1,0,0,0,0,0,INFY
2015-02-03,1175.796510798389,1177.7461287991864,1175.228242027453,1176.227311121138,1176.227311121138,2342746,1178.8583835974885,1182.7825595516495,1182.7825595516495,1172.6597407013296,1182.7825595516495,1,1,0,1,0,0,INFY
2015-02-04,1182.5922531223998,1182.7067894176696,1178.1940246264671,1181.7898685336413,1181.7898685336413,3333396,1178.2094262250546,1182.7428519109292,1182.7428519109292,1173.0040805570516,1182.7428519109292,1,1,0,1,0,0,INFY
2015-02-05,1180.0421630323406,1180.8120876437342,1177.565620128859,1181.2235546118557,1181.2235546118557,4235353,1177.5971668743985,1182.6844173994264,1182.6844173994264,1173.2530903404197,1182.6844173994264,1,1,0,0,0,0,INFY
2015-02-06,1182.2814280393434,1183.8179915388152,1179.2093424577752,1180.421162376244,1180.421162376244,4521928,1177.4041327017742,1182.6005931393086,1182.6005931393086,1173.429498718077,1182.6005931393086,0,1,0,0,0,0,INFY
2015-02-09,1174.869641698119,1175.8224392585632,1173.0960365666688,1175.6718698978048,1175.6718698978048,2394555,1177.0188667170019,1182.3531387378262,1182.3531387378262,1172.7707705095447,1182.3531387378262,1,0,0,0,0,0,INFY
2015-02-10,1170.849106930172,1173.756125255358,1170.759997028804,1170.1797802940948,1170.1797802940948,1871539,1176.5656728813858,1181.933367757008,1181.933367757008,1172.048769920897,1181.933367757008,1,0,0,0,0,0,INFY
2015-02-11,1163.9046099304758,1166.529428623226,1162.03248074327,1164.967559018612,1164.967559018612,2864712,1175.5768879541672,1181.3678407990615,1181.3678407990615,1171.7674571983302,1181.3678407990615,1,1,0,0,0,0,INFY
2015-02-12,1164.7353662519952,1165.6554487713677,1164.5825174381737,1165.0875925424784,1165.0875925424784,1660367,1174.6359986256932,1180.8426715004618,1180.8426715004618,1171.8313834649657,1180.8426715004618,1,0,0,1,0,0,INFY
2015-02-13,1166.3258752274603,1167.3303807956418,1164.7078087826144,1167.5071620995352,1167.5071620995352,4447497,1173.9356120557004,1180.425936831683,1180.425936831683,1172.3967485854478,1180.425936831683,1,1,0,1,0,0,INFY
2015-02-16,1169.2139397985184,1170.4470315647725,1166.0279257925138,1169.3120960411077,1169.3120960411077,2687829,1173.1056248182779,1180.0891537774232,1180.0891537774232,1173.2387956536513,1180.0891537774232,1,0,0,1,0,0,INFY
2015-02-17,1179.705699476677,1181.354533343769,1176.6817331219436,1177.056758186458,1177.056758186458,3205868,1172.9907405307563,1179.9999656718064,1179.9999656718064,1173.3217403601834,1179.9999656718064,1,1,0,1,0,0,INFY
2015-02-18,1177.939533635093,1178.1739281895464,1174.8995811551183,1178.1463186424523,1178.1463186424523,2697266,1172.9807329640578,1179.9470043281106,1179.9470043281106,1172.9573853710642,1179.9470043281106,1,0,0,1,0,0,INFY
2015-02-19,1177.8408570755375,1180.018899385137,1177.811146074334,1179.1189685606196,1179.1189685606196,3188040,1173.0000085531801,1179.9240033345693,1179.9240033345693,1172.7469267659405,1179.9240033345693,1,1,0,1,0,0,INFY
2015-02-20,1178.1614760796542,1178.2130888046977,1178.1226169156078,1176.950533559766,1176.950533559766,1848982,1172.9146813011848,1179.8436392866015,1179.8436392866015,1172.3998638842927,1179.8436392866015,1,0,0,0,0,0,INFY
2015-02-23,1174.612834167342,1174.9594873063002,1172.7242474343914,1176.6418281580434,1176.6418281580434,3996241,1172.6338151099305,1179.7593810990081,1179.7593810990081,1172.4968597103168,1179.7593810990081,1,1,0,0,0,0,INFY
2015-02-24,1177.3796999822853,1178.14950418971,1175.8127585840764,1177.9034617808609,1177.9034617808609,4980615,1172.6589988899452,1179.7117934241837,1179.7117934241837,1173.2692278589934,1179.7117934241837,1,1,0,1,0,0,INFY
2015-02-25,1170.5070431119057,1170.9802865353945,1170.2786070699324,1171.527576362461,1171.527576362461,4357048,1172.8463433958543,1179.5071879976406,1179.5071879976406,1173.9252295933784,1179.5071879976406,1,0,0,0,0,0,INFY
2015-02-26,1169.8814497219223,1174.0355581313809,1169.3875340190812,1170.3354732581677,1170.3354732581677,2967308,1173.1407005649567,1179.2834876381412,1179.2834876381412,1174.4500176649472,1179.2834876381412,1,0,0,0,0,0,INFY
2015-02-27,1183.3077085968573,1186.1710537058375,1182.3848450385055,1182.0130538997776,1182.0130538997776,4287412,1174.1486777152095,1179.3484773110374,1179.3484773110374,1175.9006068449714,1179.3484773110374,1,1,0,1,0,0,INFY
2015-03-02,1170.0511369783196,1171.4555608120413,1169.6615693402125,1171.4436745542391,1171.4436745542391,3997658,1174.6762801749678,1179.1646446887862,1179.1646446887862,1176.1137646962848,1179.1646446887862,0,0,0,0,0,0,INFY
2015-03-03,1170.5638981142429,1171.8787353198231,1168.835556927636,1170.754181838539,1170.754181838539,4959267,1174.4026237108378,1178.9734978058261,1178.9734978058261,1175.4835070614927,1178.9734978058261,1,1,0,0,0,0,INFY
2015-03-04,1164.2631346509393,1165.9195369603187,1163.313460110422,1165.3321410726678,1165.3321410726678,2068356,1173.5797373377893,1178.6703565450894,1178.6703565450894,1174.2020893045142,1178.6703565450894,1,0,0,0,0,0,INFY
2015-03-05,1165.5446845021736,1165.9362578977211,1163.4731590683011,1167.2412143392266,1167.2412143392266,4783642,1172.880620324158,1178.4218969319184,1178.4218969319184,1173.014313882375,1178.4218969319184,1,1,0,1,0,0,INFY
2015-03-06,1165.8769245241158,1166.346253177276,1165.44533422897,1166.5116609484674,1166.5116609484674,3593642,1172.185145252769,1178.1684876556747,1178.1684876556747,1171.9704266212452,1178.1684876556747,1,0,0,0,0,0,INFY
2015-03-09,1167.8334456031955,1169.79701521143,1165.8014013531742,1167.7113444422184,1167.7113444422184,4356726,1171.7871189799896,1177.9506305053944,1177.9506305053944,1171.0773782496624,1177.9506305053944,1,1,0,1,0,0,INFY
2015-03-10,1165.0462554625406,1165.9962538173736,1163.9747518405732,1164.161463561744,1164.161463561744,4302466,1171.4862031433722,1177.6692189351159,1177.6692189351159,1169.7031784277508,1177.6692189351159,0,0,0,0,0,0,INFY
2015-03-11,1168.33749373992,1168.694258186164,1163.336099469463,1167.950798223938,1167.950798223938,2650809,1171.6353651036384,1177.4748505208922,1177.4748505208922,1169.3455006138986,1177.4748505208922,1,0,0,1,0,0,INFY
2015-03-12,1178.0689316353178,1182.2048986530667,1174.2369538690132,1177.232748909665,1177.232748909665,2139878,1172.2426229219977,1177.470103430476,1177.470103430476,1170.0352281790483,1177.470103430476,1,0,0,1,0,0,INFY
2015-03-13,1177.4610684576228,1182.8098021218716,1177.0893238123515,1177.8730062364848,1177.8730062364848,1739469,1172.7609151288452,1177.4778515613607,1177.4778515613607,1169.621223412719,1177.4778515613607,1,0,0,1,0,0,INFY
2015-03-16,1180.5262216737017,1182.2309899872926,1179.0698974791696,1181.4628039978134,1181.4628039978134,2827937,1173.3684505266806,1177.5530393431807,1177.5530393431807,1170.6231363570764,1177.5530393431807,1,1,0,1,0,0,INFY
2015-03-17,1185.7812148113956,1186.4868037415176,1185.0684094552737,1187.0818623305438,1187.0818623305438,3969084,1173.8697057338848,1177.7294990281318,1177.7294990281318,1172.2559044062768,1177.7294990281318,1,1,0,1,0,0,INFY
2015-03-18,1191.1650063005177,1191.8216130950705,1189.142229843134,1191.3360162651074,1191.3360162651074,3903613,1174.5291906150173,1177.9768902506223,1177.9768902506223,1174.8562919255207,1177.9768902506223,0,0,0,1,0,0,INFY
2015-03-19,1188.9938326949386,1190.3622701602076,1187.7938149874085,1188.861040606149,1188.861040606149,2586250,1175.0162942172942,1178.1712500783995,1178.1712500783995,1177.0182745522131,1178.1712500783995,1,0,0,0,0,0,INFY
2015-03-20,1192.608328144382,1194.843151716885,1191.491532120182,1192.1472193524244,1192.1472193524244,1177041,1175.7761285069269,1178.4164425218034,1178.4164425218034,1179.5818303926087,1178.4164425218034,1,0,0,1,0,0,INFY
2015-03-23,1203.302085616197,1204.7881523598278,1201.6519116473778,1201.8512897079947,1201.8512897079947,1185888,1177.0366015844245,1178.8204916112206,1178.8204916112206,1182.9958249191864,1178.8204916112206,0,1,0,1,0,0,INFY
2015-03-24,1204.4602807299098,1208.245321580977,1203.294261175144,1202.6147320561208,1202.6147320561208,4685433,1178.2721650981875,1179.223783822151,1179.223783822151,1186.841151768624,1179.223783822151,1,1,0,1,0,0,INFY
2015-03-25,1203.0006094402208,1203.1582731181663,1200.566135546606,1204.1282057640533,1204.1282057640533,2245821,1179.902196568267,1179.6388575211827,1179.6388575211827,1190.4588925226356,1179.6388575211827,1,0,0,1,0,0,INFY
2015-03-26,1205.158270107053,1208.8872945331418,1204.5744472790395,1205.6930722600227,1205.6930722600227,2057982,1181.6700765183598,1180.06597579559,1180.06597579559,1193.3049248576713,1180.06597579559,0,0,0,1,0,0,INFY
2015-03-27,1209.3478405557998,1210.8391568808206,1207.861827057603,1209.3416899206004,1209.3416899206004,2076569,1183.036508319401,1180.53816473309,1180.53816473309,1196.4517932260828,1180.53816473309,0,1,0,1,0,0,INFY
2015-03-30,1206.3183645890892,1207.0157626973703,1205.1340978565229,1207.3045841701944,1207.3045841701944,4275134,1184.829553800199,1180.963028533679,1180.963028533679,1199.0359712433212,1180.963028533679,1,1,0,0,0,0,INFY
2015-03-31,1208.1630337571146,1208.658066992155,1206.087849005847,1206.3538848900466,1206.3538848900466,4092606,1186.609538952774,1181.3597606642475,1181.3597606642475,1200.9631734992713,1181.3597606642475,0,0,0,0,0,0,INFY
2015-04-01,1205.1741011627084,1207.7423665345696,1204.5825385852818,1204.9327905001448,1204.9327905001448,2647895,1188.589571424148,1181.7224226617227,1181.7224226617227,1202.3228509227752,1181.7224226617227,1,0,0,0,0,0,INFY
2015-04-02,1205.9728824326578,1206.981645817511,1205.154561090383,1205.3543156496146,1205.3543156496146,4346477,1190.4952264896674,1182.0804816463879,1182.0804816463879,1203.9721784271217,1182.0804816463879,1,1,0,1,0,0,INFY
2015-04-03,1203.212002037968,1206.393968049965,1201.6894835196483,1203.1134328968878,1203.1134328968878,1841528,1192.3253150870885,1182.3944062919174,1182.3944062919174,1205.068799781568,1182.3944062919174,1,0,0,0,0,0,INFY
2015-04-06,1202.659417814352,1202.872208703733,1202.498164801499,1203.1695071066429,1203.1695071066429,3363075,1194.0982232203096,1182.6999224803694,1182.6999224803694,1205.2006215214328,1182.6999224803694,1,1,0,1,0,0,INFY
2015-04-07,1202.760433078718,1203.4614173167267,1202.4719078715018,1202.210146599198,1202.210146599198,1698363,1196.0006573721823,1182.9826793516568,1182.9826793516568,1205.1601629757406,1182.9826793516568,1,0,0,0,0,0,INFY
2015-04-08,1209.1965771646985,1210.731415406276,1208.2339543369674,1209.626140273641,1209.626140273641,3100800,1198.0844244746675,1183.363300221971,1183.363300221971,1205.7099564266994,1183.363300221971,1,1,0,1,0,0,INFY
2015-04-09,1208.6484522988908,1209.324308627876,1206.06347400217,1209.5273988135389,1209.5273988135389,4681811,1199.6991569698612,1183.731808652838,1183.731808652838,1206.093389082051,1183.731808652838,1,1,0,0,0,0,INFY
2015-04-10,1213.008225466568,1213.144205238318,1212.5003851282947,1211.579324880158,1211.579324880158,1845688,1201.3844729020448,1184.1185797115509,1184.1185797115509,1206.3171525780067,1184.1185797115509,1,0,0,1,0,0,INFY
2015-04-13,1216.3845775893374,1217.9485326566205,1215.877639986444,1213.9073349087294,1213.9073349087294,3327905,1203.0066994475906,1184.5266448512382,1184.5266448512382,1206.9774276518601,1184.5266448512382,1,1,0,1,0,0,INFY
2015-04-14,1214.3406826059063,1214.9078936275178,1213.6919045122245,1213.302562781241,1213.302562781241,1149098,1204.3177344701255,1184.915508607049,1184.915508607049,1207.6722954409797,1184.915508607049,1,0,0,0,0,0,INFY
2015-04-15,1217.701929946967,1219.5625461816846,1216.9238549904392,1218.4810025753388,1218.4810025753388,3502484,1205.6749837856373,1185.3630485266262,1185.3630485266262,1209.027116648499,1185.3630485266262,1,1,0,1,0,0,INFY
2015-04-16,1215.2881188578283,1217.0869909002186,1211.7060132442882,1214.328563345278,1214.328563345278,2472239,1206.9483599225937,1185.7441737216086,1185.7441737216086,1209.9245414180655,1185.4792376937405,1,0,0,0,0,0,INFY
2015-04-17,1218.323981593048,1219.8633512579513,1216.7418303417105,1219.117185316118,1219.117185316118,4997263,1208.2968582207782,1186.1775894566022,1186.1775894566022,1211.5249166599883,1185.693014302344,1,1,0,1,0,0,INFY
2015-04-20,1224.011209156248,1227.6227235795736,1222.7563453254234,1222.451521819855,1222.451521819855,4695309,1209.3268698263714,1186.6426398715157,1186.6426398715157,1213.4531181313096,1185.9932372153828,0,0,0,1,0,0,INFY
2015-04-21,1220.4714294658263,1221.2132030224238,1219.3190283589672,1220.0417105338413,1220.0417105338413,4520314,1210.1982187502572,1187.0654129178743,1187.0654129178743,1215.236274524774,1186.2473848429634,0,0,0,0,0,0,INFY
2015-04-22,1223.0937388527243,1223.7272741012775,1222.8976231334111,1222.3288284997964,1222.3288284997964,4901860,1211.1082498870444,1187.5062056126483,1187.5062056126483,1216.5065433473897,1186.6148490098628,0,1,0,1,0,0,INFY
2015-04-23,1219.588836407675,1221.1432898287037,1218.3471631904672,1220.172417313578,1220.172417313578,2676327,1211.8322171397222,1187.6881811314215,1187.9094921768572,1217.5710451973932,1186.9708980190442,1,0,0,0,0,0,INFY
2015-04-24,1220.2198142115328,1220.5971685253649,1218.914004453115,1220.8138932851796,1220.8138932851796,3866449,1212.405827307951,1187.9098055516006,1188.310765361105,1218.4945020378955,1187.4579919851303,1,1,0,1,0,0,INFY
2015-04-27,1231.2728957809832,1232.3158511892616,1230.144693753816,1230.4369810241433,1230.4369810241433,2066216,1213.5624471506485,1188.291082772628,1188.8183101281295,1220.147466649437,1188.0854558708754,1,0,0,1,0,0,INFY
2015-04-28,1233.0379900822577,1234.6820606776898,1231.1903849069847,1233.6199063904864,1233.6199063904864,1410894,1214.9257482256705,1188.6990736216928,1189.3516624645863,1222.1792010103613,1188.8104725293297,1,0,0,1,0,0,INFY
2015-04-29,1230.7796672192967,1231.0962979745498,1228.734949219611,1232.1077886261096,1232.1077886261096,4772191,1216.2844981319688,1189.16580827974,1189.8546757135452,1223.5418796154386,1189.4419996101715,1,1,0,0,0,0,INFY
2015-04-30,1231.1883291330494,1235.0313917868189,1228.9539455916213,1231.1066357770492,1231.1066357770492,3199668,1217.5721141383406,1189.636281956641,1190.3343496677721,1225.2196868586157,1190.0713496990393,1,0,0,0,0,0,INFY
2015-05-01,1232.503926546789,1235.4426495948196,1232.2117731012752,1231.700657928806,1231.700657928806,1857710,1219.0014753899363,1190.229017107892,1190.8098244753703,1226.4780341198843,1190.7404932247648,1,0,0,1,0,0,INFY
2015-05-04,1228.4523042500457,1229.7719800861437,1227.114095321694,1228.4497215668805,1228.4497215668805,2456410,1220.2654861129483,1190.7924237575623,1191.2375505786829,1227.077854094587,1191.3076649684624,1,1,0,0,0,0,INFY
2015-05-05,1223.41634595247,1223.8360236854228,1222.9975526963376,1223.6350776516815,1223.6350776516815,3123550,1221.3367326655725,1191.347316515628,1191.6015677368064,1227.437190806371,1191.898073417993,1,1,0,0,0,0,INFY
2015-05-06,1225.973074998568,1228.9847955500825,1221.5391016553403,1224.8207140276486,1224.8207140276486,4914921,1222.0964613532728,1191.8482847214366,1191.9706693622602,1227.6863793591563,1192.5177300053429,1,1,0,1,0,0,INFY
2015-05-07,1219.0122528988716,1222.4218984741117,1218.6658947493631,1219.987924696634,1219.987924696634,2156437,1222.6194876474278,1192.299316541245,1192.2785512890116,1227.6679300974617,1193.0677895775887,1,0,0,0,0,0,INFY
2015-05-08,1218.6046790596536,1219.5612075975434,1215.8571689155417,1218.5086092078675,1218.5086092078675,2627488,1222.9659518638132,1192.7617379876008,1192.5636606142166,1227.4374016897307,1193.5991433190313,1,1,0,0,0,0,INFY
2015-05-11,1211.5233899574923,1212.233868774911,1210.1846935917122,1211.218249833635,1211.218249833635,3053818,1222.8314976100585,1193.0780681006518,1192.7642475950704,1225.5155285706799,1193.985264623705,1,1,0,0,0,0,INFY
2015-05-12,1219.4083980920143,1221.1676906943728,1217.5672961275106,1218.8971127415325,1218.8971127415325,2195420,1223.1112251080729,1193.5723514607098,1193.0422567987562,1224.0432492057844,1194.5385623111843,1,0,0,1,0,0,INFY
2015-05-13,1205.591705571546,1205.9806744032187,1203.650925922253,1205.4404499111167,1205.4404499111167,1760190,1222.4591974748619,1193.9110262098936,1193.1727640946758,1221.3765153342852,1195.0406924934089,1,0,0,0,0,0,INFY
2015-05-14,1214.4646451564452,1215.0338196878022,1214.4018004915167,1215.5226410486457,1215.5226410486457,2751146,1222.5189013600302,1194.3708910132743,1193.4055753129462,1219.8181158614448,1195.7216833090424,1,1,0,1,0,0,INFY
2015-05-15,1216.4765455477632,1218.3801719540895,1216.0776324181406,1215.5991580621878,1215.5991580621878,4344891,1222.3429999973337,1194.8326670065558,1193.6343751351035,1218.207965874783,1196.438291937942,1,1,0,1,0,0,INFY
2015-05-18,1224.928560013059,1227.8571077505376,1224.9240351038654,1224.2869798442723,1224.2869798442723,2960211,1222.4347728985545,1195.3580148548203,1193.9471568158092,1217.7916917025223,1197.283563331078,1,0,0,1,0,0,INFY
2015-05-19,1228.2000272300902,1229.2208362618906,1227.6093289422124,1228.384836004528,1228.384836004528,3247432,1222.851929172089,1195.9953279776198,1194.29501216115,1218.2666675378068,1197.97899699619,0,1,0,1,0,0,INFY
2015-05-20,1231.7598271459926,1231.9821306751778,1231.50922432481,1230.2622292282397,1230.2622292282397,3775113,1223.248599208511,1196.7763472649192,1194.6546843318208,1218.810819057866,1198.6252951387846,1,1,0,1,0,0,INFY
2015-05-21,1230.7018960792504,1232.461746622267,1230.4449150470944,1231.6055648050817,1231.6055648050817,1370229,1223.8202565830863,1197.615812701531,1195.0205346335363,1219.9725830687107,1199.2970552746945,1,0,0,1,0,0,INFY
2015-05-22,1238.531540913763,1239.0510480486282,1234.2485538146482,1237.6891196919212,1237.6891196919212,2736307,1224.6640179034234,1198.563757811496,1195.4388540948928,1221.8906341171162,1200.0606280389031,1,1,0,1,0,0,INFY
2015-05-25,1235.9253580182112,1237.552441010051,1233.9376380833958,1236.0296223959788,1236.0296223959788,1479302,1224.9436499720152,1199.5029827744577,1195.8329392240298,1224.3717713733504,1200.8653980722122,1,0,0,0,0,0,INFY
2015-05-26,1234.6862569607747,1236.0780827513645,1233.211432412338,1234.5945236567447,1234.5945236567447,4799761,1224.992380835328,1200.2325729311526,1196.2056467666519,1225.9415124648717,1201.7242613170476,1,1,0,0,0,0,INFY
2015-05-27,1225.500032924474,1228.6356381954415,1225.4972938898763,1227.3031976036962,1227.3031976036962,1965864,1224.7521512842075,1200.8014895445283,1196.501813917481,1228.1277872341298,1202.5554031648487,1,0,0,0,0,0,INFY
2015-05-28,1223.059655967363,1224.1872442328795,1222.1740717567995,1223.688807436733,1223.688807436733,1015557,1224.3812598671916,1201.3323052048395,1196.7582949884172,1228.9444038729384,1203.336752696772,1,0,0,0,0,0,INFY
2015-05-29,1228.329578222873,1228.3777624196368,1225.7488906986296,1226.5511972883332,1226.5511972883332,2678527,1224.123786835168,1201.9089306412404,1197.0367333276688,1230.0396077955527,1204.1240064992896,1,1,0,1,0,0,INFY
2015-06-01,1220.2928869177929,1220.7175801750118,1220.2916288437425,1220.4432685258723,1220.4432685258723,4989993,1223.7234641831176,1202.468573124091,1197.25346050543,1229.655236663713,1204.805755465753,1,1,0,0,0,0,INFY
2015-06-02,1215.9175978447531,1218.180580481476,1215.2045589618492,1217.301777465689,1217.301777465689,2048834,1223.406799173818,1203.0575980887363,1197.4373900188268,1228.5469308098288,1205.3423557228095,1,0,0,0,0,0,INFY
2015-06-03,1215.7454346978627,1218.271216133337,1213.8280279338985,1214.3712747332552,1214.3712747332552,4929780,1222.8843272090983,1203.6751445351692,1197.5913344253217,1226.9578353603306,1205.8253551373537,1,1,0,0,0,0,INFY
2015-06-04,1220.0503198458248,1220.8645326236629,1217.9877865527626,1219.8645899661894,1219.8645899661894,2614603,1222.878160472576,1204.3598570029656,1197.7919943851493,1225.7837378764414,1206.3686300894276,1,0,0,1,0,0,INFY
2015-06-05,1218.387484351862,1220.134907621714,1217.7694652396494,1219.4611854962277,1219.4611854962277,1773248,1222.925789286994,1205.0092822954243,1197.985469305784,1223.9609444568719,1206.935438781914,1,0,0,0,0,0,INFY
2015-06-08,1223.8104153845204,1224.062876703524,1222.2501309829993,1223.1958848473566,1223.1958848473566,4932201,1223.52467103768,1205.6828296555025,1198.2085703282758,1222.67757070201,1207.5561595377715,1,1,0,1,0,0,INFY
2015-06-09,1213.2889604123766,1214.98317201537,1212.0822671288583,1214.5325733085508,1214.5325733085508,2191838,1223.306444066031,1206.1512773445286,1198.3517633368747,1220.6713756671902,1208.0445476914738,1,0,0,0,0,0,INFY
2015-06-10,1211.914326314777,1215.2533888728522,1211.7680230194303,1212.2548634722084,1212.2548634722084,3717876,1223.6471647440856,1206.5776341549006,1198.4726598597906,1219.1665422540414,1208.5875781862705,1,1,0,0,0,0,INFY
2015-06-11,1216.682768631367,1218.3229240775863,1215.0319544977344,1214.562487842571,1214.562487842571,1785124,1223.5991570837818,1207.0206781459249,1198.6113652734352,1218.2539102946253,1209.1772717140627,1,0,0,1,0,0,INFY
2015-06-12,1209.5914704635356,1211.13982273065,1209.390322030816,1208.986788159852,1208.986788159852,3210006,1223.268538588665,1207.421131328426,1198.7000441015243,1216.4974693817774,1209.536921504197,1,1,0,0,0,0,INFY
2015-06-15,1215.4728124794478,1216.4904659748815,1215.3386920840685,1213.7457804633134,1213.7457804633134,1817172,1222.7414786196173,1207.884930732242,1198.8275503418784,1215.8277205755214,1210.1009495829846,1,0,0,1,0,0,INFY
2015-06-16,1210.3927937898152,1212.537556279421,1207.2392387476807,1212.44065055669,1212.44065055669,1020748,1221.9442693472251,1208.3166455919397,1198.941946142003,1215.3416078846215,1210.6567691658931,1,0,0,0,0,0,INFY
2015-06-17,1208.8703852743415,1213.314249765279,1205.0628711689028,1209.9180087201385,1209.9180087201385,2720241,1220.9270583218201,1208.7965259964108,1199.033413330154,1214.8962812833097,1211.2512474011928,1,1,0,0,0,0,INFY
2015-06-18,1217.0582590603908,1220.2200305023368,1216.8476585336073,1217.321434918305,1217.321434918305,3065710,1220.2128518274815,1209.3838505171623,1199.1845540044362,1214.6419657785214,1211.9189836755804,1,1,0,1,0,0,INFY
2015-06-19,1216.1853773277148,1218.8138884844452,1214.2770922646423,1215.3124113209522,1215.3124113209522,4692464,1219.094016408933,1209.800092484927,1199.316749556211,1214.2270883609938,1212.5696603472136,1,1,0,0,0,0,INFY
2015-06-22,1217.7254416389185,1218.9324070665025,1217.1432685068446,1216.714749314436,1216.714749314436,4559475,1218.1282727548555,1210.3659809194296,1199.458196708717,1213.5789748077018,1213.2230390788432,0,0,0,1,0,0,INFY
2015-06-23,1224.9768929904062,1228.9389341666035,1223.5869665671603,1224.2754769583428,1224.2754769583428,4865353,1217.6123204199357,1211.034997108427,1199.6583360655688,1214.553265172681,1214.0245592574645,0,1,0,1,0,0,INFY
2015-06-24,1229.7413771815727,1230.2277065283918,1227.619907777784,1229.107302291592,1229.107302291592,3540754,1217.7025256543304,1211.8321866236636,1199.8939277953768,1216.2385090546193,1214.8399793117,1,0,0,1,0,0,INFY
2015-06-25,1224.3351296733454,1225.6908756999865,1218.4393174546108,1224.8297134800755,1224.8297134800755,2996054,1217.7595709564976,1212.5520428629243,1200.0918308563666,1217.2652316183699,1215.4746055059722,1,0,0,0,0,0,INFY
2015-06-26,1217.1514186295096,1217.345582062753,1216.8856453987778,1215.7581297246509,1215.7581297246509,1433137,1217.2199175783132,1213.1676237226266,1200.2151875403688,1217.9423657748496,1215.9797404858143,1,0,0,0,0,0,INFY
2015-06-29,1216.719348052835,1217.1681378610756,1215.5789821384733,1217.0162391715007,1217.0162391715007,4898535,1217.0485661105947,1213.7839349067426,1200.346445756237,1218.2694116456682,1216.4537862881302,1,1,0,1,0,0,INFY
2015-06-30,1219.6852100826577,1222.0359442989602,1217.09804602051,1220.906026368245,1220.906026368245,1658425,1217.2287785557226,1214.493241941824,1200.5058223501285,1219.115949226824,1216.9047751419664,1,0,0,1,0,0,INFY
2015-07-01,1210.6138274030477,1212.4055362921251,1209.3459804504928,1209.7099381889398,1209.7099381889398,3261349,1216.995711728507,1215.0152311913864,1200.5766232411963,1219.095142173704,1217.1497607676172,1,1,0,0,0,0,INFY
2015-07-02,1201.422839681437,1202.0030247285058,1201.2304024328798,1202.4199512072626,1202.4199512072626,2571972,1216.1234797905606,1215.3300712201064,1200.5906944470441,1217.6049938025997,1217.3305462422989,1,0,0,0,0,0,INFY
2015-07-03,1208.4007905959363,1209.833946377681,1207.597361762276,1207.2333676898393,1207.2333676898393,4308164,1215.5120889002412,1215.6970757382733,1200.6410177291866,1216.7970894394884,1217.5316948867978,1,1,0,1,0,0,INFY
2015-07-06,1205.9858535274618,1208.3863057599517,1205.3138161001232,1206.4429758373913,1206.4429758373913,3868488,1214.6744434497427,1216.009327886268,1200.684641474361,1215.769912091784,1217.5929173685229,1,0,0,0,0,0,INFY
2015-07-07,1204.26212572235,1208.9936915965602,1202.7334267351946,1203.898061220198,1203.898061220198,1218031,1214.1427178453255,1216.2195303723888,1200.708622218733,1213.7321705179695,1217.610028424044,1,0,0,0,0,0,INFY
2015-07-08,1204.7446785097002,1208.66186570423,1203.621733646688,1204.5258903379893,1204.5258903379893,1465784,1213.7562691886142,1216.3844037982997,1200.7368982788755,1211.2740293226093,1217.6153308850298,1,1,0,1,0,0,INFY
2015-07-09,1209.431492458511,1214.016516231531,1206.7423858107684,1208.0957161672432,1208.0957161672432,4948473,1213.432930604848,1216.6248372428133,1200.791007233937,1209.600629591326,1217.647366137126,1,1,0,1,0,0,INFY
2015-07-10,1205.4750814194886,1206.564148326186,1203.4533864698426,1204.6193749066724,1204.6193749066724,3919432,1213.2145599421888,1216.7807391872416,1200.818951523519,1208.4867541095282,1217.5844019369404,1,0,0,0,0,0,INFY
2015-07-13,1206.2319224430955,1207.7003696558083,1204.5685441691296,1206.427794624713,1206.427794624713,1554948,1212.8486606502588,1216.8379454987003,1200.8595953141075,1207.4279096548494,1217.5727114096671,1,0,0,1,0,0,INFY
2015-07-14,1209.1761489915923,1209.6446425972897,1208.62263424744,1208.395053899526,1208.395053899526,1088801,1212.6463808174008,1216.910199521743,1200.9138072463768,1206.1768124079774,1217.5999269964602,1,0,0,1,0,0,INFY
2015-07-15,1199.8045215332804,1202.766498767808,1195.0430883694312,1202.445171808311,1202.445171808311,4620254,1212.2727389718093,1216.8891615972964,1200.9247455646762,1205.4503357699145,1217.5667587472358,1,1,0,0,0,0,INFY
2015-07-16,1196.5644346248062,1196.8343713118054,1195.8034532359727,1196.3095622039957,1196.3095622039957,1034867,1211.2221453360937,1216.771867721596,1200.892013767792,1204.839296869588,1217.4461620346276,1,0,0,0,0,0,INFY
2015-07-17,1193.6168696000314,1194.12753325746,1192.69197051593,1193.3413700749682,1193.3413700749682,2641666,1210.1235932737948,1216.5718637235254,1200.8388402206592,1203.4500971081009,1217.315867863669,1,1,0,0,0,0,INFY
2015-07-20,1188.426956003187,1189.020836584097,1187.2377499670813,1188.2442443416342,1188.2442443416342,4273476,1208.7000680251545,1216.3336094756685,1200.7507661236034,1201.630223958525,1217.1168643601354,1,1,0,0,0,0,INFY
2015-07-21,1188.9551909212178,1188.9939762544543,1188.369361899023,1188.1960802611995,1188.1960802611995,4110282,1206.8960981902974,1216.1066369178077,1200.6635808051144,1200.0600258626253,1216.930010142295,0,0,0,0,0,0,INFY
2015-07-22,1189.9556823349524,1190.9664381009436,1188.7365323440945,1191.77089846919,1191.77089846919,2402623,1205.0292779991773,1215.942113267421,1200.6022519614182,1198.7845266757454,1216.6919402515691,1,0,0,1,0,0,INFY
2015-07-23,1202.784052871086,1203.223743116799,1202.1797173864654,1201.8697999051071,1201.8697999051071,4509570,1203.881282320429,1215.8985568206147,1200.610933796649,1198.1619350495316,1216.5898389327901,1,1,0,1,0,0,INFY
2015-07-24,1210.9896743213094,1213.095296276027,1209.5651371977187,1209.931815895713,1209.931815895713,1136484,1203.589966628982,1215.9837866081,1200.674341157867,1198.6931791484355,1216.5678721463307,1,0,0,1,0,0,INFY
2015-07-27,1202.9749460570802,1203.7424316009194,1200.3633959270103,1202.9635677868005,1202.9635677868005,4184919,1202.8873330597469,1215.981212366602,1200.68980890536,1198.3467564646444,1216.4219552513719,1,1,0,0,0,0,INFY
2015-07-28,1207.908665999789,1208.644525005063,1206.9328225360432,1206.885608140629,1206.885608140629,4599593,1202.1863121483661,1216.0396556358696,1200.731391450563,1198.1958118887549,1216.3363958561636,0,1,0,1,0,0,INFY
2015-07-29,1202.6122752109893,1204.5934994920922,1196.055165328318,1201.3376072510528,1201.3376072510528,1011182,1201.7676956014716,1215.9360489730875,1200.735432889233,1198.085055433029,1216.1078172518398,1,0,0,0,0,0,INFY
2015-07-30,1195.0257969887218,1196.4130182473662,1193.866522160529,1195.339615155761,1195.339615155761,4468160,1201.4136787988966,1215.7587016773653,1200.6996989969584,1197.9880607282055,1215.8546312759795,1,1,0,0,0,0,INFY
2015-07-31,1196.9922844066707,1198.4590967754714,1195.075807394538,1196.4871221896174,1196.4871221896174,4239087,1200.8763665238855,1215.5700491437333,1200.6719846758576,1198.3026359396704,1215.5528971009594,0,0,0,1,0,0,INFY
2015-08-03,1206.59579679849,1208.1567545894015,1204.2733570426374,1206.0907588357054,1206.0907588357054,2179285,1200.8587556738014,1215.4723419428205,1200.7074015004316,1200.0872873890773,1215.3347535945043,1,0,0,1,0,0,INFY
2015-08-04,1208.017201292262,1210.9056825136204,1207.79804663431,1206.7029473165803,1206.7029473165803,1428396,1200.9989999786203,1215.3898467495123,1200.7463336161209,1201.9379740946156,1215.1569034182742,1,0,0,1,0,0,INFY
2015-08-05,1215.7276213681826,1216.439409106928,1215.7200578145798,1216.179527817906,1216.179527817906,3200586,1201.5816818526164,1215.3610783150446,1200.845902610971,1204.3788370294874,1215.0749127425156,1,1,0,1,0,0,INFY
2015-08-06,1218.770841701872,1220.616505857249,1215.4459176845794,1217.8437885695882,1217.8437885695882,1238263,1202.0690854727334,1215.4050186303484,1200.9548634183982,1205.9762358959354,1215.0438643592624,1,0,0,1,0,0,INFY
2015-08-07,1224.725070954389,1227.2382457350966,1222.6118154509084,1225.3440943114765,1225.3440943114765,2919365,1203.1053214429737,1215.4828549927902,1201.1102088380994,1207.5174637375117,1215.104267039613,1,1,0,1,0,0,INFY
2015-08-10,1229.7837870153223,1230.9579567261826,1227.178294081543,1229.145391066454,1229.145391066454,3237486,1204.2412012650607,1215.5665283583728,1201.287646700304,1210.1356460654772,1215.0870458401773,1,1,0,1,0,0,INFY
2015-08-11,1226.9074284341978,1227.3014060857972,1226.2583890519695,1227.2712781786363,1227.2712781786363,3442843,1205.1850124790165,1215.656897953933,1201.4510657662056,1212.1742130692778,1215.0023974640192,0,1,0,0,0,0,INFY
2015-08-12,1222.5561687893555,1224.3177094310622,1221.8175016533507,1224.08204703418,1224.08204703418,3976764,1206.2668562403098,1215.6788131856124,1201.5925093991304,1214.4486570475906,1214.8953875761267,1,1,0,0,0,0,INFY
2015-08-13,1222.8348818168024,1224.0011435981828,1221.7681310918035,1222.997896081405,1222.997896081405,3064055,1207.6012729341803,1215.7141316702105,1201.7254621114428,1217.214485140155,1214.7872710468516,1,0,0,0,0,0,INFY
2015-08-14,1217.0278290950748,1220.053844957748,1215.7113416999755,1217.2629417112698,1217.2629417112698,2179570,1208.7973515159952,1215.6697447755364,1201.821372479343,1219.2920670923202,1214.5947681639511,1,0,0,0,0,0,INFY
2015-08-17,1213.1919306356092,1216.220253170962,1212.3904381588975,1213.33070614959,1213.33070614959,2233025,1210.0516746063931,1215.4559163396048,1201.8919818883628,1220.0160618237087,1214.3931812917203,0,1,0,0,0,0,INFY
2015-08-18,1215.376581838162,1219.1579145390451,1214.230480179805,1217.3128227772704,1217.3128227772704,1231490,1211.5075117321967,1215.2520777944394,1201.986011405978,1221.0770493697778,1214.3088845600616,1,0,0,1,0,0,INFY
2015-08-19,1223.8508379470936,1225.3987159506864,1222.043665701983,1221.959272151176,1221.959272151176,3726595,1213.016930416296,1215.1252213385028,1202.1070614711005,1221.6550238031045,1214.2707320017087,1,1,0,1,0,0,INFY
2015-08-20,1218.6565604371233,1218.9253024197144,1217.894382706251,1218.963480844799,1218.963480844799,3036895,1213.8716144632806,1214.9734319018496,1202.2086061661228,1221.7669930306258,1214.257072750351,1,0,0,0,0,0,INFY
2015-08-21,1217.6512459167654,1217.9845095299238,1217.0404414281006,1217.9794898918526,1217.9794898918526,4233757,1214.2739981630875,1214.8019173013877,1202.303042595618,1221.0305325886634,1214.2500178261373,1,1,0,0,0,0,INFY
2015-08-24,1208.853434384861,1210.927588413522,1208.53573618956,1210.2712934218218,1210.2712934218218,1931660,1214.6393844448387,1214.5746869495745,1202.3504726600597,1219.1431228242002,1214.2373917406467,1,0,0,0,0,0,INFY
2015-08-25,1208.4980395647945,1209.228711885453,1208.2868772933214,1206.844845121706,1206.844845121706,3034642,1214.6373462938923,1214.36480904295,1202.3770665799511,1217.1004795185072,1214.076694839049,1,1,0,0,0,0,INFY
2015-08-26,1207.1122620766448,1208.7125274141372,1204.6520622762157,1206.9493250101818,1206.9493250101818,4732046,1214.917932181849,1214.1414166802315,1202.403962217776,1215.3872073161072,1214.0968131737031,1,1,0,1,0,0,INFY
2015-08-27,1207.34633550972,1207.7858753250848,1204.127860129884,1206.147696613401,1206.147696613401,2349087,1215.458336254731,1213.968413829191,1202.4258554013763,1213.702187369307,1213.9718139145664,1,0,0,0,0,0,INFY
2015-08-28,1202.2551044590218,1203.9862813290863,1202.026458728402,1202.794555736947,1202.794555736947,3039129,1215.7737079320973,1213.7719881608045,1202.4279990079783,1212.2553487718747,1213.8010858835632,1,1,0,0,0,0,INFY
2015-08-31,1207.125087693138,1208.9273570151788,1203.737171396362,1207.457562289254,1207.457562289254,3525427,1215.8420481047747,1213.7249795664998,1202.4570716281014,1211.668034385841,1213.5766936494963,1,1,0,1,0,0,INFY
2015-09-01,1209.3308670943131,1212.2097850007406,1207.840162017038,1207.8313435101988,1207.8313435101988,4700324,1215.8984679144558,1213.586657451108,1202.4879582481135,1210.719886459134,1213.3026470829052,1,1,0,1,0,0,INFY
2015-09-02,1214.3948099431009,1218.0445045062202,1212.6171298785102,1214.879064338052,1214.879064338052,4302907,1215.833444740463,1213.7046401314446,1202.5587645686273,1210.0118656778213,1213.0975382177028,0,0,0,1,0,0,INFY
2015-09-03,1209.4567453132136,1210.8067799982769,1207.6002993630757,1209.2620280764588,1209.2620280764588,1623017,1215.4043567158064,1213.6263824692926,1202.5968512931036,1209.0417204009875,1212.7996243946545,1,0,0,0,0,0,INFY
2015-09-04,1213.032904841548,1214.402981099228,1211.4237682030505,1213.0202394787848,1213.0202394787848,2986234,1214.788163974172,1213.5941459869998,1202.6557404918929,1208.5457953596806,1212.4707059918126,1,1,0,1,0,0,INFY
2015-09-07,1214.346174164868,1217.0812605955175,1213.756048253044,1213.4516245768768,1213.4516245768768,1002189,1214.0034756496932,1213.4587040461574,1202.716391526078,1208.863828475186,1212.169666020891,1,0,0,1,0,0,INFY
2015-09-08,1210.2130840762622,1213.187910187355,1210.170506719415,1210.2461784125874,1210.2461784125874,2449397,1213.1522206613906,1213.231970826258,1202.7584573746062,1209.203961804274,1211.845021417636,1,1,0,0,0,0,INFY
2015-09-09,1213.6014246405282,1214.8962873267844,1209.6514555071828,1213.679304561723,1213.679304561723,1328057,1212.6320835377678,1213.0246842679267,1202.819128747868,1209.8769597594285,1211.6633695104094,1,0,0,1,0,0,INFY
2015-09-10,1209.0287097148637,1209.0785574235028,1208.3183293577824,1209.7937601682806,1209.7937601682806,1932153,1211.9718767421116,1212.7520367099667,1202.8576626231188,1210.2415661149164,1211.4781022134969,1,1,0,0,0,0,INFY
2015-09-11,1214.7888609174302,1219.0806368839128,1212.2165903026084,1213.0850785799807,1213.0850785799807,1133072,1211.7629835855473,1212.4444861960676,1202.9138572162883,1211.2706183992198,1211.2985539640522,1,0,0,1,0,0,INFY
2015-09-14,1215.248816007908,1215.6379940477625,1214.203099066793,1216.027528470359,1216.027528470359,2198924,1211.8978247015855,1212.1944600219972,1202.9855166220484,1212.1276150173303,1211.2396774299787,1,1,0,1,0,0,INFY
2015-09-15,1212.876815731875,1212.9869781168768,1211.2579610871464,1213.4150427261134,1213.4150427261134,4867778,1211.7029356990276,1211.9297165103644,1203.0421988291355,1212.6859849389216,1211.1878543001176,1,1,0,0,0,0,INFY
2015-09-16,1213.071437072362,1215.8763167039483,1211.58054616701,1212.169508668095,1212.169508668095,2854276,1211.2134475248736,1211.7405453986694,1203.0915356390758,1212.4150293719258,1211.1584974192488,1,0,0,0,0,0,INFY
2015-09-17,1220.4792146188436,1223.9121890784545,1219.856871126009,1219.7812238042234,1219.7812238042234,1633180,1211.2543346728448,1211.6917006032631,1203.1812651453401,1213.4669489447024,1211.1573858704228,1,0,0,1,0,0,INFY
2015-09-18,1226.157245036375,1230.0733849235917,1222.27360205605,1225.8496143080863,1225.8496143080863,4788570,1211.6478408936566,1211.68293081601,1203.3024862638576,1214.7498864276326,1211.2425649212475,1,1,0,1,0,0,INFY
2015-09-21,1228.341632786967,1230.8926208735477,1226.7795287959684,1227.8176339521897,1227.8176339521897,4484192,1212.525157920175,1211.7751103838389,1203.432885985604,1216.1864873651639,1211.3041882426453,0,0,0,1,0,0,INFY
2015-09-22,1219.2570924357312,1221.21321528387,1217.1569796291735,1219.8690478222118,1219.8690478222118,2900292,1213.1763680552003,1211.8072012632954,1203.5198498048453,1217.1487743061264,1211.3753412361607,1,0,0,0,0,0,INFY
2015-09-23,1222.357482335014,1225.8534056662968,1219.4622679268257,1221.784317386757,1221.784317386757,4774101,1213.918117674029,1211.899864296464,1203.6159785815921,1217.9592755886297,1211.502400621688,1,1,0,1,0,0,INFY
2015-09-24,1231.3491032541774,1231.76319425879,1231.081794817593,1233.4335581371,1233.4335581371,1376683,1215.282410750214,1212.0694763986007,1203.7720915635582,1220.3232553855116,1211.7540148922817,1,0,0,1,0,0,INFY
2015-09-25,1232.0945018670757,1234.5415864067334,1230.5700355789102,1232.2570081804645,1232.2570081804645,3689220,1216.75553337239,1212.2294241821535,1203.9204505042712,1222.2404483455598,1212.0642844925565,1,1,0,0,0,0,INFY
2015-09-28,1241.741480406864,1242.0343468008284,1239.3359472159746,1242.0591867529597,1242.0591867529597,1799659,1218.485614595575,1212.4652154559735,1204.1180605366478,1224.84361417382,1212.4417965764185,1,0,0,1,0,0,INFY
2015-09-29,1244.0568046290186,1247.5807194538454,1242.4368887663406,1244.600339830232,1244.600339830232,4651443,1220.3240644115767,1212.8410625374947,1204.3267320793982,1227.9621438842319,1212.870592433399,1,1,0,1,0,0,INFY
2015-09-30,1241.373523853043,1241.8150995836584,1238.6597272069946,1241.558179495475,1241.558179495475,2870666,1221.658020169448,1213.2073539877852,1204.517662578968,1230.90101096697,1213.2924613770701,1,0,0,0,0,0,INFY
2015-10-01,1233.2960542538317,1236.1729908693044,1233.053784026146,1232.3631841233553,1232.3631841233553,2697496,1222.8130779717928,1213.429862691295,1204.6597315664392,1232.159206998883,1213.4930180331376,0,0,0,0,0,0,INFY
2015-10-02,1229.9233972247573,1230.5099432321845,1229.4568076539338,1231.4173645789588,1231.4173645789588,1189129,1223.7329342268015,1213.7102448965338,1204.795557114726,1232.7159820259703,1213.707750743244,1,0,0,0,0,0,INFY
2015-10-05,1234.0634014334637,1234.9606382749373,1233.1366400422096,1235.124156873345,1235.124156873345,4508832,1224.8165608416248,1213.9774746016594,1204.9487318609818,1233.446634318086,1213.9532095106965,1,1,0,1,0,0,INFY
2015-10-06,1229.2076001132434,1229.6988004752502,1227.7994464723497,1229.2367259239631,1229.2367259239631,2795348,1225.7660882171936,1214.1874255437501,1205.0707820824039,1234.383402128261,1214.0193594969046,1,0,0,0,0,0,INFY
2015-10-07,1226.2570541848409,1227.1190397613118,1225.5566289223534,1225.2644787096372,1225.2644787096372,4234603,1226.3453469245894,1214.379256418619,1205.17175056554,1234.7314182605492,1213.9681218491453,1,1,0,0,0,0,INFY
2015-10-08,1226.3907762837243,1228.6788270567804,1226.0466827164366,1225.9759485259187,1225.9759485259187,4635945,1227.1544563424713,1214.4874378387144,1205.2752540379797,1233.9856572994308,1213.9834049830897,0,1,0,1,0,0,INFY
2015-10-09,1229.099649374043,1230.17486096885,1226.2070234675198,1229.6296132730902,1229.6296132730902,3454310,1227.9816830771267,1214.666402863116,1205.395820172807,1233.7229178086934,1214.1683580970691,1,0,0,1,0,0,INFY
2015-10-12,1239.7781969395878,1241.2846666611806,1239.1857047016065,1242.1933763098205,1242.1933763098205,2555525,1229.2899754691,1214.9848857005584,1205.5770889222504,1233.7363367643798,1214.5040532589132,1,0,0,1,0,0,INFY
2015-10-13,1244.094324677379,1245.7887143558294,1241.4225814015492,1244.7718573131708,1244.7718573131708,2538934,1230.8578161984528,1215.2410904549938,1205.769220139853,1233.7534885126736,1214.822264338179,0,0,0,1,0,0,INFY
2015-10-14,1244.0655872277732,1244.9567775093003,1241.199569723229,1242.3255675853875,1242.3255675853875,4667532,1232.3656191443174,1215.406318771166,1205.9475437859287,1233.8302273216646,1215.2571393967985,1,1,0,0,0,0,INFY
2015-10-15,1250.7688172473518,1251.5518342036262,1250.5964442682491,1251.9816836283742,1251.9816836283742,4302020,1233.9756421355248,1215.7457183980198,1206.171010484193,1235.7920772721668,1215.9179624957465,0,0,0,1,0,0,INFY
2015-10-16,1251.919028086251,1252.3222985582213,1251.0830187837546,1251.690541815544,1251.690541815544,1995164,1235.2676885108976,1216.1948735491558,1206.3909116017358,1237.8193949958252,1216.5107248174224,1,0,0,0,0,0,INFY
2015-10-19,1250.299137346154,1252.5867634229637,1245.4334885422115,1250.353137702038,1250.353137702038,4304158,1236.3944636983902,1216.6115847807876,1206.6022684579873,1239.3422930786942,1217.0961936422846,1,1,0,0,0,0,INFY
2015-10-20,1240.519260202209,1240.544540503077,1239.665503769946,1239.9120422222986,1239.9120422222986,3414362,1237.3966134183945,1216.8491599789634,1206.7616453659505,1240.409824708528,1217.5763800556458,1,0,0,0,0,0,INFY
2015-10-21,1238.4156545237247,1239.1296157854383,1237.145896561684,1238.988308882292,1238.988308882292,1450599,1238.2568129931713,1217.2151396126303,1206.9151056684093,1241.7822077257933,1218.03587896957,1,0,0,0,0,0,INFY
2015-10-22,1232.4811115881537,1233.7185083167058,1230.678491860731,1230.3303297897307,1230.3303297897307,1760054,1238.1016515758029,1217.5640193449112,1207.0260782945766,1242.2176458521747,1218.3323404845364,1,1,0,0,0,0,INFY
2015-10-23,1233.5777038153424,1234.0567102741145,1230.5262211855568,1232.03432634064,1232.03432634064,3844699,1238.0905174838115,1217.8740313280462,1207.1440417287563,1242.4581171589298,1218.6978731703227,1,1,0,1,0,0,INFY
2015-10-26,1240.636254173482,1241.494293893005,1240.6237402554202,1238.5992084683824,1238.5992084683824,1672843,1237.9175185695826,1218.2759842359335,1207.2917185679094,1242.0987003747857,1219.126825354905,1,0,0,1,0,0,INFY
2015-10-27,1242.8457410051096,1244.2336688870653,1241.6955145522106,1243.2000792919384,1243.2000792919384,4422351,1237.8475055426682,1218.7672594618302,1207.459514646059,1241.9415225726627,1219.590892360137,1,1,0,1,0,0,INFY
2015-10-28,1242.067659310092,1242.5722936599327,1239.3905027635649,1242.5964852384366,1242.5964852384366,4064645,1237.899420829816,1219.243141898086,1207.6229424162561,1241.9686143379677,1220.126243205872,0,0,0,0,0,0,INFY
2015-10-29,1244.3630518008829,1245.9181509251891,1242.7895190308177,1244.827753135177,1244.827753135177,3930931,1238.5226492804072,1219.702292360185,1207.7951869103251,1241.2532212886476,1220.7731524182877,0,0,0,1,0,0,INFY
2015-10-30,1259.053107049683,1259.9871484518158,1256.4404079521069,1257.210559980486,1257.210559980486,3889767,1239.8123090504837,1220.3596821736078,1208.0229075235518,1241.805223105142,1221.624741617028,0,0,0,1,0,0,INFY
2015-11-02,1258.421456708602,1263.2853009236276,1257.3036725201562,1258.980417113847,1258.980417113847,2304657,1241.0051220625087,1221.016589954722,1208.2566575675437,1242.667951046323,1222.5678905873242,1,0,0,1,0,0,INFY
2015-11-03,1258.1415365206992,1259.1364451142383,1257.9478222981663,1257.324851293657,1257.324851293657,1481486,1242.4095283309932,1221.6282124221484,1208.4807132466588,1244.4092319534589,1223.4896075344236,1,0,0,0,0,0,INFY
2015-11-04,1252.0824233580292,1253.1855006011715,1251.6857544278855,1252.743757487695,1252.743757487695,3486038,1243.7834922698962,1222.2569447431408,1208.6819089022997,1245.784776813999,1224.3025789880037,1,1,0,0,0,0,INFY
2015-11-05,1246.270150406223,1246.388778853897,1245.116698917537,1246.7116734128565,1246.7116734128565,4283244,1244.820278514243,1222.8869711332513,1208.8539892847004,1247.4229111763118,1224.9004706347735,1,1,0,0,0,0,INFY
2015-11-06,1238.5003840167526,1239.7849718483708,1237.11201363878,1237.966203238863,1237.966203238863,2772325,1245.2371080125317,1223.4447815478002,1208.985125383593,1248.016098866134,1225.274262466016,1,0,0,0,0,0,INFY
2015-11-09,1235.0596650226937,1235.5561221328912,1232.4718618731,1234.7251495056596,1234.7251495056596,4765645,1244.8636966723238,1224.0257928623505,1209.1005515007323,1247.6286929698615,1225.6977502222671,1,1,0,0,0,0,INFY
2015-11-10,1230.6400132627627,1231.986134254001,1230.1856721084737,1229.9394196949677,1229.9394196949677,3735140,1244.1220747914135,1224.5475846052727,1209.1935821623138,1246.3026270101645,1226.005134376325,1,0,0,0,0,0,INFY
2015-11-11,1230.4240561332365,1232.3123325304578,1229.9751950232126,1230.5372281417594,1230.5372281417594,1740582,1243.532657819232,1225.0321637261798,1209.2884428111113,1245.0967013004968,1226.3944626548678,1,0,0,1,0,0,INFY
2015-11-12,1231.9595386762264,1234.9071017959216,1229.8215464922334,1232.5598628437187,1232.5598628437187,2648872,1242.5615667799996,1225.4157895129124,1209.3914136962112,1243.869912271351,1226.8907326240405,1,1,0,1,0,0,INFY
2015-11-13,1238.4126441290755,1239.7928099400222,1238.0340766314712,1237.9639771232794,1237.9639771232794,4727584,1241.8752385453863,1225.7661915282572,1209.5172840196788,1241.9452539856302,1227.4437573564894,1,1,0,1,0,0,INFY
2015-11-16,1229.9698866706497,1234.7660708445658,1228.4351553474903,1230.9703304781376,1230.9703304781376,1944251,1240.906098184191,1226.1162760618986,1209.611376328707,1239.1442453220593,1227.7754849783885,1,0,0,0,0,0,INFY
2015-11-17,1227.360806777029,1231.2444408653205,1226.8577597378685,1227.596824754476,1227.596824754476,3302115,1240.2903373108,1226.3751662695718,1209.689915404802,1236.1714426681415,1228.0540700108936,1,1,0,0,0,0,INFY
2015-11-18,1230.50304448448,1235.973046327721,1229.7651414386526,1229.994198670454,1229.994198670454,2266248,1239.8406318002083,1226.7333736623143,1209.7781948972613,1233.8964867864172,1228.238265622261,1,0,0,1,0,0,INFY
2015-11-19,1242.8465804504683,1244.1328309689025,1242.369130926546,1242.848633494546,1242.848633494546,3570383,1240.4665469854488,1227.3272363915491,1209.921356969111,1233.510182794586,1228.5716635545937,1,1,0,1,0,0,INFY
2015-11-20,1241.7353924618665,1241.854349661933,1240.539659370568,1242.836511358612,1242.836511358612,2742362,1241.0066562363475,1227.9066037561618,1210.063232634583,1233.997213606561,1228.804895781889,1,0,0,0,0,0,INFY
2015-11-23,1231.1855329700834,1232.500730017457,1228.1722145406632,1230.778142331229,1230.778142331229,2496101,1240.6156029294898,1228.2151960498556,1210.1521378264142,1233.602512889118,1228.8266657987526,0,0,0,0,0,0,INFY
2015-11-24,1222.6932682329198,1223.6525591093975,1219.8287025465802,1224.0967871386338,1224.0967871386338,3441472,1239.6604383218246,1228.432619047631,1210.2117303448424,1233.0182496334844,1228.7843392515524,1,1,0,0,0,0,INFY
2015-11-25,1227.668518248312,1229.310175708654,1225.694087808683,1227.1778693260892,1227.1778693260892,4061133,1238.8895075262074,1228.5700983164836,1210.2839266809328,1232.6823137519175,1228.8256168821115,1,1,0,1,0,0,INFY
2015-11-26,1222.2930624083567,1226.348753690507,1219.816607508268,1221.6749698677052,1221.6749698677052,2928059,1237.7318683628337,1228.6179880827099,1210.33219381308,1231.5938244543163,1228.8079778659287,1,0,0,0,0,0,INFY
2015-11-27,1219.5184618401763,1219.8160455588868,1218.0897102738843,1219.9104485120038,1219.9104485120038,4248168,1235.8668627894097,1228.5500675102166,1210.3726083898687,1229.7884715931887,1228.843277956605,1,1,0,0,0,0,INFY
2015-11-30,1216.3896722920274,1219.020497570438,1216.2351538766936,1217.014184843925,1217.014184843925,4630312,1233.7685511759132,1228.398427432435,1210.4005141732891,1228.3928570297674,1228.892391005863,0,1,0,0,0,0,INFY
2015-12-01,1211.653260408381,1213.6399332001624,1211.097510775378,1210.7298902392909,1210.7298902392909,3892595,1231.4388031231952,1228.1916600831933,1210.4018923158249,1226.7061635782488,1228.8046185720232,1,0,0,0,0,0,INFY
2015-12-02,1211.9954400746817,1212.9892891218572,1211.5251972116023,1210.5048944265948,1210.5048944265948,1301063,1229.32685997014,1228.0219456755983,1210.4023214912863,1224.757233153863,1228.6518935356955,1,0,0,0,0,0,INFY
2015-12-03,1214.641407346639,1218.8014883513686,1212.1873785891023,1214.5433609758002,1214.5433609758002,4403807,1227.7184443482872,1227.9162639867784,1210.4195042277368,1221.9267059019883,1228.5929586041088,1,1,0,1,0,0,INFY
2015-12-04,1208.5892680989302,1211.0418566202711,1208.202942757261,1208.9214327585198,1208.9214327585198,3658253,1226.2662058242702,1227.8119951248689,1210.4133138497646,1218.5351980419794,1228.4721845089978,1,0,0,0,0,0,INFY
2015-12-07,1200.3118614357195,1201.0848934045275,1199.316605586248,1200.0106967630988,1200.0106967630988,3125014,1224.530483187142,1227.6454950075379,1210.3705047259514,1215.458453485166,1228.335376553548,1,0,0,0,0,0,INFY
2015-12-08,1204.9646052928003,1208.150432079104,1201.2719539486768,1206.9565844485878,1206.9565844485878,3366144,1223.381341424823,1227.5160420284294,1210.3565132494048,1213.7444332161617,1228.3368664112397,0,1,0,1,0,0,INFY
2015-12-09,1213.2945678436447,1217.3275482658305,1209.0571752956178,1211.6715569225337,1211.6715569225337,1582868,1222.4380578638616,1227.3874455880714,1210.361880774601,1212.193801975806,1228.3998295034046,1,0,0,1,0,0,INFY
2015-12-10,1208.2539230321397,1210.2338613740455,1207.5090303831605,1208.0073315919194,1208.0073315919194,2391188,1221.210431301272,1227.2504937224103,1210.3523094364602,1210.8270381482275,1228.4246246364514,1,1,0,0,0,0,INFY
2015-12-11,1212.4260895484351,1212.853725378552,1209.330467872081,1212.4463941801075,1212.4463941801075,1612036,1219.9345521541131,1227.1813300260135,1210.3607875123453,1210.0806327150378,1228.5533158156936,1,0,0,1,0,0,INFY
2015-12-14,1217.073855830665,1218.3430998110157,1215.074687209624,1215.4671523924535,1215.4671523924535,4639851,1219.159393249829,1227.2462782631462,1210.3813776933137,1209.9259294698907,1228.6601103504029,1,1,0,1,0,0,INFY
2015-12-15,1215.8566533975998,1218.988545163936,1213.9476821702383,1214.0575043427789,1214.0575043427789,1022070,1218.482427229244,1227.3364365034097,1210.3961412541546,1210.2586908802396,1228.7431258281706,1,0,0,0,0,0,INFY
2015-12-16,1212.213759447529,1213.1234249357972,1211.112168646271,1212.847101166302,1212.847101166302,4834558,1217.6250723540365,1227.4101587053613,1210.4059450938034,1210.4929115542102,1228.7160329858807,1,1,0,0,0,0,INFY
2015-12-17,1211.1411515996745,1212.2900167304665,1208.8960149928084,1211.13425660419,1211.13425660419,4236068,1216.0393535095186,1227.4724907052462,1210.408846733287,1210.1520011170492,1228.7409960329169,1,0,0,0,0,0,INFY
2015-12-18,1209.0467530647934,1211.65352318264,1208.0314546560687,1209.6250240199104,1209.6250240199104,4600131,1214.3787791425837,1227.557871558783,1210.405736325694,1210.2223602431882,1228.6957264934654,0,1,0,0,0,0,INFY
2015-12-21,1216.5922735139466,1218.211341144768,1212.5718257298124,1217.7355395843128,1217.7355395843128,1155575,1213.7266490052377,1227.6863462749714,1210.434707880076,1211.9948445253096,1228.7528453602313,1,0,0,1,0,0,INFY
2015-12-22,1225.7381091950665,1228.5594257702385,1224.4606336629397,1228.189363085179,1228.189363085179,4494503,1213.931277802565,1227.9408215196586,1210.5046080974191,1214.1181223889687,1228.9920878225325,1,1,0,1,0,0,INFY
2015-12-23,1236.35784975737,1238.4266837065477,1236.1280676040135,1234.779394184884,1234.779394184884,2420901,1214.3113540455047,1228.189575642744,1210.5998033369776,1216.4289061152037,1229.2734223508412,1,0,0,1,0,0,INFY
2015-12-24,1227.0939798656475,1228.7109983790392,1224.948918743628,1229.4018232032367,1229.4018232032367,2069126,1214.6976967122814,1228.4413230818286,1210.6732487270804,1218.5683552763355,1229.5348631913073,1,0,0,0,0,0,INFY
2015-12-25,1231.3836900972572,1232.412520791138,1229.6844729593297,1230.6976077747177,1230.6976077747177,2265054,1215.237054675417,1228.662290185528,1210.75116452104,1220.3934766357966,1229.7696969139038,0,1,0,1,0,0,INFY
2015-12-28,1231.3783644037755,1232.8477984495566,1229.1002515318892,1230.928703708183,1230.928703708183,1289146,1215.93278061863,1228.8807536746694,1210.8293720372692,1221.9396317673695,1229.9683792504081,1,0,0,1,0,0,INFY
2015-12-29,1225.3394093199067,1227.6261290937157,1222.487433396489,1226.1720407989235,1226.1720407989235,2715742,1216.7048881466117,1229.0798269544985,1210.888610140596,1223.151085412984,1230.1384725580456,1,1,0,0,0,0,INFY
2015-12-30,1221.677697887753,1222.61729129262,1219.884958760249,1223.887646909971,1223.887646909971,4244445,1217.3740257707805,1229.2074312338516,1210.9386064358628,1224.2551399873507,1230.2947144012705,1,1,0,0,0,0,INFY
2015-12-31,1226.4755605949763,1229.6154677800348,1226.121941730938,1226.152063085745,1226.152063085745,4438587,1217.9544608762776,1229.41191002032,1211.017597540763,1225.7569206355063,1230.3796589250242,0,1,0,1,0,0,INFY
2016-01-01,1219.7190025636228,1223.784900525291,1219.239997977086,1221.138271187565,1221.138271187565,1981171,1218.56530279773,1229.5125749279146,1211.0870372773657,1226.908245352272,1230.3168410167505,1,0,0,0,0,0,INFY
2016-01-04,1226.5900139231896,1229.6797117248168,1223.1126993735008,1225.9682907205813,1225.9682907205813,1736647,1219.8631824956042,1229.6368344560426,1211.187166074976,1227.7315204658985,1230.292183106996,1,0,0,1,0,0,INFY
2016-01-05,1228.2597372316416,1228.7421162910068,1227.61817833395,1229.7865431404423,1229.7865431404423,3392454,1221.004680430197,1229.8414782112216,1211.297958016034,1227.891238471425,1230.4244163779056,1,1,0,1,0,0,INFY
2016-01-06,1227.5800445886516,1228.8354901029163,1226.5504592744462,1226.9323714617556,1226.9323714617556,2751504,1221.767721157158,1230.0260139961424,1211.4216632294167,1227.106536199112,1230.4930570989056,1,0,0,0,0,0,INFY
2016-01-07,1230.2746811558015,1231.5248879346598,1227.8881765305416,1228.8223243212267,1228.8223243212267,4773893,1222.8084707936232,1230.1390277526048,1211.5576385474787,1227.048586310911,1230.4315739813605,1,1,0,1,0,0,INFY
2016-01-08,1234.798759034192,1236.5717326668976,1233.0629786946042,1235.5265751155043,1235.5265751155043,1424330,1223.9624798403931,1230.2599897626974,1211.7547336601203,1227.53148304499,1230.475168207161,1,0,0,1,0,0,INFY
2016-01-11,1238.574283666382,1240.9585125761846,1236.9449684309668,1240.0535275657844,1240.0535275657844,3843496,1225.1917985990597,1230.4129384328676,1211.9727195753994,1228.44396543075,1230.4484260846655,1,1,0,1,0,0,INFY
2016-01-12,1235.663600482245,1238.6657429917582,1234.4396341276197,1235.7954088335914,1235.7954088335914,2746069,1226.2786938236004,1230.6120179455097,1212.1902263131963,1229.4063022342166,1230.33102700471,1,0,0,0,0,0,INFY
2016-01-13,1238.3411783848676,1241.186488879797,1236.891880982355,1238.947743837668,1238.947743837668,1754688,1227.5837259571686,1230.8265607761462,1212.3987051065603,1230.9123119269864,1230.2962211959396,1,0,0,1,0,0,INFY
2016-01-14,1239.7040178804257,1242.2656005336569,1237.5909416424847,1240.3256792558018,1240.3256792558018,2177731,1229.0432970897493,1230.9127122901298,1212.61570626096,1232.3296735439922,1230.4023877977054,1,1,0,1,0,0,INFY
2016-01-15,1233.323989901137,1233.6936966020207,1232.984483191358,1234.5647936659657,1234.5647936659657,2488723,1230.290285572052,1230.9415596086988,1212.8197443385234,1233.6723257918322,1230.4443535188655,1,1,0,0,0,0,INFY
2016-01-18,1243.7806579224136,1245.3625090978817,1243.420380179029,1244.493650535398,1244.493650535398,4612678,1231.6281911196063,1230.971990405979,1213.0450589913921,1235.524861773314,1230.5692801010262,1,1,0,1,0,0,INFY
2016-01-19,1241.0318388630835,1243.0237540092658,1240.5947411184625,1242.3875226110702,1242.3875226110702,4290489,1232.3380990959008,1230.9443301907395,1213.2874939093697,1236.7849597203767,1230.7446240568543,0,0,0,0,0,0,INFY
2016-01-20,1251.7412216648436,1255.697331292832,1250.6300483326631,1253.819832158693,1253.819832158693,2007922,1233.2901209945912,1231.09760084903,1213.5777760716092,1239.4737057900702,1231.1253621028418,1,0,0,1,0,0,INFY
2016-01-21,1251.0154896173412,1251.5490413159737,1247.697446614187,1251.8201504727356,1251.8201504727356,2621066,1234.4110373580663,1231.340812928397,1213.8588787396654,1241.7734884052213,1231.4699514621325,1,1,0,0,0,0,INFY
2016-01-22,1246.8878268527574,1247.0858631177182,1245.7092985454235,1247.5097172489448,1247.5097172489448,2821839,1235.2516428317774,1231.541967336772,1214.123696580624,1242.971802618565,1231.7083528484773,0,1,0,0,0,0,INFY
2016-01-25,1243.649080544,1245.3358267103574,1243.1022023385524,1244.5340775199445,1244.5340775199445,2239645,1235.9319115223657,1231.6595913448543,1214.3632155249963,1243.4198576139813,1231.7395621979456,1,0,0,0,0,0,INFY
2016-01-26,1245.3488006983132,1246.3606597684868,1244.236962073972,1244.351156388812,1244.351156388812,2785078,1236.84086730186,1231.8485217256653,1214.620720795028,1244.2754323695033,1231.7339528522875,1,1,0,0,0,0,INFY
2016-01-27,1247.7337712018714,1248.8339272423414,1247.011380922729,1245.8057740303384,1245.8057740303384,4971839,1237.9367736578783,1232.1052879171739,1214.9208172865128,1244.9612353887703,1231.7803556048868,1,1,0,1,0,0,INFY
2016-01-28,1242.3058319038792,1243.6576159236072,1237.5203972695172,1242.3152579429643,1242.3152579429643,4234449,1238.7449334007395,1232.3095292848868,1215.2203054713855,1245.1601932574865,1231.6514699290813,1,0,0,0,0,0,INFY
2016-01-29,1247.1452819752226,1251.1443359535206,1247.1226907025798,1244.7101348842448,1244.7101348842448,3217648,1239.9235265855734,1232.4980358050263,1215.5389847944223,1246.1747273793146,1231.5583978366642,1,0,0,1,0,0,INFY
2016-02-01,1239.54526780701,1243.3733041584048,1236.6261215360748,1238.5856507500912,1238.5856507500912,3328568,1240.5543945870488,1232.4529392355296,1215.837807969003,1245.5839274007838,1231.401498010638,0,1,0,0,0,0,INFY
2016-02-02,1242.8798053868338,1243.3620693007367,1242.8679739988738,1243.0454111586748,1243.0454111586748,2734959,1241.2173379879603,1232.4313586585984,1216.094800661455,1245.6497162555445,1231.4432762631232,1,0,0,1,0,0,INFY
2016-02-03,1244.3932141081032,1245.3974244243846,1241.103173083028,1243.843047604224,1243.843047604224,1891459,1242.062871795084,1232.450327158834,1216.3334667348033,1244.6520378000973,1231.508006112749,1,0,0,1,0,0,INFY
2016-02-04,1250.0914415035295,1251.060102988208,1249.1867545253776,1250.872624331066,1250.872624331066,4427932,1243.165386795576,1232.4364639176176,1216.601347772185,1244.5572851859304,1231.7819033733,1,1,0,1,0,0,INFY
2016-02-05,1243.8100393089328,1244.107915331274,1241.6330661594411,1244.492831927951,1244.492831927951,2555205,1243.6136996361981,1232.3464925440226,1216.8477772704607,1244.2555966538312,1231.9480167811307,1,0,0,0,0,0,INFY
2016-02-08,1248.2606248846052,1250.5721930565958,1246.9216773182789,1248.4959099644493,1248.4959099644493,3830721,1244.0358187561314,1232.323277197303,1217.1278697322557,1244.6517798982818,1232.0799728010786,1,1,0,1,0,0,INFY
2016-02-09,1241.334540251289,1245.1989451485383,1238.9927519243065,1241.3240348672175,1241.3240348672175,3713770,1244.3122500578127,1232.3409271053642,1217.4015014806137,1244.349067746122,1232.0549588754154,0,0,0,0,0,0,INFY
2016-02-10,1234.7047356966807,1235.9707145253535,1232.906744176952,1235.6999218522812,1235.6999218522812,3845594,1244.1498589585433,1232.2998222674892,1217.673549029974,1243.3384825283165,1231.9630046969335,0,1,0,0,0,0,INFY
2016-02-11,1234.7164252568073,1237.8813814990738,1234.5278360686043,1235.033601762222,1235.033601762222,4676609,1243.8852550838644,1232.3586131671452,1217.9425721423574,1242.610316910242,1231.8324160119605,1,1,0,0,0,0,INFY
2016-02-12,1230.4917662659698,1231.973314942466,1227.297036833355,1230.096409567844,1230.096409567844,4518576,1243.6618358789583,1232.3343892074854,1218.1833000172358,1241.1489443786022,1231.4708940064588,0,0,0,0,0,0,INFY
2016-02-15,1235.0688661041895,1236.2390525332414,1232.4506325238187,1234.8822893968957,1234.8822893968957,1118590,1243.1812678220333,1232.2879277190918,1218.435493068604,1240.7786082432826,1231.1495856368995,1,0,0,1,0,0,INFY
2016-02-16,1238.5851169564737,1240.5228153638996,1237.0153401199657,1237.6523110147084,1237.6523110147084,3471570,1242.9445072422152,1232.2185806156263,1218.6685528871744,1240.239298228886,1230.8872850998468,1,1,0,1,0,0,INFY
2016-02-17,1232.2024466115793,1233.793779944638,1232.1978179764362,1232.5375890951234,1232.5375890951234,1766022,1241.8803950890367,1232.0928444138349,1218.877750081223,1239.1087523779759,1230.617869521279,1,0,0,0,0,0,INFY
2016-02-18,1226.9909635305369,1228.96553077795,1226.8540490904966,1226.2969791803976,1226.2969791803976,4979171,1240.6042365244198,1231.8612097394002,1219.0592039682222,1236.651187862909,1230.3456735981797,1,1,0,0,0,0,INFY
2016-02-19,1230.8707485745892,1233.599663904505,1229.725258281668,1229.7488083541052,1229.7488083541052,4818783,1239.7161910796779,1231.5179378440705,1219.2622742558929,1235.1767855055245,1230.2361083330495,0,0,0,1,0,0,INFY
2016-02-22,1231.815082143776,1232.2034104923464,1231.135171344783,1232.2884128543549,1232.2884128543549,1302700,1239.1039078463984,1231.1842877908268,1219.476299581648,1233.5560357945149,1230.2036185110321,1,0,0,1,0,0,INFY
2016-02-23,1230.6901876367497,1231.0756029971149,1227.4924764275888,1232.4693968766687,1232.4693968766687,2031528,1238.509819870791,1230.8735946106144,1219.6861685627855,1232.6705719954603,1230.2373515401214,1,1,0,1,0,0,INFY
2016-02-24,1216.8184155649058,1217.8060188118068,1216.1858721319911,1216.8926108947892,1216.8926108947892,1931169,1237.0641617140136,1230.4254552782031,1219.8606494648332,1230.789840899711,1230.055423310162,0,0,0,0,0,0,INFY
2016-02-25,1220.2989410885025,1223.2756380125093,1218.216062604025,1220.1405610923275,1220.1405610923275,3078938,1235.9554268714817,1230.0933163741965,1220.0522074949643,1229.3005368327215,1229.8898326201434,1,1,0,1,0,0,INFY
2016-02-26,1220.407194862176,1222.8543907786511,1219.061424869156,1220.766872068369,1220.766872068369,2815720,1234.758263730688,1229.8783247345652,1220.2012606417666,1228.3675830827738,1229.660537886078,0,0,0,1,0,0,INFY
2016-02-29,1216.913367794007,1218.892801546055,1216.7819582330435,1216.08645766191,1216.08645766191,4460387,1233.6333040762788,1229.6453410865183,1220.3729636537191,1226.4879999092755,1229.4620862485283,1,1,0,0,0,0,INFY
2016-03-01,1211.4435320087543,1213.198300676245,1211.196847532364,1210.95338923894,1210.95338923894,4109215,1232.0287029802923,1229.4080157058181,1220.5275759898745,1223.8181077316985,1229.2401737749876,0,0,0,0,0,0,INFY
2016-03-02,1214.633255511669,1217.1814178162788,1212.5228118350617,1213.4924728077615,1213.4924728077615,4117383,1230.511174240469,1229.1949562641432,1220.7128080350096,1221.9135961029624,1229.0201507634852,0,1,0,1,0,0,INFY
2016-03-03,1210.6370757771765,1214.3718153050384,1206.8960879155509,1211.3072011435172,1211.3072011435172,4573895,1228.5329030810915,1228.9292979928907,1220.8822925996417,1220.4146182992743,1228.5995983321382,1,1,0,0,0,0,INFY
2016-03-04,1209.963020316851,1213.9861791628994,1206.4946778852482,1209.5842876911845,1209.5842876911845,3514897,1226.7874758692533,1228.5745518749895,1221.0479565486519,1218.398166232982,1228.1562353499057,1,0,0,0,0,0,INFY
2016-03-07,1212.9254356182523,1214.7575603464254,1212.4024222838768,1213.236901222895,1213.236901222895,2741289,1225.0245254321758,1228.352884009299,1221.223054843962,1216.4930150698362,1227.9223521351278,1,0,0,1,0,0,INFY
2016-03-08,1212.1719787805985,1214.2083730511304,1211.834905118597,1213.8225384340988,1213.8225384340988,1845033,1223.6494506105196,1228.1807054302942,1221.4140589780866,1214.6283292255791,1227.785362152401,1,0,0,1,0,0,INFY
2016-03-09,1211.8073773888775,1213.0946444798217,1211.122692028967,1211.7880886194887,1211.7880886194887,1409731,1222.45385894888,1227.9531290546572,1221.5826639411464,1214.1178769980493,1227.5801650763128,1,0,0,0,0,0,INFY
2016-03-10,1207.0526395999625,1210.5230323121796,1206.7030577562546,1207.7691778951937,1207.7691778951937,3803201,1221.0906377555286,1227.5146358596653,1221.7001117449367,1212.880738678336,1227.3947545166793,1,1,0,0,0,0,INFY
2016-03-11,1210.9368333097434,1211.7548855375794,1210.8545664076316,1212.0477814222074,1212.0477814222074,3199985,1220.1882063482467,1227.1297767354602,1221.831553187959,1212.0088296137196,1227.289918955482,1,0,0,1,0,0,INFY
2016-03-14,1210.3686487146367,1211.876630389435,1209.2463733078805,1211.9851524986757,1211.9851524986757,4528072,1219.043349503336,1226.894864362553,1221.948946836039,1211.5986990973963,1227.2228651908788,1,1,0,0,0,0,INFY
2016-03-15,1208.149087455238,1210.5201020426657,1207.611149601995,1206.8329528179063,1206.8329528179063,2232493,1217.5023815934958,1226.6790664335442,1222.0249125686828,1211.186655455293,1227.1709060252601,1,0,0,0,0,0,INFY
2016-03-16,1211.0450979229074,1213.0375050791172,1209.5184511266225,1211.6102463445152,1211.6102463445152,2050655,1216.456014455965,1226.4844711462745,1222.1028903766805,1210.9984328089681,1227.1856440508327,0,0,0,1,0,0,INFY
2016-03-17,1206.9178486117482,1208.6861800199963,1206.857117731104,1209.1975354939068,1209.1975354939068,2271234,1215.6010422716408,1226.328503216602,1222.1811076647102,1210.7874662440072,1227.1143663777407,1,1,0,0,0,0,INFY
2016-03-18,1213.5671400619667,1214.097474961168,1211.3639149310388,1212.3731458205734,1212.3731458205734,4844533,1214.7322591449642,1226.234286932959,1222.2588996895877,1211.0663520569462,1227.160389218568,1,1,0,1,0,0,INFY
2016-03-21,1213.3680386965902,1214.7621498999715,1210.3151949630062,1212.7278268897817,1212.7278268897817,2815202,1213.7542298467356,1226.1807074585324,1222.3007325249023,1211.0154446236347,1227.3299509535905,1,0,0,1,0,0,INFY
2016-03-22,1202.0437047634082,1202.1333354243147,1199.287387505573,1201.528871714005,1201.528871714005,1027948,1212.2072035886024,1226.0656947269663,1222.2965561389713,1209.7860779516254,1227.2575814504626,1,0,0,0,0,0,INFY
2016-03-23,1206.59004287864,1207.8823004760472,1206.5023659719086,1204.455844953936,1204.455844953936,1224386,1211.5853652915598,1225.990081608558,1222.2978162897016,1209.0528535850701,1227.161371957548,1,1,0,1,0,0,INFY
2016-03-24,1208.4524761187936,1209.851987235429,1207.4261162936189,1208.1092464556111,1208.1092464556111,1565118,1210.9837995597238,1225.9096551770558,1222.307109267377,1209.0868604411119,1227.1627308223972,1,1,0,1,0,0,INFY
2016-03-25,1212.1812647213203,1213.9301216104263,1205.8342435148063,1211.8701091220214,1211.8701091220214,1821310,1210.5389614124065,1225.9465136315994,1222.316833956613,1209.0690932110933,1227.1550470216227,1,1,0,1,0,0,INFY
2016-03-28,1201.0346779495053,1201.4889577379458,1199.992358767279,1201.258316018153,1201.258316018153,4020673,1209.7975543302186,1225.9621088722874,1222.2935790791053,1207.996409563041,1226.9655958699655,1,1,0,0,0,0,INFY
2016-03-29,1202.1199163145643,1202.1430795503625,1201.1930184359342,1202.4169051065262,1202.4169051065262,4737135,1209.370730123598,1225.9053628805118,1222.2784368491687,1207.554804791903,1226.8103878801487,1,1,0,1,0,0,INFY
2016-03-30,1207.352794226921,1208.115948428752,1202.9194476260714,1206.2141394764094,1206.2141394764094,4832705,1209.0068134570304,1225.8371451624353,1222.283365114462,1207.0151941050924,1226.7219483909503,0,1,0,1,0,0,INFY
2016-03-31,1205.5837261103366,1206.870613167559,1205.041839043545,1206.8961085056296,1206.8961085056296,2053171,1208.786258825136,1225.8232548738565,1222.2892950869852,1206.7850514062648,1226.6654397496359,1,0,0,1,0,0,INFY
2016-04-01,1208.3220430235194,1209.6567103215305,1207.3265625075817,1208.7111753254749,1208.7111753254749,4782619,1208.7426032068504,1225.7765646381738,1222.3108248655565,1206.4188543567548,1226.653255100377,1,1,0,1,0,0,INFY
2016-04-04,1208.990887362461,1211.6128608980882,1208.6544333455852,1209.0627079985366,1209.0627079985366,3091724,1208.5338935456325,1225.6965090832498,1222.3334910228332,1206.0523424676303,1226.5376173459,1,0,0,1,0,0,INFY
2016-04-05,1202.6713333851578,1205.600176686319,1201.3823392442416,1202.7802805396936,1202.7802805396936,4683179,1207.9817806509122,1225.5555437857113,1222.3356838456814,1206.1774833501993,1226.1988295786266,1,1,0,0,0,0,INFY
2016-04-06,1204.5820417562963,1205.388917098329,1203.0120013368544,1203.6380570634387,1203.6380570634387,2388685,1207.57427907311,1225.4404307344253,1222.3126527564111,1206.0957045611494,1225.7836117503407,1,0,0,1,0,0,INFY
2016-04-07,1192.0407535569277,1192.5781279565692,1191.8120745648378,1192.9303808308732,1192.9303808308732,1373488,1206.8323392198938,1225.212882287259,1222.2488180718624,1204.5778179986758,1225.2973258520426,1,0,0,0,0,0,INFY
2016-04-08,1193.6388254481408,1195.2614444821716,1193.422082277582,1193.1708992013191,1193.1708992013191,4259188,1205.8884951088494,1225.0072057270265,1222.178016434636,1202.7078970066054,1224.7969697377305,1,1,0,1,0,0,INFY
2016-04-11,1191.3222556330763,1192.0720468384134,1189.1079164225368,1190.7836136638166,1190.7836136638166,3597932,1204.8284181671065,1224.6703066530204,1222.0890790452327,1201.6604267711718,1224.2617018704723,1,0,0,0,0,0,INFY
2016-04-12,1187.5069550733947,1191.4322781677608,1186.647075681419,1187.6439401916984,1187.6439401916984,3899283,1203.868967535796,1224.1634888668518,1221.9903920352729,1200.1831302796888,1223.7479938623762,0,1,0,0,0,0,INFY
2016-04-13,1189.0092455025824,1191.784053024943,1188.0432575433176,1189.6799714408978,1189.6799714408978,1962566,1202.7724537906151,1223.5997460825522,1221.879618838602,1198.5297134761379,1223.2918915227883,1,0,0,1,0,0,INFY
2016-04-14,1192.766670734545,1193.3664133419095,1191.2312561059014,1191.6442644215244,1191.6442644215244,2056897,1201.894790236996,1223.1277765977807,1221.792371535049,1197.0045290677274,1222.831787540599,0,1,0,1,0,0,INFY
2016-04-15,1187.1702303722348,1188.9120641920763,1186.5326281763284,1187.0194201094157,1187.0194201094157,4385088,1200.6271039514381,1222.5817992519644,1221.6689185919463,1194.8353535461215,1222.3768695262236,1,1,0,0,0,0,INFY
2016-04-18,1195.663568945866,1196.6440132643886,1194.7417080471678,1193.9928713002969,1193.9928713002969,4115870,1199.690356171964,1222.1201013468658,1221.559462243794,1193.3283698762975,1221.9505306006197,0,0,0,1,0,0,INFY
2016-04-19,1196.781762234809,1197.1008063880704,1194.1173758848977,1198.6209244125864,1198.6209244125864,3494113,1199.544958806893,1221.7757123920367,1221.4770746048664,1192.9124342635869,1221.5349890175817,1,0,0,1,0,0,INFY
2016-04-20,1195.8794413891865,1197.91666975476,1195.0500214276833,1196.6226572594112,1196.6226572594112,2735556,1199.1532994221666,1221.4349000214047,1221.3782047154803,1192.2108942831842,1221.1308594948837,1,0,0,0,0,0,INFY
2016-04-21,1191.6479190517584,1192.3614118339074,1191.3339850575774,1190.4592146877765,1190.4592146877765,3528215,1198.2707978337749,1220.98873941643,1221.2639231669193,1191.9637776688742,1220.6193513664375,1,1,0,0,0,0,INFY
2016-04-22,1188.6667145500348,1189.570099815297,1186.260725942495,1188.5920743366464,1188.5920743366464,3160317,1197.1068960945063,1220.5819119557934,1221.1399930940404,1191.5058951824071,1219.9935580227195,1,0,0,0,0,0,INFY
2016-04-25,1191.192374654696,1192.348889647745,1189.3937889118956,1192.1071540130474,1192.1071540130474,4238067,1196.6493379942508,1220.1586477469493,1220.9925706824595,1191.6382492173302,1219.3542730420165,1,1,0,1,0,0,INFY
2016-04-26,1189.2548715781818,1192.1666931337045,1187.564311061613,1190.1140403134664,1190.1140403134664,3359564,1196.034194754598,1219.662741461612,1220.825240428317,1191.885259229507,1218.7451881284148,1,0,0,0,0,0,INFY
2016-04-27,1186.6397114771778,1186.901481947715,1184.487827994996,1188.3134123030163,1188.3134123030163,3157756,1195.1391583959285,1219.1800044721278,1220.656800519382,1191.7486033157188,1218.0700637079526,0,0,0,0,0,0,INFY
2016-04-28,1186.8583890339485,1187.3261203041543,1186.1239534319136,1186.2863044847345,1186.2863044847345,1947449,1194.1086681948836,1218.6483042241716,1220.4844146297962,1191.2128073220397,1217.3495387110052,1,0,0,0,0,0,INFY
2016-04-29,1186.039182374231,1187.4388811217675,1185.1554328116024,1186.081968196307,1186.081968196307,3974976,1192.9772078384253,1218.0302466376818,1220.308958130825,1191.119062130729,1216.7031010380763,1,1,0,0,0,0,INFY
2016-05-02,1181.7425406948478,1183.6825605598133,1180.9756690273384,1183.4732978178645,1183.4732978178645,2236339,1191.6977373293917,1217.3229937658327,1220.1359718856365,1190.0671047824858,1215.8894963351759,1,0,0,0,0,0,INFY
2016-05-03,1180.8024413513135,1182.3648695948666,1180.1701592459913,1181.3209165277196,1181.3209165277196,4462107,1190.6247691287929,1216.6420626120093,1219.9732251120827,1188.3371039939989,1215.0752749207313,1,1,0,0,0,0,INFY
2016-05-04,1186.4752564303706,1187.0681307723155,1185.0992179727411,1185.8976720714109,1185.8976720714109,1014070,1189.7377498791914,1215.978936714931,1219.823521104559,1187.264605475199,1214.1696461195675,1,0,0,1,0,0,INFY
2016-05-05,1180.5984392267978,1182.7456914818074,1178.6773228586585,1180.1599196792206,1180.1599196792206,4035430,1189.099226821609,1215.226864720224,1219.6703364698765,1186.2346759743432,1213.214176375654,1,1,0,0,0,0,INFY
2016-05-06,1190.6244394737462,1196.015539458675,1189.363667453139,1190.7701090706037,1190.7701090706037,1809812,1188.979187315073,1214.6794311627818,1219.5636499308869,1186.452479447739,1212.4576482666093,1,0,0,1,0,0,INFY
2016-05-09,1188.918861586555,1190.2830311178636,1187.3513373289647,1189.7694571985196,1189.7694571985196,1364179,1188.9284794918083,1213.9953787460709,1219.481154574598,1186.2187097662863,1211.7274533289904,1,0,0,0,0,0,INFY
2016-05-10,1197.6114732155395,1200.6208830726157,1196.9658166356326,1197.5855772975224,1197.5855772975224,4610609,1189.4255613470993,1213.4353544296516,1219.3991871305827,1186.965863464692,1211.1039122744398,1,1,0,1,0,0,INFY
2016-05-11,1189.0821132656497,1190.2136312831408,1188.9185711746038,1190.0875898551474,1190.0875898551474,2313762,1189.445942267812,1212.6387014008574,1219.340137668829,1187.143281219905,1210.361003152104,1,0,0,0,0,0,INFY
2016-05-12,1186.0717578596136,1187.2296774459244,1183.149601120061,1184.4188147073817,1184.4188147073817,3144189,1189.0846697821048,1211.7961847037902,1219.2205075675163,1186.9565322421697,1209.5890505756297,1,1,0,0,0,0,INFY
2016-05-13,1173.296172669553,1173.6366543301665,1171.8948954882665,1173.784696605955,1173.784696605955,3447932,1188.4229336069318,1210.874621945753,1219.0596827157617,1185.7268050831344,1208.6433780652524,0,1,0,0,0,0,INFY
2016-05-16,1180.7694174855428,1181.4903529643673,1180.2661992780172,1181.180531526327,1181.180531526327,1979636,1187.7823166182332,1210.0827026208328,1218.8938886837695,1185.497528453981,1207.8779764756023,1,0,0,1,0,0,INFY
2016-05-17,1183.5801168902194,1184.8347635090445,1183.2852506721974,1184.200802371225,1184.200802371225,4814240,1187.0613105161651,1209.330823195613,1218.7239500928722,1185.7855170383314,1207.0933816917698,1,1,0,1,0,0,INFY
2016-05-18,1187.7906331602733,1189.0764100472652,1186.5164920500338,1185.934531603947,1185.934531603947,2807022,1186.526904233392,1208.582432665283,1218.553458948163,1185.789202991585,1206.321268145099,1,0,0,1,0,0,INFY
2016-05-19,1183.7524820106764,1184.2234621387718,1182.3992128517468,1183.5946614653326,1183.5946614653326,2139410,1186.1836765722696,1207.8484252093126,1218.3688016276258,1186.1326771701963,1205.4242286402227,1,0,0,0,0,0,INFY
2016-05-20,1180.1217408625166,1180.554291618848,1177.7715110570198,1179.2736214218282,1179.2736214218282,3595154,1185.717753926529,1207.0304687910325,1218.1441266342792,1184.9830284053185,1204.5546391668079,1,1,0,0,0,0,INFY
2016-05-23,1173.686924448528,1175.3965031418657,1173.2115744770244,1173.238538853684,1173.238538853684,4806816,1184.7743231685606,1206.2136298923274,1217.9026224668091,1183.329936570835,1203.5512075519975,1,1,0,0,0,0,INFY
2016-05-24,1178.7879284687883,1180.0687573053451,1177.6516833295248,1178.7666661555452,1178.7666661555452,1025850,1184.2069544606645,1205.4101455797881,1217.6878999379583,1181.4480454566371,1202.7171093025086,1,0,0,1,0,0,INFY
2016-05-25,1178.9148651598657,1181.3014706949073,1176.4070621874146,1178.565015215562,1178.565015215562,3484492,1183.7195346062917,1204.59417017493,1217.5004453903116,1180.295787992679,1201.9553105473524,1,1,0,0,0,0,INFY
2016-05-26,1174.7399301942917,1177.4790183887628,1174.6089776525291,1175.0102362981395,1175.0102362981395,2689112,1183.1557311969623,1203.6458903245182,1217.3132201167014,1179.3549301517546,1201.1549990078313,1,0,0,0,0,0,INFY
2016-05-27,1176.9933311191796,1180.9615090874097,1175.8506038216196,1176.0432353967503,1176.0432353967503,1868667,1182.6537945569842,1202.7902703678785,1217.118958724811,1179.5807840308341,1200.4342900188833,1,0,0,1,0,0,INFY
2016-05-30,1167.382538907682,1169.1270565625273,1163.2100754455655,1166.846160521836,1166.846160521836,2717454,1181.8224376921828,1201.7696484998455,1216.9128160017183,1178.147346930385,1199.5271416338826,1,1,0,0,0,0,INFY
2016-05-31,1163.058949561164,1164.101530917475,1159.8274474307825,1163.3870887461924,1163.3870887461924,4207178,1180.9257463031065,1200.795436673333,1216.7054518143357,1176.0659755678819,1198.5369386703023,1,1,0,0,0,0,INFY
2016-06-01,1163.6386177792847,1165.809144134292,1163.173754995575,1165.0968572500094,1165.0968572500094,1234780,1179.8857055620365,1199.9128983658043,1216.5159348240156,1173.982208132488,1197.6377289123675,1,0,0,1,0,0,INFY
2016-06-02,1165.20684294909,1166.730045655304,1161.8144621381975,1166.407449790633,1166.407449790633,1817302,1179.198082067607,1199.0550714661597,1216.310330438725,1172.263486965018,1196.8392018538375,1,1,0,1,0,0,INFY
2016-06-03,1171.7798503463223,1172.3159262709344,1166.391199365711,1171.0645340860638,1171.0645340860638,4986143,1178.21280331838,1198.3171730226372,1216.1241894717627,1171.4425782314415,1196.0567448635968,1,1,0,1,0,0,INFY
2016-06-06,1172.5668386485495,1172.6236858903528,1170.7187739039896,1172.5006748982992,1172.5006748982992,4964894,1177.349364203369,1197.5374028414049,1215.9292078950355,1171.3687918359033,1195.2595750241828,0,0,0,1,0,0,INFY
2016-06-07,1168.6061988338329,1169.9024119655269,1166.9893165862495,1167.754989442098,1167.754989442098,2285292,1175.857834810598,1196.6636863217473,1215.7492941109338,1170.2676241645584,1194.3967162583886,1,0,0,0,0,0,INFY
2016-06-08,1172.4073311888983,1175.9920290632126,1170.7358472197686,1172.579314792618,1172.579314792618,3674271,1174.9824210574714,1195.9142078929658,1215.5966958467818,1169.6690541222638,1193.8058723103595,1,1,0,1,0,0,INFY
2016-06-09,1171.3897619039633,1172.977910981611,1168.9424638284363,1171.2235170474785,1171.2235170474785,2753789,1174.3226561744762,1195.2257896163044,1215.4300074975697,1169.290382197198,1193.153645056428,1,0,0,0,0,0,INFY
2016-06-10,1166.057187235303,1166.490943539868,1165.3534194779347,1165.6735060508272,1165.6735060508272,1379276,1173.9170966467198,1194.4248483375136,1215.2634179509967,1168.2534092626056,1192.419066842861,1,0,0,0,0,0,INFY
2016-06-13,1163.0027069651476,1164.0248794551264,1162.4965830297822,1164.1402656684963,1164.1402656684963,3511416,1173.0650833538282,1193.5729964976904,1215.072627509478,1167.9828197772715,1191.7264509496156,1,1,0,0,0,0,INFY
2016-06-14,1164.9848453933394,1167.0254661339086,1162.8803109602543,1164.7604597743482,1164.7604597743482,4804539,1172.0930662239844,1192.7266347839113,1214.8892421603152,1168.120156880087,1191.1105452234208,1,1,0,1,0,0,INFY
2016-06-15,1162.1521031865454,1165.4711975676385,1161.443370585504,1162.775035851335,1162.775035851335,4542565,1170.9350914363538,1192.0501650958681,1214.7079230338966,1167.8879747402198,1190.4343127306684,0,0,0,0,0,0,INFY
2016-06-16,1164.1112762516702,1164.6077978496985,1163.0208402495955,1163.7261959967727,1163.7261959967727,2617299,1169.941668162926,1191.3449855321737,1214.5017874995833,1167.6198493608335,1189.799899328712,1,0,0,1,0,0,INFY
2016-06-17,1159.036176000961,1161.4839422072578,1157.3330976600614,1159.0080246046643,1159.0080246046643,1827520,1168.9283883220676,1190.5729999388773,1214.285232166059,1166.4141984126938,1189.125549154225,1,0,0,0,0,0,INFY
2016-06-20,1158.726806737145,1161.252140635891,1158.6560526632156,1159.1292672608429,1159.1292672608429,2145538,1168.2229247424257,1189.861035058864,1214.063749542776,1165.077057648948,1188.404114034731,1,1,0,1,0,0,INFY
2016-06-21,1164.7381094471018,1169.058371317586,1162.990227842791,1163.7262501324635,1163.7262501324635,3982019,1167.4709039412714,1189.2706958200329,1213.830867901138,1164.6741837179848,1187.7361635240422,1,1,0,1,0,0,INFY
2016-06-22,1160.0079380941652,1162.2760028495804,1158.084337662909,1161.997020532341,1161.997020532341,2480600,1166.6425042071105,1188.6270026665902,1213.572751432833,1163.615954291957,1187.0722826162137,1,0,0,0,0,0,INFY
2016-06-23,1155.7073887499453,1157.500767134194,1153.030863555332,1156.7121213454118,1156.7121213454118,1917320,1165.727598459474,1187.944564169114,1213.3107606938536,1162.1648147217502,1186.3915218622167,1,0,0,0,0,0,INFY
2016-06-24,1154.1156766379536,1154.176570356272,1153.8572331372034,1153.6381371465106,1153.6381371465106,3882589,1164.607343546962,1187.2452372873054,1213.0718376454763,1160.9612778313185,1185.6127266052074,1,1,0,0,0,0,INFY
2016-06-27,1157.5180219310969,1161.2949889959098,1154.5169326229154,1159.0418525739972,1159.0418525739972,2941188,1164.2171281495703,1186.5677991791943,1212.8488592354859,1160.4514365218688,1184.9068159395451,1,0,0,1,0,0,INFY
2016-06-28,1156.6816590398107,1160.3590916444723,1156.146936685322,1157.2084387408129,1157.2084387408129,1438402,1163.9081956493012,1185.8601229330282,1212.6038685138417,1159.6962344185154,1184.2451557518505,1,0,0,0,0,0,INFY
2016-06-29,1151.2412739531187,1154.4488161806996,1149.374844266041,1150.6885458485945,1150.6885458485945,1576016,1163.1877800792304,1185.0963786483921,1212.3768631586865,1158.4875854182412,1183.4328664119048,0,1,0,0,0,0,INFY
2016-06-30,1155.2872998681537,1156.7400357729252,1155.1410628928752,1153.3830205988245,1153.3830205988245,4057038,1162.53655861964,1184.4165516821874,1212.1882595794234,1157.4532678784465,1182.6886728799705,1,1,0,1,0,0,INFY
2016-07-01,1153.8899308374007,1154.3559897773323,1151.3903988275702,1153.785268798379,1153.785268798379,2070357,1161.6725953552557,1183.6882702743897,1211.9826899683023,1156.9309922978177,1181.9075011863413,1,0,0,1,0,0,INFY
2016-07-04,1157.9898424583337,1158.4201190553497,1156.1208258722677,1156.3520230590173,1156.3520230590173,2119582,1160.8651627632917,1182.9928561563938,1211.7900324576162,1156.6532678776352,1181.1558238019309,0,1,0,1,0,0,INFY
2016-07-05,1156.0410110126452,1158.162981552433,1155.6404537018486,1155.4081850725386,1155.4081850725386,1568721,1160.2478225448135,1182.3500465595769,1211.6035329339716,1155.8214613716427,1180.5408813133781,1,0,0,0,0,0,INFY
2016-07-06,1161.907715470314,1164.5649487365467,1160.6146231822613,1160.3318078726509,1160.3318078726509,1226230,1159.6354471988154,1181.7090660786785,1211.43355569372,1155.6549401056739,1179.952560818961,1,0,0,1,0,0,INFY
2016-07-07,1156.1172212455742,1156.837990108178,1156.0845680010011,1154.8193627870155,1154.8193627870155,2497369,1158.8152394857923,1181.0293389198423,1211.2286466422577,1155.4656642498342,1179.2420290367131,1,1,0,0,0,0,INFY
2016-07-08,1153.7560962369273,1155.6895011458394,1152.022426686205,1154.064510521879,1154.064510521879,2161405,1158.2347897093446,1180.3004809786084,1211.0342048561624,1155.508301587371,1178.4712877220445,1,0,0,0,0,0,INFY
2016-07-11,1161.4529270645414,1161.8738174684513,1159.7761819948792,1160.960308033764,1160.960308033764,2716423,1158.075791827608,1179.6533869929085,1210.8593299077359,1155.7001471333476,1177.9339809489195,1,1,0,1,0,0,INFY
2016-07-12,1155.1574385056615,1158.8948200819402,1154.7053503350364,1156.3177435135765,1156.3177435135765,1881964,1157.6536560145696,1179.088247890403,1210.6590325600973,1155.6110776106239,1177.3193254610132,1,0,0,0,0,0,INFY
2016-07-13,1154.7635400655022,1154.9897985659557,1154.477341359921,1156.4604413152654,1156.4604413152654,4401791,1157.337926287766,1178.4883053449198,1210.482168212047,1156.188267157291,1176.6559428188648,1,1,0,1,0,0,INFY
2016-07-14,1158.9190369093374,1159.903060318626,1157.8349111704288,1157.333679676569,1157.333679676569,4289519,1157.018300471756,1177.8536107601817,1210.3322609715572,1156.5833330650653,1175.9951104344773,0,0,0,1,0,0,INFY
2016-07-15,1158.889093338899,1159.9596483205082,1158.3200195890015,1158.683381778792,1158.683381778792,4857833,1157.0020683304624,1177.1887766683913,1210.1989610165717,1157.0731443631068,1175.328073187188,1,1,0,1,0,0,INFY
2016-07-18,1158.7482161800374,1159.666908306209,1157.938841041734,1158.1491353415342,1158.1491353415342,4679480,1156.9530617344967,1176.6499119099335,1210.083210597341,1157.2528555913584,1174.6492255517614,0,0,0,0,0,0,INFY
2016-07-19,1161.788627440287,1163.8232130060528,1161.6404825062664,1161.6970409049277,1161.6970409049277,1653220,1156.8516012731202,1176.1409136074137,1209.9812912152013,1157.8817411745974,1174.1014490232978,1,0,0,1,0,0,INFY
2016-07-20,1161.362311704517,1162.922044890315,1160.936830035129,1161.5056002320132,1161.5056002320132,3324512,1156.8270302581036,1175.5820568668585,1209.8648862219814,1157.9991204105336,1173.5396829322121,1,1,0,0,0,0,INFY
2016-07-21,1168.0971833966876,1168.5165910010649,1166.7922159738569,1167.8133091229188,1167.8133091229188,1662647,1157.382089646979,1175.093521874575,1209.7338997189727,1159.298515044124,1173.2047886427729,1,0,0,1,0,0,INFY
2016-07-22,1166.8991601739913,1170.8578910749384,1166.737542674728,1168.6213844448282,1168.6213844448282,2151103,1158.131252011895,1174.5923994885666,1209.5750134441619,1160.7542024364188,1172.8774617793529,1,1,0,1,0,0,INFY
2016-07-25,1170.778029418518,1171.0455758815556,1166.7497629636416,1170.7959984282677,1170.7959984282677,4406840,1158.7189593046082,1174.1140656189384,1209.451292023552,1161.7377714758693,1172.610960242879,1,1,0,1,0,0,INFY
2016-07-26,1168.5305595451268,1168.837477606492,1165.5567876377982,1168.4106121649952,1168.4106121649952,1913286,1159.2790679758177,1173.6844447642545,1209.3033112697995,1162.9470583410111,1172.3545158691895,1,0,0,0,0,0,INFY
2016-07-27,1174.6844403486807,1174.724728537775,1170.925157694501,1173.9051615332553,1173.9051615332553,2503844,1160.4398987600505,1173.3127835701273,1209.1978018631928,1164.6915303628102,1172.144185070421,1,1,0,1,0,0,INFY
2016-07-28,1170.8622943758594,1176.15287268745,1169.632850313479,1169.701402748568,1169.701402748568,1880867,1161.2558178675379,1173.0224213440983,1209.0991933539342,1165.92830267001,1171.8516135814482,1,0,0,0,0,0,INFY
2016-07-29,1169.6984578828597,1170.7211089368066,1169.2180678239397,1169.888634144685,1169.888634144685,1322644,1162.060986134853,1172.7313930308906,1208.9968914768383,1167.0488279065994,1171.6232031019185,1,0,0,1,0,0,INFY
2016-08-01,1174.4626898055403,1174.7943327244252,1171.7410797056127,1173.6291766017478,1173.6291766017478,1029282,1162.9248438119896,1172.5169625676147,1208.8720392374769,1168.5968320326206,1171.3516871726044,1,0,0,1,0,0,INFY
2016-08-02,1174.7190782726168,1175.1829521152013,1174.080661671006,1175.3113009639403,1175.3113009639403,3289116,1163.9199996065597,1172.3628045772678,1208.7513021361206,1169.9582580385218,1171.0408921932892,1,1,0,1,0,0,INFY
2016-08-03,1175.043282765027,1178.528168684409,1173.5509988853814,1174.692588913474,1174.692588913474,2340390,1164.6380386586009,1172.1754622956748,1208.591736986488,1171.2769569066681,1170.74849128201,1,0,0,0,0,0,INFY
2016-08-04,1176.107885706389,1178.4346850350084,1175.0138899872682,1176.4087422919365,1176.4087422919365,4465952,1165.7175076338467,1171.9850182690548,1208.432371423882,1172.1365002235698,1170.5611516500655,1,1,0,1,0,0,INFY
2016-08-05,1169.937553777002,1170.6974637523822,1169.8550843791916,1170.4057392851769,1170.4057392851769,1474240,1166.534569072012,1171.777347258752,1208.2210700583962,1172.3149357076047,1170.3186671827127,1,0,0,0,0,0,INFY
2016-08-08,1168.736176754496,1169.2590251304846,1168.6043837234322,1168.4461870734124,1168.4461870734124,3278874,1166.9088630239942,1171.458013705916,1207.9876115815,1172.079954572119,1170.0031876235173,1,1,0,0,0,0,INFY
2016-08-09,1163.996388088652,1164.1224509905685,1163.1938604363145,1165.214741193407,1165.214741193407,2454922,1167.3537129079857,1171.0404364156761,1207.748932593095,1171.7603674749603,1169.6711969685834,1,0,0,0,0,0,INFY
2016-08-10,1164.3998118170975,1164.5986575295717,1161.6398883600643,1165.4911063212994,1165.4911063212994,2178514,1167.8052461582874,1170.6512920289497,1207.5235828211225,1170.9189619537647,1169.3668995554938,1,0,0,1,0,0,INFY
2016-08-11,1162.3049550707872,1164.8029041585048,1159.6382116865168,1162.5940952056928,1162.5940952056928,4850043,1168.0682669347436,1170.3029780354238,1207.291260510062,1170.2082311994773,1169.0510034317733,1,1,0,0,0,0,INFY
2016-08-12,1164.5860498092122,1165.2484387525376,1162.2156724385752,1165.047654635813,1165.047654635813,4571621,1168.3864805775945,1170.0086727891635,1207.0904324828489,1169.72413324859,1168.7705459176334,0,0,0,1,0,0,INFY
2016-08-15,1154.6374652766524,1155.6888414369253,1154.4201137870198,1155.1548932269434,1155.1548932269434,2433020,1168.2367684718652,1169.546769529337,1206.866679356223,1167.8767049111098,1168.3929671897545,1,0,0,0,0,0,INFY
2016-08-16,1155.810852969379,1158.1441022813883,1154.5259958413794,1154.3845300847215,1154.3845300847215,3184137,1167.8711429308548,1169.1001506514779,1206.6246474612517,1165.7840278231877,1168.0338153705145,1,1,0,0,0,0,INFY
2016-08-17,1158.4860114030282,1161.021715786542,1156.1294432693446,1158.7909834834843,1158.7909834834843,2067155,1167.7354120934283,1168.7311202912338,1206.3816925048377,1164.1938672801887,1167.6723928560089,1,0,0,1,0,0,INFY
2016-08-18,1162.4397033269447,1162.5772155309287,1162.2175447951245,1162.3895994457482,1162.3895994457482,1705079,1167.46422660957,1168.4324114782462,1206.1641006533027,1162.79195299557,1167.4354552528957,1,0,0,1,0,0,INFY
2016-08-19,1162.3162637231364,1164.9422706716523,1159.2738497971498,1162.5983806320314,1162.5983806320314,3327532,1167.16307641893,1168.138866633693,1205.9510963869188,1162.0112171302553,1167.0598322070482,1,1,0,1,0,0,INFY
2016-08-22,1169.8963101062106,1170.0674365477178,1164.4218517862366,1167.44440827823,1167.44440827823,1940352,1166.9954969114283,1167.9385055144473,1205.7863775979051,1161.911039250737,1166.7621648881109,1,0,0,1,0,0,INFY
2016-08-23,1165.2389674096778,1167.4436149603052,1163.823768825369,1164.7677166510562,1164.7677166510562,3538518,1166.813352135731,1167.7315905159892,1205.6245424884028,1161.8663367965019,1166.3245934128247,1,1,0,0,0,0,INFY
2016-08-24,1156.1416356290606,1157.826330216611,1154.4508864958943,1156.5686150965448,1156.5686150965448,1098318,1165.9465248138956,1167.3649773038032,1205.4307705271963,1160.9740876740266,1165.8776737493765,1,0,0,0,0,0,INFY
2016-08-25,1152.323515765238,1157.2681435441389,1150.2324382534905,1152.0973654057389,1152.0973654057389,4335506,1165.066322946754,1167.0141953753848,1205.2228846379362,1159.9244146940312,1165.4467210920216,1,1,0,0,0,0,INFY
2016-08-26,1150.7301285032916,1151.9640447429374,1149.9523471618545,1150.1248698379557,1150.1248698379557,3476114,1164.0781347314175,1166.5061298849766,1205.0203089229399,1158.4321362142452,1165.1312567351147,1,0,0,0,0,0,INFY
2016-08-29,1150.9986327654522,1152.6054236825814,1150.425921549209,1151.4235034469662,1151.4235034469662,2971320,1162.9678510736787,1166.0268054630824,1204.804793312008,1158.0589972362477,1164.7344963607234,1,0,0,1,0,0,INFY
2016-08-30,1151.9864541870943,1153.9700215931168,1151.6304456962923,1151.719325581391,1151.719325581391,2357987,1161.7882523045512,1165.4534773166306,1204.5889778584356,1157.7924767859147,1164.3014100035255,1,0,0,1,0,0,INFY
2016-08-31,1142.6153920619304,1144.0030205339328,1141.569162850184,1143.739540796044,1143.739540796044,3112963,1160.2405998986796,1164.8741267033918,1204.3153643063508,1156.2873325171706,1163.738810126087,1,1,0,0,0,0,INFY
2016-09-01,1143.0873244313736,1144.8137684634305,1140.4590776742632,1144.017339212911,1144.017339212911,3992839,1158.6210297447283,1164.369108259711,1204.0644231953374,1154.4501064938868,1163.2111124960545,1,1,0,1,0,0,INFY
2016-09-02,1138.91237713172,1141.179239317447,1137.7146322567492,1138.685906250225,1138.685906250225,3903462,1157.0350380929808,1163.9303733802642,1203.778521913689,1152.0588590557063,1162.669942960433,0,0,0,0,0,0,INFY
2016-09-05,1141.1994886350308,1142.906645740525,1140.0443087738208,1141.8691849171005,1141.8691849171005,3854147,1155.7061879851653,1163.4389815476488,1203.5032048380745,1149.5013367195932,1162.2516849079452,0,0,0,1,0,0,INFY
2016-09-06,1146.3849178151067,1146.7678543513648,1144.1487685066468,1146.467451317734,1146.467451317734,1563925,1154.7688234913817,1162.9673146594803,1203.2579020415558,1147.671310186261,1161.821028710108,1,0,0,1,0,0,INFY
2016-09-07,1159.5278488477943,1161.1873416968606,1157.8617825629492,1160.957183324925,1160.957183324925,4631895,1154.5421273415627,1162.6550978059927,1203.0551246521836,1148.1101670090989,1161.5862576182326,1,1,0,1,0,0,INFY
2016-09-08,1163.1577317630174,1165.6792790181316,1162.8485023363562,1162.298493185287,1162.298493185287,4191645,1154.5273472405424,1162.388895702492,1202.8724505484029,1149.130279787054,1161.4167677100613,0,0,0,1,0,0,INFY
2016-09-09,1161.423686895037,1163.0831338877388,1158.506782425218,1162.2300061119356,1162.2300061119356,1005209,1154.3864648143488,1162.1758505111181,1202.6768541158335,1150.340793414452,1161.232591319597,1,0,0,0,0,0,INFY
2016-09-12,1155.4863833454474,1159.206329363558,1155.0284947701764,1156.961535294545,1156.961535294545,2277807,1154.4767969177287,1161.9723879666292,1202.4496772190034,1150.8945965992098,1161.1007963165666,1,1,0,0,0,0,INFY
2016-09-13,1159.858314958948,1160.845016627209,1156.0585794540527,1160.7423541610908,1160.7423541610908,3989742,1154.794688121547,1161.7470840666986,1202.2470899552918,1151.7968994571797,1161.0655331887651,1,1,0,1,0,0,INFY
2016-09-14,1158.302126019009,1159.245721032103,1156.3151285978006,1158.5155363378574,1158.5155363378574,3017028,1154.780915764266,1161.496465580727,1202.0407285232523,1153.274499011361,1160.97778224327,1,0,0,0,0,0,INFY
2016-09-15,1161.9636979030931,1165.3610012712352,1160.7606587408268,1162.2816086018408,1162.2816086018408,3311837,1154.7755162220706,1161.3373577345235,1201.8195761570894,1155.1009259502541,1160.9227710274192,0,1,0,1,0,0,INFY
2016-09-16,1166.6740161434625,1167.330784540025,1166.6082320312446,1165.7319995791488,1165.7319995791488,4045920,1154.9321971694264,1161.2084672868034,1201.5883545619783,1157.8055352831466,1160.8516705673271,1,1,0,1,0,0,INFY
2016-09-19,1163.5568691513467,1164.751844394535,1160.1852779247074,1164.408866880343,1164.408866880343,2526455,1154.780420099532,1161.1780011162846,1201.344474688625,1160.0595034794708,1160.7437797937541,1,0,0,0,0,0,INFY
2016-09-20,1164.341990652622,1169.368168473559,1163.811302036466,1163.597493595607,1163.597493595607,1071356,1154.7219089467596,1161.1806311769024,1201.128045633907,1161.772507707258,1160.6883465158012,1,0,0,0,0,0,INFY
2016-09-21,1162.5954038993132,1165.2819397446058,1159.749452625371,1161.1465434901515,1161.1465434901515,4081157,1154.95080536644,1161.1312522549042,1200.8948234266124,1161.7914437237807,1160.5359095651015,1,1,0,0,0,0,INFY
2016-09-22,1158.3683529423236,1161.0494783388,1156.6109075385348,1158.75220806705,1158.75220806705,1124764,1155.2835474995054,1161.0355617333594,1200.6075874648045,1161.436815211957,1160.3696254453625,1,0,0,0,0,0,INFY
2016-09-23,1159.7271239703562,1161.0819408475627,1157.1151781077565,1158.8876786561254,1158.8876786561254,1895699,1155.7216879404139,1160.8833510404852,1200.3253977358647,1161.1025824663761,1160.2791477467665,1,1,0,1,0,0,INFY
2016-09-26,1164.1863306464145,1165.6020497285845,1162.1782783634742,1163.9041109561244,1163.9041109561244,4484556,1156.3457183158719,1160.7758939912078,1200.0248012904924,1161.796840032534,1160.275999017268,1,1,0,1,0,0,INFY
2016-09-27,1162.3569981650137,1163.8438578214475,1161.6895474941966,1163.318564372716,1163.318564372716,2697115,1156.925680255438,1160.7204386778408,1199.7121790771944,1162.0544610536963,1160.2567737452464,1,0,0,0,0,0,INFY
2016-09-28,1158.589534976912,1161.70460454725,1154.486936204888,1157.3272508522386,1157.3272508522386,2868520,1157.6050657582477,1160.529787878586,1199.388213967028,1161.9356325051347,1160.1841366119252,0,1,0,0,0,0,INFY
2016-09-29,1158.565667157698,1161.3108039609904,1156.167243014761,1157.757675558326,1157.757675558326,3403884,1158.2920825755186,1160.3614648599716,1199.1012697033161,1161.4832392007831,1160.1045563394125,1,1,0,1,0,0,INFY
2016-09-30,1157.595081744005,1158.8421264261012,1157.5740871579635,1157.489466646996,1157.489466646996,2258348,1159.2322605953573,1160.2591643674236,1198.8169316343474,1160.6589859075677,1160.0843088999768,1,0,0,0,0,0,INFY
2016-10-03,1151.5006261962192,1152.9830810308126,1149.4302505584387,1152.331902293961,1152.331902293961,1320626,1159.7553964642002,1160.111559825242,1198.4984998859652,1159.4512894489296,1159.9936773670852,1,0,0,0,0,0,INFY
2016-10-04,1162.4118359839786,1164.614746017383,1158.6435804949274,1162.5798525819714,1162.5798525819714,3180223,1160.561016527412,1160.0843022353372,1198.2421272961878,1159.3495253475662,1159.9783920664122,1,1,0,1,0,0,INFY
2016-10-05,1166.1988543321106,1166.3313437672928,1164.9926490649386,1166.5468792339343,1166.5468792339343,4129368,1160.8405013228626,1160.1314502776197,1198.0162903751277,1159.8895589219442,1160.0390568490998,1,1,0,1,0,0,INFY
2016-10-06,1165.4348620714777,1166.2821045497974,1163.5421137422068,1165.764515650097,1165.764515650097,3446025,1161.0138024461032,1160.1569292732863,1197.7847079409898,1160.590789680249,1160.159755439829,1,0,0,0,0,0,INFY
2016-10-07,1157.2843061149936,1157.6473261028336,1156.5856671076274,1156.411588463433,1156.411588463433,2278139,1160.7228815636777,1160.1244738215207,1197.5031001532604,1160.34318066098,1160.1967347907214,1,0,0,0,0,0,INFY
2016-10-10,1156.7654594750188,1158.301096865394,1155.7622543880605,1155.18008244572,1155.18008244572,2384746,1160.6338089212366,1160.075109011332,1197.1684336383987,1159.4707778099394,1160.1452445223445,0,1,0,0,0,0,INFY
2016-10-11,1160.1319551104862,1160.4957939287629,1159.6342128543383,1159.7699610951072,1159.7699610951072,4462453,1160.5851892679375,1160.025655398365,1196.841503268329,1159.1159174821785,1160.1793981537348,1,1,0,1,0,0,INFY
2016-10-12,1158.2489671656056,1158.7523476944918,1156.7315276655709,1157.7336741761858,1157.7336741761858,2966368,1160.5460961598537,1159.972363568913,1196.51614983214,1159.156559814573,1160.2733331981028,1,0,0,0,0,0,INFY
2016-10-13,1160.1566410581995,1162.2012914222714,1160.0659850484813,1160.9435393662225,1160.9435393662225,4425703,1160.479192698073,1160.025256294173,1196.1660031234394,1159.4751461953629,1160.3741401150014,1,1,0,1,0,0,INFY
2016-10-14,1155.7343623419526,1159.6066293277852,1151.6018740974075,1156.2691204418795,1156.2691204418795,1397602,1160.0060487412097,1160.058143585365,1195.7989976566175,1159.3531115748513,1160.4072581369146,1,0,0,0,0,0,INFY
2016-10-17,1163.789875521858,1164.0815697492856,1161.194020717972,1164.3524929996324,1164.3524929996324,2634325,1160.003230047174,1160.1245265906857,1195.4682259462236,1160.5551706454185,1160.5139310694562,1,1,0,1,0,0,INFY
2016-10-18,1166.6829243236689,1167.055791393169,1165.7497660319757,1166.9028804937127,1166.9028804937127,3412582,1160.1684993920792,1160.2457071125968,1195.1874214780369,1160.9874734365926,1160.6671936750718,1,1,0,1,0,0,INFY
2016-10-19,1162.5899838430828,1167.43661954521,1162.0904366588038,1161.738515521792,1161.738515521792,1953511,1160.1980979936611,1160.383831733512,1194.8903068881884,1160.506637065378,1160.6859497770604,1,0,0,0,0,0,INFY
2016-10-20,1164.640498162436,1166.999954224001,1162.6217554768746,1165.6918857139483,1165.6918857139483,4375336,1160.5450818760062,1160.537692547451,1194.641697487897,1160.4993740717632,1160.8309167494197,1,1,0,1,0,0,INFY
2016-10-21,1164.7384529908527,1164.9124701349915,1164.48316529117,1163.4805644251987,1163.4805644251987,1021600,1160.77472616446,1160.658883742786,1194.378029172838,1161.2062716679397,1160.9564641347972,1,0,0,0,0,0,INFY
2016-10-24,1159.0777206631362,1161.3375817817896,1155.29847216514,1160.0708419510688,1160.0708419510688,3620252,1160.5830627142072,1160.7053689789368,1194.0759969939252,1161.695347618475,1160.944604587028,1,1,0,0,0,0,INFY
2016-10-25,1166.8868754119776,1167.9196413983957,1161.988578929469,1165.6586583582357,1165.6586583582357,1133748,1160.700067413483,1160.833499895008,1193.7777607595647,1162.2842173447875,1161.06915011829,1,0,0,1,0,0,INFY
2016-10-26,1165.519346691433,1165.9446780901326,1163.1553988359628,1166.027308413976,1166.027308413976,4701419,1161.13507029157,1160.9046936517746,1193.4832639256244,1163.1135807685666,1161.1967083462728,1,1,0,1,0,0,INFY
2016-10-27,1164.0306457275497,1164.4782720817489,1161.701694855741,1164.5371050314525,1164.5371050314525,1539078,1161.4740417652263,1161.02616542983,1193.17445374061,1163.4729373350897,1161.2927540176713,1,0,0,0,0,0,INFY
2016-10-28,1156.435682112528,1158.4948298508336,1154.797767547205,1156.9893384670763,1156.9893384670763,4153130,1161.44903535623,1161.062725779145,1192.78898750402,1163.5449591376096,1161.270166773515,1,1,0,0,0,0,INFY
2016-10-31,1155.0128454199976,1157.4517551842507,1154.6335384994263,1154.413250194175,1154.413250194175,2054526,1161.5531027512409,1160.98088755615,1192.3868060927907,1162.5510348570635,1161.2203549715503,1,0,0,0,0,0,INFY
2016-11-01,1154.6856951343652,1157.0580876060735,1154.3519436838328,1154.7947210994294,1154.7947210994294,1539231,1161.163846177114,1160.9618497759734,1191.992459438197,1161.3402189176352,1161.1283240408104,1,0,0,1,0,0,INFY
2016-11-02,1162.4317055965396,1164.364311217773,1160.5841990223355,1163.5513413773676,1163.5513413773676,2858337,1161.0140692842856,1161.0504860267497,1191.6494116839267,1161.521501503193,1161.1556005894151,1,1,0,1,0,0,INFY
2016-11-03,1160.828416635804,1161.1385922128168,1159.95245850606,1160.7019609722556,1160.7019609722556,1202328,1160.7609415503935,1161.0925895429457,1191.3186050976167,1161.0225090290237,1161.0607826140729,1,0,0,0,0,0,INFY
2016-11-04,1157.6512048672842,1160.4924206563412,1154.2296514845298,1156.5785018900312,1156.5785018900312,4646087,1160.7692872217235,1161.0662785443362,1191.0055754770444,1160.3323027755068,1160.9002108466757,1,1,0,0,0,0,INFY
2016-11-07,1156.9498123967644,1157.6143760878454,1156.310008159325,1155.2394017778247,1155.2394017778247,2628766,1160.7722531883287,1161.02990687479,1190.6998610627068,1159.8491587581825,1160.6927895580031,1,0,0,0,0,0,INFY
2016-11-08,1168.0888998914322,1170.604076991701,1167.8976729289204,1167.1436947962334,1167.1436947962334,4024227,1161.140939873385,1161.097990048431,1190.4583390438654,1159.9976624019823,1160.6758973264195,1,1,0,1,0,0,INFY
2016-11-09,1156.2675271047517,1156.4220214983318,1153.4359279000416,1156.1455455402654,1156.1455455402654,2979205,1161.061533441589,1161.0309893647843,1190.1722171877059,1159.009486114611,1160.439102446513,1,0,0,0,0,0,INFY
2016-11-10,1158.4474885063937,1159.0888881592196,1155.5381086037391,1158.006550052882,1158.006550052882,3549694,1160.914683975922,1160.9084048764087,1189.8854736769717,1158.356430616754,1160.283171077237,1,1,0,1,0,0,INFY
2016-11-11,1159.2887994397026,1161.2762773046263,1155.2034573366009,1159.642312683961,1159.642312683961,1841991,1161.0833435880259,1160.796166479398,1189.5842365060512,1158.6217280384426,1160.1465534577608,1,0,0,1,0,0,INFY
2016-11-14,1161.498776933169,1162.2662159508986,1160.6077804747606,1162.540101740878,1162.540101740878,1644630,1160.9927240250881,1160.6929677708054,1189.3210433186002,1159.434413193113,1159.9986991262826,1,0,0,1,0,0,INFY
2016-11-15,1168.3417889671382,1170.8341216149304,1165.1038705729773,1167.250948092409,1167.250948092409,1254402,1161.010127405023,1160.6784719698985,1189.088943792977,1160.6800358924108,1159.8912277546622,1,0,0,1,0,0,INFY
2016-11-16,1170.177182807039,1171.3630567636303,1167.5120978546,1171.8742951168983,1171.8742951168983,3012973,1161.5169163847784,1160.6530861396939,1188.8654057023864,1161.512331266364,1159.8536505040413,1,1,0,1,0,0,INFY
2016-11-17,1167.9551379519787,1168.1266992274705,1166.7670699526454,1167.3368997507189,1167.3368997507189,4809011,1161.5991670866167,1160.6235298522208,1188.5749759572177,1162.1758251442102,1159.7326926034918,1,1,0,0,0,0,INFY
2016-11-18,1163.9839697091877,1164.822488733895,1161.8461184667196,1164.1403253750673,1164.1403253750673,2520130,1161.6321551341102,1160.5516759926004,1188.2722983188196,1162.9320074927139,1159.6491537513568,1,0,0,0,0,0,INFY
2016-11-21,1167.2121887271985,1168.112444629019,1166.6558399614582,1166.968615170954,1166.968615170954,3772643,1161.9770437951045,1160.4684189747156,1188.0268770605107,1164.1049288320269,1159.6294527926575,1,1,0,1,0,0,INFY
2016-11-22,1169.8626142059202,1170.277699676992,1164.952694629296,1171.9275880852308,1171.9275880852308,1515391,1162.2904902814541,1160.4261225637315,1187.8262262949208,1164.5833181609264,1159.7189574178817,1,0,0,1,0,0,INFY
2016-11-23,1180.3908899058215,1182.798855785012,1180.3538050033617,1179.8643745992526,1179.8643745992526,4677695,1162.9823435907183,1160.490769884804,1187.6442513152022,1166.9552010668253,1159.9106009949212,1,1,0,1,0,0,INFY
2016-11-24,1181.104924768776,1181.9285247434464,1180.4601259918695,1181.767605255912,1181.767605255912,4151481,1163.8438686019413,1160.5577556718538,1187.4907614513108,1169.3313065871282,1160.1662477955906,1,0,0,1,0,0,INFY
2016-11-25,1191.9933693146618,1196.0755876836647,1189.535436766904,1191.3455215381607,1191.3455215381607,1164738,1165.5616777554956,1160.819502950016,1187.3808963475653,1172.501627472548,1160.5168860209553,1,0,0,1,0,0,INFY
2016-11-28,1191.0460023205253,1195.7376624325154,1190.8516263788729,1191.700504162853,1191.700504162853,4518289,1167.4260404539293,1161.110181913634,1187.2835360372533,1175.4176677147457,1161.004160833434,1,1,0,1,0,0,INFY
2016-11-29,1182.439240786501,1184.5664235419174,1182.428052575404,1182.748673176166,1182.748673176166,2616855,1168.8237380577661,1161.3293560634183,1187.175915971626,1176.9674402231215,1161.3823494079866,1,0,0,0,0,0,INFY
2016-11-30,1193.3104171283776,1195.7236396899907,1191.961643454266,1191.341304078427,1191.341304078427,4666907,1170.213236192819,1161.6524835353825,1187.1022098549022,1178.914141119274,1161.816353682586,1,1,0,1,0,0,INFY
2016-12-01,1197.6806397071475,1201.0711647995472,1197.2340592897613,1199.2790366496188,1199.2790366496188,3204357,1172.1420899766872,1162.1110453034316,1187.043500915186,1182.1083548091642,1162.3082128453043,1,0,0,1,0,0,INFY
2016-12-02,1198.615400033526,1198.7742118329274,1197.7061558793755,1196.7997582108906,1196.7997582108906,4616395,1174.1531527927302,1162.50794659812,1186.996879090003,1185.3742980927466,1162.7642312130224,1,1,0,0,0,0,INFY
2016-12-05,1197.8558154116158,1197.967673994411,1196.9568804514013,1197.8016169625257,1197.8016169625257,4502488,1176.2812635519654,1163.0410306448148,1186.9883826292314,1188.4575982719039,1163.1689939954797,0,0,0,1,0,0,INFY
2016-12-06,1199.4043181625564,1199.429936499192,1196.6692616544233,1197.964297143157,1197.964297143157,3675075,1177.8222936693114,1163.5857777330452,1186.953796908826,1191.0612691776964,1163.6116150687074,1,0,0,1,0,0,INFY
2016-12-07,1188.324589512121,1190.4890146783234,1187.4475091653455,1189.524967267356,1189.524967267356,3710069,1179.491264755666,1163.9699525303436,1186.8686177178445,1192.0273284445068,1164.051033097652,0,1,0,0,0,0,INFY
2016-12-08,1193.6390376729262,1193.6518736020398,1193.044160951956,1193.3991459305862,1193.3991459305862,3619185,1181.2608945495513,1164.3575718614043,1186.8124323883776,1193.190482511974,1164.6017235046497,0,0,0,1,0,0,INFY
2016-12-09,1194.8482510645522,1197.8134437568306,1193.7788154193263,1195.3789294161122,1195.3789294161122,2540971,1183.0477253861586,1164.767328721205,1186.7467882931317,1193.5938232997692,1165.2051109656918,1,0,0,1,0,0,INFY
2016-12-12,1199.0138891279016,1199.6377250370638,1198.024021997561,1200.268724625719,1200.268724625719,1805863,1184.9341565304007,1165.1776326755487,1186.6883328017211,1194.4506453460558,1165.8563805814083,1,0,0,1,0,0,INFY
2016-12-13,1201.2036112407077,1206.618374534425,1200.8515789070998,1202.2323531706563,1202.2323531706563,4655332,1186.6832267843133,1165.6459406320437,1186.6428514510592,1196.399013345505,1166.529887615932,1,1,0,1,0,0,INFY
2016-12-14,1199.2408945951267,1200.606031099077,1198.3239866663723,1200.3407234189294,1200.3407234189294,4901508,1188.1065481994146,1166.1930919860736,1186.5947499981846,1197.2989552795552,1167.2845700509038,0,1,0,0,0,0,INFY
2016-12-15,1197.3320959233893,1199.227880659778,1195.8812548113378,1198.4693990692988,1198.4693990692988,1280614,1189.6631731653438,1166.772742406868,1186.546039007666,1197.2179915215231,1168.0105975156557,1,0,0,0,0,0,INFY
2016-12-16,1193.8238334058049,1193.9705074269846,1193.1792696981022,1193.6255731607414,1193.6255731607414,4428334,1191.1374355546272,1167.3165011984029,1186.4845026582075,1196.9005730165081,1168.743126407796,1,1,0,0,0,0,INFY
2016-12-19,1185.3744507021677,1186.2385261557372,1181.043236854258,1185.5731631009046,1185.5731631009046,1942480,1192.067662951125,1167.7433719440771,1186.3608012101945,1195.677727630346,1169.3258461169135,1,0,0,0,0,0,INFY
2016-12-20,1187.447905981787,1191.9694598464564,1184.5433341885548,1187.163629005007,1187.163629005007,2257906,1192.8294649971135,1168.1864257368723,1186.2030099252706,1194.597660816531,1169.8684618194102,1,1,0,1,0,0,INFY
2016-12-21,1191.9211779746358,1193.097411362982,1190.755044552336,1190.980534649192,1190.980534649192,4273172,1193.3852729996106,1168.7769381600367,1186.0345527732102,1194.7432175547146,1170.2687731704004,1,1,0,1,0,0,INFY
2016-12-22,1195.9332461053189,1196.0948073330203,1195.779944755698,1196.822797591754,1196.822797591754,2727009,1194.1380326164028,1169.4370063897723,1185.9092488285505,1195.0855827208316,1170.7290972291535,1,0,0,1,0,0,INFY
2016-12-23,1184.582231409472,1186.093356750079,1182.2584531121877,1184.3838135531037,1184.3838135531037,3685956,1193.7899472171498,1170.0082302310582,1185.7311188507754,1193.9860711345304,1171.024481328369,1,1,0,0,0,0,INFY
2016-12-26,1188.4854898007864,1189.3023472107625,1187.0698699940283,1187.537426762034,1187.537426762034,1008663,1193.581793347109,1170.57908325412,1185.5642293240596,1192.712941348162,1171.4321598812687,1,0,0,1,0,0,INFY
2016-12-27,1183.3360213235512,1183.485994362999,1179.7147804277756,1185.468526256432,1185.468526256432,2111529,1193.7177860011222,1171.0665966908534,1185.4076773450497,1191.0365586567395,1171.7618421758732,1,1,0,0,0,0,INFY
2016-12-28,1188.6588245097796,1190.481138436084,1188.5501812728935,1187.9933335192763,1187.9933335192763,3965054,1193.5503874731648,1171.404548568283,1185.2696222935472,1189.8018196667742,1172.1548794716255,1,1,0,1,0,0,INFY
2016-12-29,1188.6704107637388,1189.2999285757064,1186.3347925765438,1188.1987652183095,1188.1987652183095,3319912,1192.9963739015993,1171.7283019686959,1185.12364807098,1188.7747562816753,1172.5004415598453,1,0,0,1,0,0,INFY
2016-12-30,1192.846093373346,1193.311736704547,1188.8053170741885,1193.230047411272,1193.230047411272,2728350,1192.8178883616183,1172.1158024849376,1185.0163087487635,1188.7352037067285,1172.8670821976068,1,0,0,1,0,0,INFY
2015-01-01,8998.70555759757,8999.091419283883,8998.392268483429,8999.145999004693,8999.145999004693,1686388,8999.145999004693,8999.145999004693,8999.145999004693,8999.145999004693,8999.145999004693,0,0,0,0,0,0,NIFTYIT
2015-01-02,8997.18433539774,8998.081314548423,8995.353302365324,8996.314319495152,8996.314319495152,4563530,8997.730159249923,8997.730159249923,8997.730159249923,8997.730159249923,8997.730159249923,1,1,0,0,0,0,NIFTYIT
2015-01-05,8986.41819543761,8986.61034089235,8985.993796351468,8986.211793626377,8986.211793626377,4169536,8993.890704042075,8993.890704042075,8993.890704042075,8993.890704042075,8993.890704042075,0,0,0,0,0,0,NIFTYIT
2015-01-06,8988.89088326864,8989.439807740175,8988.06775808249,8989.414353648928,8989.414353648928,1589347,8992.771616443788,8992.771616443788,8992.771616443788,8992.771616443788,8992.771616443788,1,0,0,1,0,0,NIFTYIT
2015-01-07,8993.092519853424,8996.464465694786,8992.407707497096,8994.12586213341,8994.12586213341,3807456,8993.042465581711,8993.042465581711,8993.042465581711,8993.042465581711,8993.042465581711,1,1,0,1,0,0,NIFTYIT
2015-01-08,8991.030143286021,8991.353491106856,8988.10916515905,8991.171999845023,8991.171999845023,1789570,8992.730721292262,8992.730721292262,8992.730721292262,8992.730721292262,8992.730721292262,1,0,0,0,0,0,NIFTYIT
2015-01-09,8988.19307165408,8989.61786899559,8985.647233442394,8988.363026652345,8988.363026652345,3474628,8992.106764915132,8992.106764915132,8992.106764915132,8992.106764915132,8992.106764915132,1,1,0,0,0,0,NIFTYIT
2015-01-12,8983.625817279242,8986.573279555398,8981.652952225644,8984.13635127877,8984.13635127877,1358570,8991.110463210587,8991.110463210587,8991.110463210587,8991.110463210587,8991.110463210587,1,0,0,0,0,0,NIFTYIT
2015-01-13,8987.487274494557,8987.666300917563,8984.8718664999,8985.625434147956,8985.625434147956,3475958,8990.50101553696,8990.50101553696,8990.50101553696,8990.50101553696,8990.50101553696,1,1,0,1,0,0,NIFTYIT
2015-01-14,8986.54712195186,8989.004912576773,8983.855968462309,8986.942570058325,8986.942570058325,3767542,8990.145170989097,8990.145170989097,8990.145170989097,8990.145170989097,8990.145170989097,0,1,0,1,0,0,NIFTYIT
2015-01-15,8992.695739952242,8994.802565099011,8992.045332173702,8991.95999246367,8991.95999246367,3291721,8990.310154759512,8990.310154759512,8990.310154759512,8989.426570334996,8990.310154759512,1,0,0,1,0,0,NIFTYIT
2015-01-16,8995.795917843045,8998.793242144498,8993.909273279873,8994.620148127666,8994.620148127666,3134410,8990.669320873525,8990.669320873525,8990.669320873525,8989.257153198247,8990.669320873525,0,0,0,1,0,0,NIFTYIT
2015-01-19,8996.059488691653,8996.612300967969,8991.75439960343,8996.063006379864,8996.063006379864,3726612,8991.08421975863,8991.08421975863,8991.08421975863,8990.242274473596,8991.08421975863,1,1,0,1,0,0,NIFTYIT
2015-01-20,9000.035118934662,9001.354237991814,8997.169165500605,9001.876531587113,9001.876531587113,2833366,8991.855099174949,8991.855099174949,8991.855099174949,8991.488492267414,8991.855099174949,1,0,0,1,0,0,NIFTYIT
2015-01-21,8994.121051811066,8996.160951641747,8992.014988738041,8993.915455636032,8993.915455636032,3249046,8991.992456272355,8991.992456272355,8991.992456272355,8991.467451617676,8991.992456272355,1,1,0,0,0,0,NIFTYIT
2015-01-22,8996.932857995234,8997.342069632643,8995.478720962874,8995.340564891341,8995.340564891341,3618830,8992.201713061042,8992.201713061042,8992.201713061042,8991.884308122308,8992.201713061042,1,1,0,1,0,0,NIFTYIT
2015-01-23,9003.82529590299,9005.047951574694,9001.73714881275,9002.505730675408,9002.505730675408,1769166,8992.80783174424,8992.80783174424,8992.80783174424,8993.298578524615,8992.80783174424,1,0,0,1,0,0,NIFTYIT
2015-01-26,8996.060060320913,9000.76302617651,8994.770746539141,8996.258037194684,8996.258037194684,1771845,8992.99950982482,8992.99950982482,8992.99950982482,8994.510747116206,8992.99950982482,0,1,0,0,0,0,NIFTYIT
2015-01-27,8995.468893772966,8997.28992094776,8993.630346316539,8996.222774928476,8996.222774928476,3242452,8993.16915535659,8993.16915535659,8993.16915535659,8995.57048119426,8993.16915535659,1,1,0,0,0,0,NIFTYIT
2015-01-28,8991.68537781802,8992.640998476532,8988.660297082317,8991.306777869037,8991.306777869037,3174775,8993.076036482214,8993.076036482214,8993.076036482214,8996.006901975328,8993.076036482214,0,0,0,0,0,0,NIFTYIT
2015-01-29,8988.531214062894,8989.350025576072,8987.449810863958,8988.89181155973,8988.89181155973,2893844,8992.563327109965,8992.87678767638,8992.87678767638,8995.700083884936,8992.87678767638,0,0,0,0,0,0,NIFTYIT
2015-01-30,9001.229595856437,9003.869091515811,9000.304196193016,9001.550768076817,9001.550768076817,4465119,8992.825149539047,8993.271059512765,8993.271059512765,8996.39314587985,8993.271059512765,1,1,0,1,0,0,NIFTYIT
2015-02-02,9007.73431844667,9008.733187913796,9004.3720380812,9006.894413082478,9006.894413082478,2323083,8993.859280511853,8993.863379233186,8993.863379233186,8997.47628655011,8993.863379233186,1,0,0,1,0,0,NIFTYIT
2015-02-03,8999.036506102635,9000.887451517056,8998.863138710964,8999.164165706161,8999.164165706161,4026308,8994.346771114715,8994.084245336227,8994.084245336227,8997.205049962016,8994.084245336227,1,1,0,0,0,0,NIFTYIT
2015-02-04,8999.049606018974,9001.480437038037,8997.980753237973,9000.763232360108,9000.763232360108,4969497,8994.67863962605,8994.351404817182,8994.351404817182,8997.889827634423,8994.351404817182,1,1,0,1,0,0,NIFTYIT
2015-02-05,9001.92353862381,9002.7365899178,9001.915011551931,9001.092337808645,9001.092337808645,3264487,8995.174656524232,8994.6106714707,8994.6106714707,8998.465004926155,8994.6106714707,1,0,0,1,0,0,NIFTYIT
2015-02-06,9001.86484742954,9004.83261216796,9001.727881436589,9002.289422480988,9002.289422480988,2686030,8995.870976315662,8994.895069656266,8994.895069656266,8998.443374106711,8994.895069656266,1,0,0,1,0,0,NIFTYIT
2015-02-09,8999.073901412712,8999.824218868203,8997.672664470096,8999.65416301039,8999.65416301039,2282348,8996.646866902245,8995.065037276056,8995.065037276056,8998.782986688282,8995.065037276056,1,0,0,0,0,0,NIFTYIT
2015-02-10,9003.095565990183,9004.102721065174,9002.86005492404,9003.99051593225,9003.99051593225,2342636,8997.56512099146,8995.372812402133,8995.372812402133,8999.55976078866,8995.372812402133,0,1,0,1,0,0,NIFTYIT
2015-02-11,8997.370357388556,8997.413175817603,8992.763664940565,8998.128705221683,8998.128705221683,3710669,8998.124427749626,8995.464675496118,8995.464675496118,9000.241953523926,8995.464675496118,1,1,0,0,0,0,NIFTYIT
2015-02-12,9003.351974222844,9008.31924095948,9002.951356886266,9002.10741945482,9002.10741945482,4430212,8998.631799099185,8995.678957559301,8995.678957559301,9001.563514313433,8995.678957559301,1,1,0,1,0,0,NIFTYIT
2015-02-13,8997.459344150739,9000.013455272301,8995.988956873965,8998.222839367156,8998.222839367156,3355710,8998.81193366116,8995.758453865797,8995.758453865797,9001.230721442467,8995.758453865797,1,0,0,0,0,0,NIFTYIT
2015-02-16,9007.489044048503,9008.585048726356,9006.447452669263,9006.80623661091,9006.80623661091,3489504,8999.34909517271,8996.093235161103,8996.093235161103,9001.221903795311,8996.093235161103,0,1,0,1,0,0,NIFTYIT
2015-02-17,9005.03564514988,9009.411814369963,9001.97889005941,9006.364282885836,9006.364282885836,3159590,8999.573482737647,8996.395324800065,8996.395324800065,9001.941915513278,8996.395324800065,0,0,0,0,0,0,NIFTYIT
2015-02-18,9010.66393954828,9012.52322944712,9009.980176428147,9010.179488914073,9010.179488914073,2070680,9000.386684401548,8996.789158060466,8996.789158060466,9002.883541168676,8996.789158060466,1,0,0,1,0,0,NIFTYIT
2015-02-19,9010.282220103789,9010.382581276066,9009.86000912485,9010.01348374637,9010.01348374637,2591041,9001.1203303443,8997.15650044063,8997.15650044063,9003.775655762449,8997.15650044063,1,1,0,0,0,0,NIFTYIT
2015-02-20,9016.973064790802,9020.428544986946,9016.624026171292,9017.289755820166,9017.289755820166,4473803,9001.859531601538,8997.700642477914,8997.700642477914,9005.275689096366,8997.700642477914,1,1,0,1,0,0,NIFTYIT
2015-02-23,9022.518153856585,9023.528349871418,9022.080769376957,9023.258497469398,9023.258497469398,1234173,9003.209554615274,8998.373217609269,8998.373217609269,9007.636122542266,8998.373217609269,1,0,0,1,0,0,NIFTYIT
2015-02-24,9019.70197164252,9020.4058937281,9019.560881580128,9018.641146946373,9018.641146946373,1433359,9004.330473216169,8998.892908105092,8998.892908105092,9009.101185643678,8998.892908105092,1,1,0,0,0,0,NIFTYIT
2015-02-25,9015.6863428154,9016.691285685272,9015.655043113664,9014.006720184178,9014.006720184178,1017547,9005.465470331927,8999.270753407069,8999.270753407069,9010.688987139927,8999.270753407069,1,0,0,0,0,0,NIFTYIT
2015-02-26,9010.971064995992,9011.30519168984,9009.095861134278,9011.353781340204,9011.353781340204,3025351,9006.58856882095,8999.56546140544,8999.56546140544,9011.613623328467,8999.56546140544,1,1,0,0,0,0,NIFTYIT
2015-02-27,9000.832371919654,9001.269705012077,8996.588263377633,9001.103761652272,9001.103761652272,3697552,9006.566218499724,8999.602087601792,8999.602087601792,9011.901715556978,8999.602087601792,1,1,0,0,0,0,NIFTYIT
2015-03-02,9009.278101406144,9010.096225619538,9008.095014602926,9008.257637957946,9008.257637957946,2528211,9006.634379743497,8999.803379470539,8999.803379470539,9012.046855691682,8999.803379470539,1,0,0,1,0,0,NIFTYIT
2015-03-03,9004.128000525348,9004.616921854798,9001.676760444447,9005.83101818922,9005.83101818922,3776496,9006.96772236765,8999.940371259601,8999.940371259601,9011.99352922202,8999.940371259601,1,1,0,0,0,0,NIFTYIT
2015-03-04,9005.879459608019,9007.73613337857,9005.769018116816,9005.497524139566,9005.497524139566,4336091,9007.204436956623,9000.063863545822,9000.063863545822,9011.525332744568,9000.063863545822,1,1,0,0,0,0,NIFTYIT
2015-03-05,9005.3404070156,9007.06549410383,9004.595167216272,9004.297123781678,9004.297123781678,2067004,9007.364676255273,9000.155890942255,9000.155890942255,9010.9536967481,9000.155890942255,1,0,0,0,0,0,NIFTYIT
2015-03-06,9002.795950702293,9003.38411505883,9002.612386075849,9001.995127798386,9001.995127798386,1977857,9007.349961521144,9000.195023641321,9000.195023641321,9009.424233945922,9000.195023641321,0,0,0,0,0,0,NIFTYIT
2015-03-09,8998.154464077414,9002.026252587388,8997.544248885237,8999.563585873631,8999.563585873631,1414291,9007.345432664306,9000.181868687827,9000.181868687827,9007.054742786346,9000.181868687827,1,0,0,0,0,0,NIFTYIT
2015-03-10,8996.704821106372,8997.83714958941,8995.023669495193,8995.617277886251,8995.617277886251,3659558,9006.926770762006,9000.08871377351,9000.08871377351,9004.752355880333,9000.08871377351,1,1,0,0,0,0,NIFTYIT
2015-03-11,9001.21679598493,9001.617826622405,8999.327473030104,9001.383783980888,9001.383783980888,1509759,9007.089524699966,9000.114615177656,9000.114615177656,9003.490062260005,9000.114615177656,1,0,0,1,0,0,NIFTYIT
2015-03-12,8997.691964998969,8999.960681146998,8997.152890054631,8997.61760097222,8997.61760097222,3155651,9006.865033775835,9000.065654114806,9000.065654114806,9002.116444223206,9000.065654114806,1,1,0,0,0,0,NIFTYIT
2015-03-13,9006.576496699765,9010.501674841076,9005.995530252338,9008.258592858032,9008.258592858032,2021727,9007.36682145038,9000.223210629098,9000.223210629098,9002.831927343783,9000.223210629098,1,0,0,1,0,0,NIFTYIT
2015-03-16,9000.11673029328,9002.011576479952,8998.311778598201,9000.896893319994,9000.896893319994,3324384,9007.071354285832,9000.235921623265,9000.235921623265,9002.095852879986,9000.235921623265,1,1,0,0,0,0,NIFTYIT
2015-03-17,8998.574145247036,8999.94928369226,8997.838171887992,8999.335535619915,8999.335535619915,3288542,9006.719916922539,9000.219247808389,9000.219247808389,9001.446304623056,9000.219247808389,0,0,0,0,0,0,NIFTYIT
2015-03-18,8991.411481112244,8994.794525858304,8990.486770466845,8991.038484335266,8991.038484335266,1114244,9005.762866693598,9000.05232483615,9000.05232483615,9000.000400642626,9000.05232483615,1,0,0,0,0,0,NIFTYIT
2015-03-19,8999.375383243276,9000.318853542738,8996.514330392323,8998.00414604449,8998.00414604449,3245131,9005.162399808503,9000.01575021487,9000.01575021487,8999.371102868909,9000.01575021487,1,1,0,1,0,0,NIFTYIT
2015-03-20,9001.074422622634,9001.724670883761,9000.863181908564,9000.919065884307,9000.919065884307,1240170,9004.343865311712,9000.031597858193,9000.031597858193,8999.263496677499,9000.031597858193,1,0,0,1,0,0,NIFTYIT
2015-03-23,8998.349844217099,8999.727927117438,8996.17840268412,9000.55588875914,9000.55588875914,4765139,9003.208734876196,9000.040637356486,9000.040637356486,8999.36272696605,9000.040637356486,1,1,0,0,0,0,NIFTYIT
2015-03-24,9003.35870247997,9004.430398389333,9002.546291304243,9004.269919985625,9004.269919985625,3367608,9002.490173528162,9000.112320112912,9000.112320112912,9000.227991175987,9000.112320112912,1,0,0,1,0,0,NIFTYIT
2015-03-25,9004.506521214813,9005.636731617,9003.160748841494,9004.754663052616,9004.754663052616,1258235,9002.027570671582,9000.189692495242,9000.189692495242,9000.56507908316,9000.189692495242,1,0,0,1,0,0,NIFTYIT
2015-03-26,8998.469213002307,8999.135586110027,8996.145720769444,8997.685456888159,8997.685456888159,3790657,9001.34415444898,9000.148639452502,9000.148639452502,9000.571864674755,9000.148639452502,1,1,0,0,0,0,NIFTYIT
2015-03-27,9000.025099420007,9000.963708411062,8998.269181034846,8997.736249931166,8997.736249931166,3180630,9001.175778862926,9000.109729944093,9000.109729944093,8999.519630382067,9000.109729944093,1,0,0,1,0,0,NIFTYIT
2015-03-30,8993.957608814528,8994.78349493041,8993.150700042659,8993.753892766128,8993.753892766128,2442317,9000.450591603334,9000.00884363968,9000.00884363968,8998.805330326682,9000.00884363968,1,0,0,0,0,0,NIFTYIT
2015-03-31,8991.121875221308,8992.641957908161,8990.628632146265,8989.872459688204,8989.872459688204,4016278,8999.652663678284,8999.85046264044,8999.85046264044,8997.85902273351,8999.85046264044,1,1,0,0,0,0,NIFTYIT
2015-04-01,8995.303483139178,8995.631888165239,8994.814641598545,8996.278933074478,8996.278933074478,1371857,8999.191734125028,8999.795516031732,8999.795516031732,8998.383067607432,8999.795516031732,1,0,0,1,0,0,NIFTYIT
2015-04-02,8999.328331477735,9000.451301216704,8996.018726402724,8997.974546639874,8997.974546639874,3619279,8998.875605267938,8999.767925586402,8999.767925586402,8998.38010766697,8999.767925586402,1,1,0,1,0,0,NIFTYIT
2015-04-03,9008.38047939657,9009.889519954371,9008.117546845637,9008.379307304387,9008.379307304387,3871151,8999.19481424324,8999.896453671745,8999.896453671745,8999.126131808978,8999.896453671745,0,1,0,1,0,0,NIFTYIT
2015-04-06,9009.733670083631,9011.2815978092,9009.529115249516,9009.046828934264,9009.046828934264,3085254,8999.66897639627,9000.03101801384,9000.03101801384,8999.975225826489,9000.03101801384,1,0,0,1,0,0,NIFTYIT
2015-04-07,9014.336608026952,9016.757654509716,9013.317738352673,9015.690041407266,9015.690041407266,3591856,9000.67261457232,9000.25796038186,9000.25796038186,9001.117237968656,9000.25796038186,1,1,0,1,0,0,NIFTYIT
2015-04-08,9020.557414134477,9022.07982339945,9016.466356454355,9020.0904285421,9020.0904285421,3607181,9001.607946800383,9000.541281355578,9000.541281355578,9002.650814517603,9000.541281355578,0,1,0,1,0,0,NIFTYIT
2015-04-09,9028.480094668235,9029.581024564426,9027.58587280992,9028.262143207066,9028.262143207066,4443270,9003.140173912125,9000.931716029541,9000.931716029541,9005.708483149494,9000.931716029541,1,1,0,1,0,0,NIFTYIT
2015-04-10,9022.872617461113,9024.102594472784,9020.409967215524,9022.982884501584,9022.982884501584,1552246,9003.876388494302,9001.23798225832,9001.23798225832,9008.233146606535,9001.23798225832,1,0,0,0,0,0,NIFTYIT
2015-04-13,9026.775135698585,9029.882694522856,9024.830559396732,9026.100608370827,9026.100608370827,2854211,9005.136574246844,9001.57856617767,9001.57856617767,9011.467818167006,9001.57856617767,1,1,0,1,0,0,NIFTYIT
2015-04-14,9023.763851807898,9025.719062290082,9021.187954618175,9022.016439162164,9022.016439162164,2832867,9006.270619423954,9001.854753650434,9001.854753650434,9014.682216114401,9001.854753650434,0,0,0,0,0,0,NIFTYIT
2015-04-15,9025.454775744643,9026.315946986246,9025.353509619688,9024.8860466335,9024.8860466335,3966263,9007.962997538867,9002.161837556874,9002.161837556874,9017.542927470302,9002.161837556874,1,1,0,1,0,0,NIFTYIT
2015-04-16,9022.7917722294,9026.169409475497,9021.702683390984,9023.278251728125,9023.278251728125,1444143,9009.226702823049,9002.43968511176,9002.43968511176,9020.073297979128,9002.48360092652,1,0,0,0,0,0,NIFTYIT
2015-04-17,9024.011730112468,9029.785708984991,9023.029919389131,9022.835111060102,9022.835111060102,3349188,9010.322505081838,9002.704560773425,9002.704560773425,9021.5188783547,9002.837211480719,1,1,0,0,0,0,NIFTYIT
2015-04-20,9020.110341998728,9020.913163992178,9018.445871133872,9020.840688423665,9020.840688423665,4462881,9011.336745065066,9002.93707523048,9002.93707523048,9022.69826430364,9003.298930078017,1,1,0,0,0,0,NIFTYIT
2015-04-21,9016.12623054281,9021.029414195662,9015.043649526771,9015.89280145237,9015.89280145237,1171773,9011.917889138402,9003.101071764935,9003.101071764935,9022.71854030815,9003.65197604873,1,0,0,0,0,0,NIFTYIT
2015-04-22,9020.27017164587,9020.459304687189,9019.265234308728,9020.791721812988,9020.791721812988,3690569,9012.71974207642,9003.322204890535,9003.322204890535,9022.78866963524,9004.007520844456,1,1,0,1,0,0,NIFTYIT
2015-04-23,9020.975164577016,9022.019705556486,9018.169366540316,9019.097717000464,9019.097717000464,2427592,9013.790355082037,9003.571601365482,9003.516964299299,9021.872227014579,9004.379863739863,1,0,0,0,0,0,NIFTYIT
2015-04-24,9012.396797510582,9012.949838980729,9011.6090931453,9010.704885830875,9010.704885830875,1921508,9014.43878687702,9003.751483444681,9003.604621878954,9020.644427147508,9004.677755195578,1,0,0,0,0,0,NIFTYIT
2015-04-27,9006.394744586692,9006.69194653607,9005.933263736582,9006.052251807436,9006.052251807436,2418350,9015.053704829088,9003.999489171943,9003.634111396164,9018.63959149117,9004.969967202627,1,1,0,0,0,0,NIFTYIT
2015-04-28,9000.651244870345,9001.878935636136,8996.884909141974,9001.034226849848,9001.034226849848,2952422,9015.611793187169,9004.144737586954,9003.60316038966,9016.541370259938,9005.175417771983,1,1,0,0,0,0,NIFTYIT
2015-04-29,9008.920546174932,9009.132527772656,9006.524407452842,9009.974308717085,9009.974308717085,3890940,9016.296561969299,9004.342843169248,9003.678115075865,9015.050196468295,9005.482507620767,1,1,0,1,0,0,NIFTYIT
2015-04-30,9011.48763382322,9014.81903496289,9007.246584812274,9010.942217921982,9010.942217921982,2591554,9016.944945533405,9004.589970895213,9003.76258138803,9013.816593087682,9005.735603960213,1,0,0,1,0,0,NIFTYIT
2015-05-01,9004.561692829466,9005.290438266138,9004.2595703035,9005.956637154392,9005.956637154392,2674701,9016.823812025905,9004.809891026487,9003.787800419826,9012.128745697111,9005.886757147235,0,1,0,0,0,0,NIFTYIT
2015-05-04,9003.270149915883,9004.049605236927,9002.09649307534,9004.183976014188,9004.183976014188,2347232,9016.5806693799,9005.06048633568,9003.792302415217,9010.463074456162,9005.995036742359,1,0,0,0,0,0,NIFTYIT
2015-05-05,9004.381221911926,9007.028108179931,9002.662135707007,9004.146004650851,9004.146004650851,1288921,9016.003467542081,9005.291993466966,9003.796276597639,9009.28839477601,9006.025296383208,1,0,0,0,0,0,NIFTYIT
2015-05-06,9011.48445360172,9016.881644736324,9010.673605570664,9010.95977573527,9010.95977573527,2102122,9015.546934901738,9005.592208537928,9003.875871032502,9008.305200168239,9006.252553984532,1,1,0,1,0,0,NIFTYIT
2015-05-07,9009.578643326093,9011.640210830854,9006.4794224817,9009.66276941409,9009.66276941409,1966688,9014.61696621209,9005.813493249809,9003.939463322411,9007.361705409601,9006.443516711503,0,0,0,0,0,0,NIFTYIT
2015-05-08,9008.875758273254,9011.397350645117,9006.808061534293,9008.56567835017,9008.56567835017,4843296,9013.89610590452,9005.987812377589,9003.989748268365,9007.14778466153,9006.524316013833,1,1,0,0,0,0,NIFTYIT
2015-05-11,9004.435996443326,9004.968642345546,9003.950295853185,9005.304182318096,9005.304182318096,2801804,9012.856284601883,9006.103327076818,9004.003881967825,9007.072977712596,9006.644931282144,1,0,0,0,0,0,NIFTYIT
2015-05-12,9012.46431619002,9012.596941412556,9011.382760569497,9012.282589592693,9012.282589592693,3645414,9012.36959212341,9006.233402801887,9004.091953325535,9008.19781398688,9006.859062144335,1,1,0,1,0,0,NIFTYIT
2015-05-13,9011.587903543788,9015.43054510504,9010.605626813063,9012.901898376558,9012.901898376558,3008168,9011.770384710562,9006.470733336144,9004.18468958923,9008.49057295283,9007.146997084434,1,0,0,1,0,0,NIFTYIT
2015-05-14,9013.432204618515,9014.78224740125,9013.19789609381,9013.28747817547,9013.28747817547,2080375,9011.270846032929,9006.695069752195,9004.27951030367,9008.725098978179,9007.47227263931,1,0,0,1,0,0,NIFTYIT
2015-05-15,9011.204060890885,9012.939522537175,9010.4424477534,9010.53807589885,9010.53807589885,1483985,9010.655994274868,9006.795474067489,9004.344031598466,9009.183242852623,9007.592103410272,1,0,0,0,0,0,NIFTYIT
2015-05-18,9001.842057695954,9002.213115853547,8998.566164032512,9002.242479474739,9002.242479474739,3050369,9009.726083827421,9006.870279595989,9004.32258718904,9008.989093198677,9007.530077628835,1,1,0,0,0,0,NIFTYIT
2015-05-19,9005.586746890327,9005.741640052465,9002.609867820227,9005.865539319146,9005.865539319146,2220769,9009.22472072076,9006.990814150873,9004.338172564092,9009.161046665507,9007.619429277007,1,0,0,1,0,0,NIFTYIT
2015-05-20,9009.069281412065,9011.751246855154,9006.958761150247,9008.572882933213,9008.572882933213,3661286,9008.61377877677,9007.206640464176,9004.380519667782,9008.922357385303,9007.723557951314,1,1,0,1,0,0,NIFTYIT
2015-05-21,9016.498664408686,9018.826632847416,9015.646835865107,9015.553495390208,9015.553495390208,3699254,9008.436567696259,9007.539911512056,9004.491143189787,9009.511429982915,9007.916373385737,0,1,0,1,0,0,NIFTYIT
2015-05-22,9011.861507718377,9012.42449841583,9010.44677393463,9011.556441287024,9011.556441287024,2391151,9008.479145469066,9007.664982427184,9004.56041081819,9009.8105062766,9008.039933636483,1,0,0,0,0,0,NIFTYIT
2015-05-25,9005.633705330183,9007.222005529324,9002.774386426066,9005.65105060765,9005.65105060765,1661854,9008.459085409075,9007.649440396248,9004.570999554011,9009.845193105555,9008.119892137782,1,0,0,0,0,0,NIFTYIT
2015-05-26,9014.54891663288,9016.736010857474,9014.398874943434,9013.329264963038,9013.329264963038,3824738,9009.073837314736,9007.82650413696,9004.655213644483,9009.94986064259,9008.244408791525,1,1,0,1,0,0,NIFTYIT
2015-05-27,9021.596035590794,9022.508466638072,9020.60807200133,9020.900992867517,9020.900992867517,3468416,9009.620171522258,9008.078226143301,9004.80993535137,9010.749770091687,9008.54803929347,0,0,0,1,0,0,NIFTYIT
2015-05-28,9009.401650467293,9009.74487214334,9008.052814703971,9009.470093001755,9009.470093001755,4618664,9009.546565276247,9008.182948083217,9004.853899102787,9010.368031574315,9008.646208274096,1,1,0,0,0,0,NIFTYIT
2015-05-29,9009.87186436294,9012.477571040978,9007.812924951812,9009.530698201315,9009.530698201315,2694605,9009.725268328593,9008.273464029719,9004.897607505578,9010.267293804562,9008.796979725217,1,0,0,1,0,0,NIFTYIT
2015-06-01,9006.304918513802,9006.616545674846,9005.668441133073,9005.627302760176,9005.627302760176,3669469,9009.797434665892,9008.348128276592,9004.90436394312,9010.605776133105,9008.78126060721,1,1,0,0,0,0,NIFTYIT
2015-06-02,9004.940738521242,9005.059347802187,9004.784204186168,9006.61965189651,9006.61965189651,3811415,9009.921117028174,9008.380992476144,9004.920100529847,9010.681187390841,9008.78466552735,0,1,0,1,0,0,NIFTYIT
2015-06-03,8991.312810075815,8991.500710618186,8987.962107898178,8993.042647800554,8993.042647800554,1738106,9009.025260631439,9008.317416758382,9004.812123686856,9009.128163877574,9008.556174312504,1,0,0,0,0,0,NIFTYIT
2015-06-04,8981.64706165705,8983.006475009692,8978.247501336713,8981.777469284012,8981.777469284012,2975304,9007.630995624935,9008.063292381248,9004.60460427782,9005.750561266956,9008.179694119672,1,1,0,0,0,0,NIFTYIT
2015-06-05,8984.552021281952,8987.139151955607,8982.782385064416,8983.57941562096,8983.57941562096,1471755,9006.381682488474,9007.880249584417,9004.416879379098,9002.952858700348,9007.730222917015,1,0,0,1,0,0,NIFTYIT
2015-06-08,8982.7316703752,8985.059462638797,8981.983156114678,8983.053108881337,8983.053108881337,1280251,9005.269128816635,9007.5833354878,9004.227819463189,9000.693064527717,9007.194151069174,1,0,0,0,0,0,NIFTYIT
2015-06-09,8981.419507836401,8982.443888726872,8978.93085764898,8980.127246175605,8980.127246175605,3075591,9003.661361645782,9007.255372528922,9004.016410925578,8997.372862648974,9006.680632392232,1,1,0,0,0,0,NIFTYIT
2015-06-10,8979.942231360885,8981.075864959996,8978.658230134159,8979.39830845893,8979.39830845893,4424237,9001.9861821499,9006.870607773231,9003.802340469347,8993.222594208115,9006.21918690256,1,1,0,0,0,0,NIFTYIT
2015-06-11,8982.88464843568,8984.383579151847,8980.88199472914,8984.607451792668,8984.607451792668,3861461,9000.55218083076,9006.55303237381,9003.6368672911,8990.736330087208,9005.86256917526,1,0,0,1,0,0,NIFTYIT
2015-06-12,8987.518308921126,8989.47497153161,8986.512781030548,8989.186162266506,8989.186162266506,3171798,8999.484585149145,9006.20173745439,9003.513356991743,8988.701876493726,9005.703667850117,1,0,0,1,0,0,NIFTYIT
2015-06-15,8986.208521220411,8992.40785945051,8982.160391045167,8985.11018325296,8985.11018325296,4218390,8998.627970338053,9005.724883526684,9003.357397892261,8986.650164543005,9005.395035120717,1,1,0,0,0,0,NIFTYIT
2015-06-16,8989.527148311727,8990.488245346221,8986.407754823584,8990.341967259781,8990.341967259781,3019305,8997.851791735085,9005.371143780601,9003.248024525605,8985.022396079332,9005.18851444166,1,0,0,1,0,0,NIFTYIT
2015-06-17,8984.943483492147,8986.638958497782,8984.816037404882,8984.940912891258,8984.940912891258,3082808,8996.670193232989,9005.00782118944,9003.095465261984,8984.212222588401,9004.914426291682,0,1,0,0,0,0,NIFTYIT
2015-06-18,8983.006356571967,8984.469561301477,8982.662176163392,8983.37940772901,8983.37940772901,1130882,8995.06148884993,9004.658141519301,9002.932522637744,8984.372416432901,9004.635523410978,1,0,0,0,0,0,NIFTYIT
2015-06-19,8991.768313235914,8997.593437847998,8990.856257772251,8994.145935139011,8994.145935139011,3168235,8994.190963542529,9004.571168687884,9002.860501428739,8985.429068384707,9004.530867508853,1,1,0,1,0,0,NIFTYIT
2015-06-22,9002.374870572407,9002.626647255966,9001.701782957954,9003.217362467381,9003.217362467381,4884413,8994.069279135514,9004.508165244253,9002.863402737996,8987.445493743311,9004.579584530104,1,1,0,1,0,0,NIFTYIT
2015-06-23,9005.673062262938,9006.628968860094,9005.01576657965,9005.374712229826,9005.374712229826,4147823,8993.671551498854,9004.502461419761,9002.883655233898,8989.970240348734,9004.709683654684,1,0,0,1,0,0,NIFTYIT
2015-06-24,8991.004014778964,8992.026183727154,8988.776827263971,8992.821023834395,8992.821023834395,1196112,8992.267553047199,9004.344005165945,9002.8031541827,8991.312511886279,9004.595513519398,1,0,0,0,0,0,NIFTYIT
2015-06-25,8987.058243670443,8988.478370027044,8985.601808783478,8986.609570714852,8986.609570714852,3974582,8991.124526932854,9004.12291075261,9002.674633678987,8991.512723778498,9004.448739782634,1,1,0,0,0,0,NIFTYIT
2015-06-26,8990.25232396727,8991.979453351676,8989.353410968166,8988.279284192271,8988.279284192271,2056646,8990.061956232401,9003.951462707535,9002.56128447043,8991.422035971074,9004.182349000423,1,0,0,1,0,0,NIFTYIT
2015-06-29,8990.287715126005,8990.953760464154,8989.883900079647,8991.292660565476,8991.292660565476,1010422,8989.345224122666,9003.848076141181,9002.473248346174,8992.040283702327,9004.054292563695,1,0,0,1,0,0,NIFTYIT
2015-06-30,8989.51578033014,8991.73267979931,8987.582961434442,8989.436389841318,8989.436389841318,1498869,8988.486061019907,9003.770815040622,9002.372187427532,8991.94972596048,9003.922303953315,1,1,0,0,0,0,NIFTYIT
2015-07-01,8988.424167913778,8989.682407064764,8986.44100266798,8990.131383249323,8990.131383249323,4471373,8988.340497792346,9003.630160031476,9002.278027395392,8992.468772996286,9003.910209272168,1,1,0,1,0,0,NIFTYIT
2015-07-02,8998.050015323806,9001.793783184075,8997.661910949791,8996.182445122935,8996.182445122935,2340168,8989.06074658429,9003.61222058336,9002.231496233006,8993.74907673568,9003.885919926546,1,0,0,1,0,0,NIFTYIT
2015-07-03,9006.079495830138,9006.770075425766,9004.92970959158,9006.376306820895,9006.376306820895,4712454,8990.200591144287,9003.588692007896,9002.262896313217,8994.972113903868,9003.958683139035,1,1,0,1,0,0,NIFTYIT
2015-07-06,9007.366010793292,9010.171807420733,9006.664436807338,9007.166728749231,9007.166728749231,4794799,8991.406272137681,9003.667064950761,9002.299767233788,8995.367050532052,9004.046827672237,0,1,0,1,0,0,NIFTYIT
2015-07-07,9006.554879709585,9009.797386130753,9006.052110742783,9007.009659996673,9007.009659996673,4991927,8992.750392828735,9003.76299150547,9002.334915687243,8995.530545308737,9004.08335753905,0,1,0,0,0,0,NIFTYIT
2015-07-08,8998.430238710705,8999.33786067581,8995.644213095906,8999.717785934175,8999.717785934175,2832805,8993.766366702497,9003.871482775456,9002.315529540925,8996.220221518715,9004.016199177471,1,0,0,0,0,0,NIFTYIT
2015-07-09,9011.86321836567,9016.132321470515,9011.298619390967,9010.455853590234,9010.455853590234,4099090,8995.058786792377,9004.027129119779,9002.375384864818,8998.604849806254,9004.186471133498,1,1,0,1,0,0,NIFTYIT
2015-07-10,9016.726759962765,9017.921787099898,9016.533427769817,9016.095772175113,9016.095772175113,2926543,8996.404267287808,9004.216837948414,9002.475533677301,9001.386498604537,9004.431264763418,1,0,0,1,0,0,NIFTYIT
2015-07-13,9006.339003909432,9007.4787586711,9004.209285006193,9005.866820999927,9005.866820999927,2922761,8997.442099175154,9004.283224601424,9002.500108223117,9002.843914647983,9004.592770473202,0,0,0,0,0,0,NIFTYIT
2015-07-14,8999.991203074183,9001.052153554454,8996.824667208108,9001.164102479921,9001.164102479921,4412085,8997.983205936162,9004.244401882603,9002.490496671007,9004.016685911844,9004.743325710426,1,1,0,0,0,0,NIFTYIT
2015-07-15,9004.014564365574,9004.094752172039,9003.632279062214,9004.314040289186,9004.314040289186,4191993,8998.951862306058,9004.238894098058,9002.503521982566,9005.434951615829,9004.850460473288,0,0,0,1,0,0,NIFTYIT
2015-07-16,9007.460718714754,9008.13989796241,9005.952431760626,9008.595384456978,9008.595384456978,1625132,9000.212661142456,9004.375268192669,9002.546726680965,9006.676245549232,9004.992071644183,1,0,0,1,0,0,NIFTYIT
2015-07-17,8995.772074615805,8996.941825402482,8991.372223160704,8996.219881611634,8996.219881611634,3757567,9000.316358466087,9004.356313588676,9002.502171433998,9005.660603028307,9004.829945968278,1,1,0,0,0,0,NIFTYIT
2015-07-20,9004.360152838211,9005.03824196834,9003.032474481322,9004.683852262286,9004.683852262286,1253320,9000.389682955833,9004.492938082378,9002.517427943287,9005.412315379614,9004.771772945986,1,0,0,1,0,0,NIFTYIT
2015-07-21,8998.880900866512,8999.16452157098,8997.898382140358,8999.906240738235,8999.906240738235,4298926,9000.116259381253,9004.618360345503,9002.499294698808,9004.70197345377,9004.5613222704,1,1,0,0,0,0,NIFTYIT
2015-07-22,9006.01046678873,9007.84364342006,9005.784757047675,9006.080032670881,9006.080032670881,3178507,9000.779209823077,9004.740874090458,9002.523989443442,9005.33819812744,9004.374516992115,1,0,0,1,0,0,NIFTYIT
2015-07-23,9013.080596033691,9015.93720481703,9009.983336318925,9011.578585906724,9011.578585906724,4738641,9002.02766058267,9004.910924581292,9002.586007227439,9005.450471359089,9004.152069561445,1,1,0,1,0,0,NIFTYIT
2015-07-24,9010.819329029093,9012.688000722328,9010.490847710867,9010.19383266901,9010.19383266901,3010498,9003.123388006508,9004.933606148352,9002.637761142007,9004.860277408477,9003.981548870346,1,0,0,0,0,0,NIFTYIT
2015-07-27,9011.8085381563,9013.665847921353,9008.4112285323,9011.404170637164,9011.404170637164,2986855,9004.128963510093,9004.963072919638,9002.696993638594,9005.4140123722,9003.78559636723,0,0,0,1,0,0,NIFTYIT
2015-07-28,9017.211257915716,9017.501188818438,9017.037847000487,9019.298556328718,9019.298556328718,3463959,9005.622071834463,9005.008179356157,9002.808413522422,9007.227457757082,9003.74935792945,1,1,0,1,0,0,NIFTYIT
2015-07-29,9012.04512136169,9013.699447061888,9010.416977593735,9012.591099357973,9012.591099357973,1094958,9006.745057639895,9004.914437741354,9002.873631427992,9008.055163663961,9003.58542529911,1,0,0,0,0,0,NIFTYIT
2015-07-30,9011.19112966365,9012.78546119118,9010.020813158808,9010.939418792092,9010.939418792092,3712408,9007.482906323352,9004.697903686169,9002.92704723835,9008.289567097472,9003.42090752663,1,1,0,0,0,0,NIFTYIT
2015-07-31,9016.353154177204,9017.429780724578,9014.64396777562,9017.223495552018,9017.223495552018,4757034,9008.025265759909,9004.625911324298,9003.021102819363,9010.38992849151,9003.34608598652,1,1,0,1,0,0,NIFTYIT
2015-08-03,9031.680840776107,9032.960317086869,9029.937074411528,9030.909593732657,9030.909593732657,4697977,9009.21240900908,9004.686023641321,9003.203380537749,9013.012502638547,9003.480338057307,0,0,0,1,0,0,NIFTYIT
2015-08-04,9021.87258981544,9024.881461854126,9018.830512185374,9021.189685332933,9021.189685332933,3625988,9009.921410275892,9004.675689218455,9003.32017472473,9015.140847098017,9003.550963175716,1,0,0,0,0,0,NIFTYIT
2015-08-05,9016.94906903696,9018.133019681298,9015.172475906556,9017.452829539649,9017.452829539649,3269451,9010.808162456167,9004.582774004783,9003.411353142892,9016.278126784893,9003.50644461207,0,0,0,0,0,0,NIFTYIT
2015-08-06,9019.72311660449,9020.644474782286,9017.294679587849,9020.837855716149,9020.837855716149,4707996,9011.327262562463,9004.552269054631,9003.523061492719,9017.204053765836,9003.529646461613,1,1,0,1,0,0,NIFTYIT
2015-08-07,9025.578697275669,9026.175079416076,9025.346587048747,9025.62730944897,9025.62730944897,1773221,9011.803839426155,9004.587171534495,9003.663852880976,9018.747401443832,9003.728612109855,1,0,0,1,0,0,NIFTYIT
2015-08-10,9029.284216176544,9031.889899672517,9027.341889584928,9028.539245835513,9028.539245835513,1535773,9012.937460667934,9004.683403502142,9003.821292076891,9020.460908963669,9004.028438696896,1,0,0,1,0,0,NIFTYIT
2015-08-11,9029.828374644578,9033.30063925442,9029.691069746355,9027.512504663631,9027.512504663631,1765513,9014.25488077712,9004.828649792282,9003.970293413915,9021.282303797158,9004.381482401079,1,1,0,0,0,0,NIFTYIT
2015-08-12,9020.773462879662,9020.80120220187,9018.223990824685,9020.802154295672,9020.802154295672,4403574,9015.079286477445,9004.828780198315,9004.075492544425,9022.103409290929,9004.52585367546,1,1,0,0,0,0,NIFTYIT
2015-08-13,9023.001404769211,9027.130641606427,9022.273411312306,9022.543062703327,9022.543062703327,4620012,9015.776670389761,9004.871847019602,9004.19019794914,9023.263773682052,9004.680531605878,0,1,0,1,0,0,NIFTYIT
2015-08-14,9016.918436609236,9017.03234007674,9015.964455581408,9016.154196494956,9016.154196494956,2363854,9016.773386133927,9004.939963402901,9004.264049792015,9023.156843776345,9004.816499063752,1,0,0,0,0,0,NIFTYIT
2015-08-17,9009.021896085327,9009.346894740447,9006.324841489799,9008.457458664392,9008.457458664392,1894414,9016.962066454033,9004.970028488613,9004.289776226815,9020.91163026952,9004.873478832422,1,0,0,0,0,0,NIFTYIT
2015-08-18,9007.683286937834,9007.825970709571,9005.184880137771,9007.139673366964,9007.139673366964,3614818,9017.32373808547,9005.046346570078,9004.3071536484,9019.506629072923,9004.913394415304,1,1,0,0,0,0,NIFTYIT
2015-08-19,8997.529800933076,9000.793503610043,8996.119766429167,8999.697005838207,8999.697005838207,3423438,9017.004586743835,9004.917880284092,9004.279213358643,9017.731046702778,9004.763224150009,0,0,0,0,0,0,NIFTYIT
2015-08-20,8997.214397797616,8997.439578379552,8994.488941218495,8995.964335470335,8995.964335470335,1199563,9016.223874222018,9004.730656753445,9004.229123732808,9015.243694678198,9004.580578364092,1,0,0,0,0,0,NIFTYIT
2015-08-21,8997.462278148074,8999.208089557324,8996.963262350562,8996.729521955758,8996.729521955758,3515060,9015.550658686352,9004.615317813465,9004.184215937737,9012.353915928876,9004.4227629455,1,1,0,1,0,0,NIFTYIT
2015-08-24,8987.321047538544,8990.540586111289,8985.104358776573,8986.591388446534,8986.591388446534,3789362,9014.310019576822,9004.39541046887,9004.07949672648,9008.159130189977,9004.173259027213,0,1,0,0,0,0,NIFTYIT
2015-08-25,8992.578585970612,8993.556272945,8991.85365959292,8992.9108026287,8992.9108026287,2205219,9012.99063189182,9004.254970443591,9004.013409779154,9004.698959986485,9003.91496853436,1,0,0,1,0,0,NIFTYIT
2015-08-26,8993.45060345617,8993.58360768652,8992.599365921324,8993.452749527152,8993.452749527152,1468360,9012.03371440028,9004.03613261599,9003.951288248261,9001.964019509633,9003.655646549701,1,0,0,1,0,0,NIFTYIT
2015-08-27,8994.940245314463,8996.172207657335,8993.89023007043,8993.48113960303,8993.48113960303,3644468,9011.160800440828,9003.833862243351,9003.890059308815,8999.057827199602,9003.391562035402,1,1,0,1,0,0,NIFTYIT
2015-08-28,8995.771345282223,8997.651658901157,8994.511041731426,8996.131596927215,8996.131596927215,3343896,9010.106205509586,9003.678436225564,9003.844951969388,8997.055567242827,9003.199475649113,0,0,0,1,0,0,NIFTYIT
2015-08-31,9000.56864011049,9002.275073505782,8997.37345686966,8999.395774980596,8999.395774980596,2893086,9008.530514571985,9003.604581133844,9003.819234183324,8996.14939887445,9003.161519589192,1,0,0,1,0,0,NIFTYIT
2015-09-01,8989.168011873498,8989.596362317247,8988.385466780308,8989.99056937858,8989.99056937858,2809736,9006.970558774266,9003.32593088117,9003.73975909824,8994.43448847561,9002.949853323318,0,0,0,0,0,0,NIFTYIT
2015-09-02,8997.897223407936,8997.989908931879,8993.635469241519,8997.687859008442,8997.687859008442,3815502,9005.982310247706,9003.135755389068,9003.705176812013,8994.233573792635,9002.804719670989,1,1,0,1,0,0,NIFTYIT
2015-09-03,8996.73571218064,8997.394696279696,8994.303253458665,8996.990507128441,8996.990507128441,1239626,9004.78994281832,9002.932043250981,9003.66702527972,8994.336190958446,9002.55721316083,1,0,0,0,0,0,NIFTYIT
2015-09-04,8995.755313051866,8996.626417868032,8994.68265245164,8995.875634332011,8995.875634332011,3666200,9003.302359062473,9002.748762731393,9003.623006121823,8994.250802196071,9002.348135734763,1,1,0,0,0,0,NIFTYIT
2015-09-07,8996.55270487576,8997.016795230731,8992.523071680806,8994.895857494208,8994.895857494208,3995933,9001.620189645408,9002.656929956636,9003.57397719695,8995.081249100836,9002.204733159917,0,1,0,0,0,0,NIFTYIT
2015-09-08,9002.34222043199,9003.487540415957,8999.801553898564,9001.95863478676,9001.95863478676,1686792,9000.342496151565,9002.608093649982,9003.564952937673,8995.986032316645,9002.053124757565,1,0,0,1,0,0,NIFTYIT
2015-09-09,8996.633839639799,8997.22114385103,8995.294882874687,8996.535419582258,8996.535419582258,1007582,8999.129159415894,9002.457625358096,9003.52589997459,8996.294299322155,9001.728250447095,1,0,0,0,0,0,NIFTYIT
2015-09-10,8996.289752127794,8997.552501680913,8992.2871310488,8996.629180650272,8996.629180650272,3318163,8997.83346531324,9002.221071423846,9003.487796552907,8996.60910342688,9001.55703828241,1,1,0,1,0,0,NIFTYIT
2015-09-11,8998.779841505468,8999.364304196966,8997.73502631355,8997.205458153918,8997.205458153918,2377360,8996.886028396188,9002.041684134683,9003.453278210056,8996.716489549548,9001.392701748446,1,0,0,1,0,0,NIFTYIT
2015-09-14,8998.815642079586,9000.126914131934,8996.934116802113,8999.17933923347,8999.17933923347,1817980,8996.422122424641,9001.960787742504,9003.42992335226,8996.694845974835,9001.306728901422,1,0,0,1,0,0,NIFTYIT
2015-09-15,8993.988940451078,8994.61977137259,8993.586785007956,8993.344199966377,8993.344199966377,1364201,8995.732348754613,9001.710974430047,9003.375109638206,8997.030209033615,9001.129722875687,1,0,0,0,0,0,NIFTYIT
2015-09-16,8987.044932001772,8987.23676405025,8986.710283743994,8987.363463200792,8987.363463200792,3681786,8995.115671622743,9001.291755309212,9003.288560198005,8995.997769452852,9001.054000414355,1,1,0,0,0,0,NIFTYIT
2015-09-17,8988.45208159022,8991.618435203445,8988.224143301137,8988.97141599549,8988.97141599549,2578672,8994.766025649,9001.035521846634,9003.211586304442,8995.195860339556,9001.149919703841,1,0,0,1,0,0,NIFTYIT
2015-09-18,8987.286133600921,8989.343523000438,8986.191763608362,8987.693164664131,8987.693164664131,2947810,8994.31420778442,9000.76255267742,9003.128600092461,8994.377613372768,9001.204769691087,1,1,0,0,0,0,NIFTYIT
2015-09-21,8986.9845664093,8988.360652710613,8986.46296132924,8988.021128377475,8988.021128377475,2072672,8994.385694780965,9000.542475497636,9003.048241200362,8993.690140461094,9001.271009951033,1,0,0,1,0,0,NIFTYIT
2015-09-22,8988.38418262142,8988.407961589786,8985.821816735468,8988.386278347107,8988.386278347107,1561277,8994.159468566886,9000.31455832827,9002.970664677328,8992.332904817129,9001.381130379987,1,0,0,1,0,0,NIFTYIT
2015-09-23,8991.30557874094,8992.508477895823,8988.622650741512,8990.323527249904,8990.323527249904,1038577,8994.003007453024,9000.280569321385,9002.904100796131,8991.711715583893,9001.526799963867,1,0,0,1,0,0,NIFTYIT
2015-09-24,8994.223668498045,8996.574072080153,8993.126664026635,8994.08865965031,8994.08865965031,2289103,8994.033383455388,9000.434459200964,9002.857946654007,8991.457663483898,9001.653216068637,1,1,0,1,0,0,NIFTYIT
2015-09-25,8990.995679886788,8993.52203855521,8988.84987397488,8989.801063730058,8989.801063730058,1013983,8993.71685679553,9000.512229802329,9002.789942055444,8990.717224041513,9001.661414754815,1,0,0,0,0,0,NIFTYIT
2015-09-28,8988.133464718827,8989.546140534048,8987.468879519149,8987.40557236783,8987.40557236783,1250522,8993.117346664892,9000.56663559591,9002.710230295404,8989.539847354947,9001.692019943015,1,1,0,0,0,0,NIFTYIT
2015-09-29,8978.223454064553,8978.227772719521,8976.513721487088,8978.954488478208,8978.954488478208,1361530,8992.565542619874,9000.551976124692,9002.587778017996,8988.10087620613,9001.540186892595,0,1,0,0,0,0,NIFTYIT
2015-09-30,8977.18751184894,8979.839181102823,8977.137480072148,8978.272800532504,8978.272800532504,2793798,8991.594789696077,9000.537907275611,9002.463085825762,8987.1918099393,9001.451278727809,1,1,0,0,0,0,NIFTYIT
2015-10-01,8974.684144472241,8975.628657529773,8970.585055308247,8975.389368104565,8975.389368104565,4732348,8990.514732744883,9000.422681229511,9002.3249546129,8985.833605150208,9001.34474486615,1,1,0,0,0,0,NIFTYIT
2015-10-02,8977.327749996757,8977.827801135885,8975.518865121492,8977.211010689402,8977.211010689402,1148501,8989.581501562752,9000.272991834796,9002.197472664051,8984.785389752735,9001.11894587349,1,0,0,1,0,0,NIFTYIT
2015-10-05,8972.483222691415,8975.329370498592,8972.374332919831,8971.151417986137,8971.151417986137,4682162,8988.394279587348,9000.098507268962,9002.040674408101,8983.098418713602,9000.691399947073,1,1,0,0,0,0,NIFTYIT
2015-10-06,8971.840799981925,8972.002582909938,8968.945390267603,8971.871335966734,8971.871335966734,4962869,8986.889914646348,8999.867624377799,9001.889069692315,8981.446924475564,9000.244688263565,0,1,0,1,0,0,NIFTYIT
2015-10-07,8972.035814462211,8972.210801311123,8971.250557383635,8971.089076825705,8971.089076825705,2255972,8985.617597508519,8999.694476426977,9001.735069727982,8979.523479433145,8999.954928970115,1,0,0,0,0,0,NIFTYIT
2015-10-08,8968.824363906942,8971.926994675216,8968.290869718037,8968.86740252517,8968.86740252517,3553647,8984.229508602264,8999.513076361929,9001.57154899563,8977.00135372063,8999.718366727588,1,1,0,0,0,0,NIFTYIT
2015-10-09,8974.007948688313,8976.844438397538,8972.708216326144,8972.989692747378,8972.989692747378,4262930,8983.018720331938,8999.248623332036,9001.430054657767,8975.320216622362,8999.514505508321,1,1,0,1,0,0,NIFTYIT
2015-10-12,8964.326346443202,8965.957017094452,8964.256592383328,8965.859254191395,8965.859254191395,1582073,8981.352716079835,8998.781646978587,9001.254829039706,8973.16558480472,8999.175393423335,1,0,0,0,0,0,NIFTYIT
2015-10-13,8960.479042083347,8962.14123916599,8960.465701551795,8960.611835483523,8960.611835483523,1000468,8979.716097855691,8998.222111019257,9001.055598679137,8971.33131950525,8998.791066031896,1,0,0,0,0,0,NIFTYIT
2015-10-14,8955.531956621295,8956.3400923402,8954.148681723313,8955.905253102981,8955.905253102981,2355134,8978.1431873508,8997.760663885114,9000.835353090959,8969.0945647623,8998.334717629945,1,1,0,0,0,0,NIFTYIT
2015-10-15,8953.438060264183,8953.82789625417,8952.288072226915,8952.250525119232,8952.250525119232,3058873,8976.307142806987,8997.331175815169,9000.599504411484,8966.780680463766,8997.748958696564,1,1,0,0,0,0,NIFTYIT
2015-10-16,8957.450943611779,8958.550768239123,8954.784494053236,8957.274266624103,8957.274266624103,2589326,8974.786197904987,8996.943613095567,9000.390203745845,8964.787006057235,8997.094264827272,1,0,0,1,0,0,NIFTYIT
2015-10-19,8967.364725501326,8967.627897958804,8967.201843906116,8966.440368337931,8966.440368337931,1206573,8973.707159903008,8996.632959442722,9000.226983383309,8964.315901092416,8996.551246688454,1,0,0,1,0,0,NIFTYIT
2015-10-20,8965.029160682927,8969.743559537603,8961.364461382234,8963.568410230813,8963.568410230813,1997207,8972.466266497195,8996.30960969759,9000.051583511766,8963.485608518824,8995.97203002491,1,1,0,0,0,0,NIFTYIT
2015-10-21,8967.081578796036,8967.154931248051,8964.271643202714,8965.117815323583,8965.117815323583,3642570,8971.205980900879,8995.99694009852,8999.88523223468,8962.888482368611,8995.510697083437,1,1,0,1,0,0,NIFTYIT
2015-10-22,8966.633268303754,8969.358263946906,8965.555403267008,8966.13586116533,8966.13586116533,3279914,8969.80834097663,8995.62135779905,8999.725282608757,8962.615328232627,8994.919763851101,0,0,0,1,0,0,NIFTYIT
2015-10-23,8967.502043519042,8967.868724059092,8965.027806885773,8968.178042052114,8968.178042052114,4896963,8968.727189892732,8995.14387948944,8999.576474870282,8962.134163163102,8994.280860782797,1,1,0,1,0,0,NIFTYIT
2015-10-26,8966.0597302813,8969.380213057457,8964.988042301027,8968.407855182415,8968.407855182415,1865078,8967.777304033461,8994.659393569855,8999.430143322452,8962.389023262203,8993.78140790523,1,0,0,1,0,0,NIFTYIT
2015-10-27,8964.65131818264,8967.437892237323,8964.151284070495,8966.20062630371,8966.20062630371,4894052,8967.139610924736,8994.149280648693,8999.274865205542,8962.947902344222,8993.31522822288,1,1,0,0,0,0,NIFTYIT
2015-10-28,8971.335897675643,8973.30309542054,8970.666464232696,8970.052362765922,8970.052362765922,2692346,8966.728589036407,8993.778462859089,8999.138946589545,8964.362613310515,8992.858405855903,1,0,0,1,0,0,NIFTYIT
2015-10-29,8965.32876324667,8965.678937341929,8963.084042127304,8965.50736952654,8965.50736952654,4504811,8966.234489107506,8993.216606808292,8998.983244843883,8965.688297751247,8992.283898990163,1,1,0,0,0,0,NIFTYIT
2015-10-30,8976.660405059236,8976.992868363433,8975.52890115232,8976.804686080155,8976.804686080155,3079889,8966.214172877044,8992.725468232105,8998.881039503956,8967.641339696853,8992.025029716411,1,0,0,1,0,0,NIFTYIT
2015-11-02,8969.189384433359,8971.917329431511,8967.483497890842,8969.213239836805,8969.213239836805,1483931,8966.117263969576,8992.267298467566,8998.744948679796,8967.918626846738,8991.552088217404,1,0,0,0,0,0,NIFTYIT
2015-11-03,8971.415643440516,8972.11769513779,8971.012803119607,8970.479270191969,8970.479270191969,3757238,8966.047660680839,8991.883738063967,8998.615881654738,8968.609712842856,8991.15972861012,1,1,0,1,0,0,NIFTYIT
2015-11-04,8973.588950064806,8974.113667002684,8972.646095819026,8976.188545645566,8976.188545645566,2117694,8966.302634121832,8991.532169380922,8998.513939218332,8969.716785875053,8990.761175449785,1,0,0,1,0,0,NIFTYIT
2015-11-05,8973.478222263331,8974.039614331265,8972.883495733804,8973.401740570473,8973.401740570473,1192049,8966.529351024097,8991.092248832341,8998.400309360197,8970.443373815568,8990.252150845301,1,0,0,0,0,0,NIFTYIT
2015-11-06,8962.837686408737,8964.537766019303,8959.365557516538,8962.899786272192,8962.899786272192,3950723,8966.024855700338,8990.675747640596,8998.240397094034,8969.915548237575,8989.621563560007,1,1,0,0,0,0,NIFTYIT
2015-11-09,8956.645797056142,8956.785746967777,8952.766109222062,8956.858499454383,8956.858499454383,4941772,8965.574817963487,8990.0779307305,8998.054828046323,8968.760612664772,8988.894287944238,1,1,0,0,0,0,NIFTYIT
2015-11-10,8954.954959588624,8959.986871383451,8953.179641026485,8956.554196384139,8956.554196384139,3872391,8965.371936008518,8989.536030176074,8997.869557369258,8967.795969672814,8988.05769647831,1,0,0,0,0,0,NIFTYIT
2015-11-11,8963.618117553264,8963.684692381996,8962.813894608378,8964.142240562547,8964.142240562547,2680438,8965.783785381496,8989.01180777472,8997.719658183452,8967.204957452477,8987.41171169437,1,0,0,1,0,0,NIFTYIT
2015-11-12,8962.171183568034,8962.31423390987,8961.526376317195,8962.47951915809,8962.47951915809,1591532,8966.29523508344,8988.398069440362,8997.563728364756,8966.90217241563,8986.765579699251,1,0,0,0,0,0,NIFTYIT
2015-11-13,8963.737034831356,8964.066485144582,8961.574577444733,8963.812828773645,8963.812828773645,1319786,8966.622163190916,8987.818306891668,8997.415045987704,8965.60298668498,8986.05343747554,1,0,0,1,0,0,NIFTYIT
2015-11-16,8963.653571542045,8965.86383914415,8963.175207729431,8962.825183977624,8962.825183977624,4049620,8966.4414039729,8987.211069558423,8997.263336066606,8964.964181099063,8985.145645345472,1,1,0,0,0,0,NIFTYIT
2015-11-17,8957.137679417816,8958.22236546353,8955.092308725989,8956.82991232497,8956.82991232497,2248532,8966.104479077609,8986.430211508377,8997.086770897427,8963.599245312362,8984.2875150387,1,0,0,0,0,0,NIFTYIT
2015-11-18,8960.837291196196,8962.90650169136,8958.383318155087,8961.566630110232,8961.566630110232,2688069,8965.92691981694,8985.792405642782,8996.9323355027,8962.137053758828,8983.542365712976,1,1,0,1,0,0,NIFTYIT
2015-11-19,8968.804960642632,8970.70193978539,8967.712102187255,8968.755059926649,8968.755059926649,1362873,8966.057879755008,8985.265101156963,8996.810355954753,8961.672385694448,8982.84792843578,1,0,0,1,0,0,NIFTYIT
2015-11-20,8971.899584618408,8973.45083066407,8971.786095282372,8971.100882597137,8971.100882597137,3234325,8966.20402178226,8984.688568495027,8996.699539259245,8962.492495326942,8982.120909411089,1,1,0,1,0,0,NIFTYIT
2015-11-23,8970.325567448654,8971.568059091427,8970.049030267242,8967.684869065113,8967.684869065113,3264120,8966.167872476393,8983.898259436683,8996.575012777726,8963.575132288013,8981.309517720818,0,1,0,0,0,0,NIFTYIT
2015-11-24,8973.139549665884,8974.838479606582,8971.119432684412,8972.813691262125,8972.813691262125,3527978,8966.498525724313,8983.293559510797,8996.473468668686,8965.201081775813,8980.5802002088,0,1,0,1,0,0,NIFTYIT
2015-11-25,8970.315924004582,8974.679630259965,8969.41362603415,8971.428247510701,8971.428247510701,2387476,8966.567319961552,8982.718252235436,8996.366893259501,8965.929682470629,8979.921881451666,1,0,0,0,0,0,NIFTYIT
2015-11-26,8973.818880768515,8975.304049060538,8972.515074492281,8971.916668552678,8971.916668552678,4837245,8966.88778491286,8982.106737395892,8996.26329061244,8966.873397410087,8979.24686286299,1,1,0,1,0,0,NIFTYIT
2015-11-27,8968.740486574592,8968.801609601793,8966.890770342503,8968.670380299753,8968.670380299753,4006287,8966.481069623838,8981.394775781526,8996.14686483053,8967.359152562698,8978.61374531372,1,0,0,0,0,0,NIFTYIT
2015-11-30,8965.401220736323,8965.406035538012,8963.72485675519,8965.895088088126,8965.895088088126,3939626,8966.315162036406,8980.611723809683,8996.019756524887,8967.666142973747,8978.04624703937,0,0,0,0,0,0,NIFTYIT
2015-12-01,8968.916556001346,8969.56693066152,8968.044476696714,8969.09188520708,8969.09188520708,1974307,8966.245792787162,8979.881466066478,8995.907087607242,8968.89234026196,8977.538943197238,1,0,0,1,0,0,NIFTYIT
2015-12-02,8968.28962331228,8969.861635174517,8965.248122847004,8969.044889381925,8969.044889381925,1444797,8965.88860997398,8979.234500255056,8995.795161781303,8969.640166189129,8977.130248311156,1,0,0,0,0,0,NIFTYIT
2015-12-03,8971.35918180965,8971.631978868478,8967.735852260352,8971.510983997843,8971.510983997843,2783234,8965.794072145347,8978.596599271237,8995.694397558134,8969.91575859625,8976.804203624855,1,1,0,1,0,0,NIFTYIT
2015-12-04,8968.73935521407,8971.84835424186,8966.954904769324,8969.248400496906,8969.248400496906,1451867,8966.111502856584,8978.010276821262,8995.585116578543,8969.730510386225,8976.43778867207,1,0,0,0,0,0,NIFTYIT
2015-12-07,8965.327460826413,8967.188333495576,8965.218919447552,8967.591030134496,8967.591030134496,1642808,8966.648129390589,8977.499446464639,8995.469914576715,8969.721126493165,8976.184450561243,1,1,0,0,0,0,NIFTYIT
2015-12-08,8968.714334630791,8969.246326797396,8963.509956572938,8968.871107121646,8968.871107121646,4187494,8967.263974927464,8977.021089386571,8995.36090307075,8969.326868079115,8975.863921287815,1,1,0,1,0,0,NIFTYIT
2015-12-09,8966.586550780228,8967.811711446053,8965.898140202797,8965.686525934689,8965.686525934689,1951655,8967.341189196071,8976.595958387778,8995.239783164074,8968.752695921514,8975.493704973249,1,0,0,0,0,0,NIFTYIT
2015-12-10,8973.647745787832,8975.617865102104,8971.93670698334,8973.063637236653,8973.063637236653,2352130,8967.870395099999,8976.309699659858,8995.14963622941,8968.867392789913,8975.221471608365,1,1,0,1,0,0,NIFTYIT
2015-12-11,8973.455089950377,8977.08903865773,8970.368047252512,8973.112295117056,8973.112295117056,4550548,8968.33536841717,8976.014484324372,8995.060416224907,8969.311584271642,8974.914547584229,1,1,0,1,0,0,NIFTYIT
2015-12-14,8964.395405515268,8964.50284364699,8964.092157857394,8967.280412712433,8967.280412712433,2656014,8968.558129853911,8975.773097127696,8994.94840008171,8969.450116734073,8974.486342753988,1,0,0,0,0,0,NIFTYIT
2015-12-15,8973.967010643082,8976.443251667353,8971.021072612039,8973.583641677124,8973.583641677124,4411308,8969.395816321517,8975.531507615802,8994.862597839121,8969.899292381077,8974.267583717969,1,1,0,1,0,0,NIFTYIT
2015-12-16,8973.486835119706,8975.22092076739,8972.507885479537,8972.544574369947,8972.544574369947,4069091,8969.944713534505,8975.270155426337,8994.773325745246,8970.24926087988,8973.932339922787,0,0,0,0,0,0,NIFTYIT
2015-12-17,8968.558760085072,8968.831895082107,8967.261436146668,8968.36183939826,8968.36183939826,4796269,8969.925052508084,8974.956164173778,8994.668100700039,8969.934346419921,8973.550624353053,1,1,0,0,0,0,NIFTYIT
2015-12-18,8969.457386147098,8970.684092794483,8969.284100929917,8968.603985133694,8968.603985133694,2561135,8969.800207634913,8974.61206902636,8994.564671670012,8969.8699048836,8973.187002363742,1,0,0,1,0,0,NIFTYIT
2015-12-21,8973.38478875576,8973.815146617022,8970.083299405342,8973.968605577842,8973.968605577842,1957357,8970.114394460548,8974.294229408824,8994.483264294155,8970.507662427935,8972.907972338191,1,0,0,1,0,0,NIFTYIT
2015-12-22,8972.768304120156,8974.75159859151,8969.77257119885,8973.46583493671,8973.46583493671,1749695,8970.147001644278,8974.0876702283,8994.400518509283,8970.967135209441,8972.528068340189,1,0,0,0,0,0,NIFTYIT
2015-12-23,8978.23665329618,8978.839595459574,8978.147530362045,8978.669888335475,8978.669888335475,3771526,8970.509083685516,8973.849945594888,8994.338829763505,8972.265471449518,8972.289861256897,1,1,0,1,0,0,NIFTYIT
2015-12-24,8981.550996356238,8981.810866284231,8979.238132023129,8980.56219795204,8980.56219795204,4525286,8970.941360155484,8973.644591730183,8994.28501479549,8973.015327521058,8972.075634820922,1,1,0,1,0,0,NIFTYIT
2015-12-25,8988.596546739233,8989.702067686112,8986.138330300597,8988.837795577165,8988.837795577165,4069189,8971.949730919356,8973.556618745748,8994.263819389971,8974.587877567068,8971.964065986565,1,0,0,1,0,0,NIFTYIT
2015-12-28,8978.873402043519,8980.736577446542,8978.679169304743,8978.30415921119,8978.30415921119,4282480,8972.570184475508,8973.34922251721,8994.201960241991,8975.690252216944,8971.685730252935,0,1,0,0,0,0,NIFTYIT
2015-12-29,8977.90768087312,8981.85885042894,8975.48940376533,8976.988516894029,8976.988516894029,2056187,8972.965016059856,8973.03709604355,8994.135499070764,8976.030739738635,8971.467654478636,1,0,0,0,0,0,NIFTYIT
2015-12-30,8972.59301926415,8973.399770599075,8971.53330096881,8972.574008769185,8972.574008769185,4090250,8973.14147202922,8972.737578408389,8994.052570261912,8976.033683178559,8971.270461752883,1,1,0,0,0,0,NIFTYIT
2015-12-31,8969.70900461264,8973.282665298293,8967.089622223762,8969.230866090435,8969.230866090435,2329429,8973.02746613385,8972.39509947639,8993.937512058395,8976.120585847775,8971.007254420816,1,0,0,0,0,0,NIFTYIT
2016-01-01,8973.63298913121,8975.8669961889,8969.52934312342,8974.258354329026,8974.258354329026,2974637,8973.277963825454,8972.108260678579,8993.85268142314,8976.686022767308,8970.828123616346,1,1,0,1,0,0,NIFTYIT
2016-01-04,8974.64522724497,8975.08118472812,8970.615810802092,8973.069090022844,8973.069090022844,3789677,8973.551866819873,8971.781882563446,8993.802132563127,8976.59607121181,8970.628763104953,1,1,0,0,0,0,NIFTYIT
2016-01-05,8980.115494089667,8980.216999891365,8979.355506153035,8979.57244231605,8979.57244231605,3534838,8974.08693357959,8971.609735592818,8993.764279058001,8977.206731949744,8970.511245291205,0,0,0,1,0,0,NIFTYIT
2016-01-06,8980.609272610827,8981.475954461883,8977.603605631626,8981.585917916473,8981.585917916473,3963805,8974.88190317868,8971.537516276763,8993.71604850332,8977.498334907843,8970.394743833423,1,1,0,1,0,0,NIFTYIT
2016-01-07,8985.537066847348,8986.724517791821,8984.524962266089,8986.633173775766,8986.633173775766,3513464,8975.560380005638,8971.508288249017,8993.698591479977,8978.105432490216,8970.295337355097,1,0,0,1,0,0,NIFTYIT
2016-01-08,8986.566109244028,8988.549059827927,8985.590359120088,8985.083067032203,8985.083067032203,3255198,8976.158918601395,8971.475662028617,8993.685976250668,8977.729959635719,8970.23243073246,0,0,0,0,0,0,NIFTYIT
2016-01-11,8988.28299034446,8991.8848925706,8987.703638506779,8986.62655742602,8986.62655742602,2411235,8977.126225837073,8971.458229891725,8993.69555396662,8978.562199457203,8970.22204386657,1,0,0,1,0,0,NIFTYIT
2016-01-12,8986.291200815234,8987.737749113587,8986.290470745085,8986.77802852648,8986.77802852648,4603993,8977.785945179541,8971.438126768966,8993.69998702192,8979.54115062045,8970.326357733878,1,1,0,1,0,0,NIFTYIT
2016-01-13,8976.596414656347,8977.514667286183,8976.435048850528,8978.074137096834,8978.074137096834,2699730,8978.062423315885,8971.285009392052,8993.665877664376,8980.091163453213,8970.32370888807,1,0,0,0,0,0,NIFTYIT
2016-01-14,8974.77541769769,8975.340250063977,8972.873692550902,8975.507391664083,8975.507391664083,2093370,8978.419700929177,8971.052743542223,8993.602598430532,8980.718816010578,8970.32528253553,1,0,0,0,0,0,NIFTYIT
2016-01-15,8967.319366142177,8967.677718248604,8966.083237021468,8967.187096065185,8967.187096065185,1440873,8978.348856475752,8970.770068946415,8993.497086691832,8980.011690184194,8970.191630340541,1,0,0,0,0,0,NIFTYIT
2016-01-18,8966.587281407577,8966.642679834527,8965.331869431468,8966.69305507189,8966.69305507189,2407517,8977.985078950454,8970.511162480214,8993.384125340648,8979.374086689098,8970.132185501685,1,1,0,0,0,0,NIFTYIT
2016-01-19,8969.185974413065,8971.35423240549,8967.389879399598,8969.165022850875,8969.165022850875,4117206,8977.770038346163,8970.388794159871,8993.258311845508,8978.33334474258,8970.096101326806,1,1,0,1,0,0,NIFTYIT
2016-01-20,8976.533308721355,8977.544735530882,8975.303564473255,8975.724028819363,8975.724028819363,4416307,8977.622745370358,8970.356934513458,8993.18834481929,8977.747155832869,8970.157900686721,0,1,0,1,0,0,NIFTYIT
2016-01-21,8969.209573761727,8971.055522451368,8967.516895532872,8970.521227795825,8970.521227795825,2569765,8977.120696862545,8970.2960827596,8993.09288583046,8976.135961234877,8970.17995169033,1,0,0,0,0,0,NIFTYIT
2016-01-22,8971.144513463225,8972.758651933875,8969.948570681378,8969.070761123592,8969.070761123592,1827442,8976.132345139868,8970.194329640026,8992.964289793721,8974.534730644014,8970.12769926868,1,0,0,0,0,0,NIFTYIT
2016-01-25,8957.491135103848,8958.256397747065,8955.630417662242,8958.463333274281,8958.463333274281,1278151,8975.140303843022,8970.03572858113,8992.818925547874,8971.71840822884,8970.029086989785,1,0,0,0,0,0,NIFTYIT
2016-01-26,8955.063359127798,8956.677434998222,8954.920156062853,8954.414624530255,8954.414624530255,1299933,8974.011609224834,8969.817519688173,8992.658124969419,8968.482067829218,8969.946457510408,0,1,0,0,0,0,NIFTYIT
2016-01-27,8955.583342991687,8956.98099323629,8955.525723290853,8954.944420286474,8954.944420286474,4575847,8973.130129800698,8969.615711481432,8992.518269747949,8966.169096148184,8969.933646406189,1,1,0,1,0,0,NIFTYIT
2016-01-28,8959.937488954258,8961.572835093099,8958.333593613635,8960.5532520814,8960.5532520814,2362498,8972.696249100245,8969.511784600885,8992.409275288415,8964.673682189914,8970.04434943235,1,0,0,1,0,0,NIFTYIT
2016-01-29,8956.84612721958,8959.048576342399,8955.48057034005,8956.602239868114,8956.602239868114,3761354,8971.813443377201,8969.306941439894,8992.236396333767,8963.615196570207,8970.035389075603,1,1,0,0,0,0,NIFTYIT
2016-02-01,8953.85176958951,8953.87401382809,8952.132876153188,8954.18075003398,8954.18075003398,1864408,8970.869026377757,8969.160960137926,8992.033651475887,8962.363966066416,8969.871927498218,1,0,0,0,0,0,NIFTYIT
2016-02-02,8962.147298797927,8962.230620161978,8961.77726087198,8961.743750607968,8961.743750607968,4188310,8969.977591792353,8969.175109076981,8991.889726802434,8961.621838842126,8969.847598703245,1,1,0,1,0,0,NIFTYIT
2016-02-03,8970.645345387145,8972.62025110036,8968.802932089873,8970.868900217216,8970.868900217216,3880762,8969.44174090739,8969.362154665909,8991.774748601885,8961.13632598191,8969.92427983516,0,0,0,1,0,0,NIFTYIT
2016-02-04,8974.872441943353,8976.760428847561,8973.700373849271,8974.138686194485,8974.138686194485,1358175,8968.817016528326,8969.63575667935,8991.671080711061,8961.498071821776,8970.030984168885,1,0,0,1,0,0,NIFTYIT
2016-02-05,8982.04621652749,8982.138863194488,8979.777542189595,8982.65624784299,8982.65624784299,4919409,8968.695675568864,8969.953031444586,8991.595568500914,8962.856620493716,8970.224026912761,1,1,0,1,0,0,NIFTYIT
2016-02-08,8986.894866763363,8989.814305425605,8983.357757221831,8986.525473707254,8986.525473707254,4048677,8968.690621382928,8970.204095261703,8991.545073542056,8965.662834537014,8970.46559515976,1,0,0,1,0,0,NIFTYIT
2016-02-09,8989.835498881712,8991.16407476231,8987.193691318573,8988.892904389828,8988.892904389828,4421831,8968.796365176095,8970.520651438692,8991.487005805355,8969.110662522971,8970.768158867575,0,1,0,1,0,0,NIFTYIT
2016-02-10,8989.852902285384,8992.829085610207,8986.279383922167,8989.795729757227,8989.795729757227,4392656,8969.382444809115,8970.829125369111,8991.454955899722,8972.595793470045,8971.031403760791,0,0,0,1,0,0,NIFTYIT
2016-02-11,8979.736679013758,8982.963204818214,8977.696599763534,8980.40573942429,8980.40573942429,4691705,8969.627362197125,8971.007498847348,8991.371487899605,8974.581042204336,8971.230048692762,0,1,0,0,0,0,NIFTYIT
2016-02-12,8971.948046706299,8974.184310096389,8970.16656795272,8973.330149000822,8973.330149000822,2938676,8969.934514843906,8971.071900184206,8991.275746782812,8976.253833117606,8971.183721531705,1,0,0,0,0,0,NIFTYIT
2016-02-15,8961.233622210962,8962.652833507576,8960.951730639445,8960.108519360734,8960.108519360734,4127106,8969.605288058348,8970.968158486436,8991.096140178002,8976.846610050281,8971.062325258692,1,1,0,0,0,0,NIFTYIT
2016-02-16,8961.214316284399,8961.485833151532,8959.958490455732,8962.259188762691,8962.259188762691,2863984,8969.25999635394,8970.918890517172,8990.926505200607,8976.898153865754,8970.952724172967,1,0,0,1,0,0,NIFTYIT
2016-02-17,8960.187203822245,8960.714106221942,8956.76517317644,8958.463475005576,8958.463475005576,4501428,8968.39696866325,8970.774029420169,8990.727597454805,8975.65761134459,8970.716389897767,1,1,0,0,0,0,NIFTYIT
2016-02-18,8964.054350697312,8965.5697016525,8963.753996145771,8962.875476225368,8962.875476225368,4433512,8968.014681084727,8970.741130753904,8990.546297425877,8974.531290347677,8970.576039706499,0,0,0,1,0,0,NIFTYIT
2016-02-19,8962.775965841898,8964.600322054122,8961.55962947589,8962.582117537624,8962.582117537624,2493927,8967.690248905428,8970.563348647123,8990.335883432483,8972.52387731714,8970.571804123372,1,0,0,0,0,0,NIFTYIT
2016-02-22,8968.098632610468,8969.119001292282,8965.189780070594,8969.173279165603,8969.173279165603,3957526,8968.225746199994,8970.562849138732,8990.127863362084,8970.788657862977,8970.736001186187,1,1,0,1,0,0,NIFTYIT
2016-02-23,8972.056754492487,8975.665414969486,8970.677795963164,8971.646916978476,8971.646916978476,3093310,8969.087360822405,8970.577444723564,8989.947116323747,8969.06405912184,8970.937237460777,1,0,0,1,0,0,NIFTYIT
2016-02-24,8962.276728543919,8967.426084665161,8961.86216282596,8963.701692873141,8963.701692873141,2332301,8969.52522445174,8970.421359063908,8989.753635449473,8966.454655433432,8970.931363491587,1,0,0,0,0,0,NIFTYIT
2016-02-25,8965.306172238203,8967.95156913557,8963.165136783453,8963.648426807966,8963.648426807966,4487926,8969.679983188067,8970.299442641877,8989.570153316658,8964.7789241718,8970.946948926918,1,1,0,0,0,0,NIFTYIT
2016-02-26,8962.350055528623,8965.173214766197,8960.897789293029,8962.517996645653,8962.517996645653,1415954,8969.975771026944,8970.294670271545,8989.421746528169,8963.697708936283,8970.929684498544,1,0,0,0,0,0,NIFTYIT
2016-02-29,8956.286774929416,8956.834464289908,8954.551407641015,8956.1343924043,8956.1343924043,4852687,8970.07345314546,8970.28561893342,8989.22127250681,8963.300296240639,8970.840473944234,1,1,0,0,0,0,NIFTYIT
2016-03-01,8953.169436426158,8953.639026664105,8952.206670817151,8953.28766365724,8953.28766365724,3379832,8969.650648797924,8970.244787274332,8989.019182681686,8962.403143730095,8970.793243961996,1,0,0,0,0,0,NIFTYIT
2016-03-02,8955.779966561027,8956.276958009803,8955.360199441247,8955.931558074,8955.931558074,1519463,8968.903781690762,8970.142153743227,8988.828544350665,8962.149952036936,8970.71810966818,1,0,0,1,0,0,NIFTYIT
2016-03-03,8957.584373118863,8961.226988347487,8955.359759777808,8958.482291195432,8958.482291195432,1691613,8968.12096194081,8970.092188393694,8988.652333456102,8961.710633533945,8970.581139418431,1,1,0,1,0,0,NIFTYIT
2016-03-04,8959.203173214011,8959.580564784635,8959.072775601478,8959.98835419547,8959.98835419547,3269521,8966.987567258435,8970.044382461467,8988.490768942245,8961.451257199727,8970.432972373075,1,1,0,1,0,0,NIFTYIT
2016-03-07,8966.29387005885,8966.695423964195,8963.574941902154,8965.026538476637,8965.026538476637,1186844,8965.912620496903,8970.071899392704,8988.357934144564,8961.036583130832,8970.39752796523,1,0,0,1,0,0,NIFTYIT
2016-03-08,8960.258853585892,8963.235363182217,8959.250431760149,8962.151052822532,8962.151052822532,4160076,8964.575527918538,8970.138413648923,8988.229217894319,8960.086996715236,8970.2553594527,1,1,0,0,0,0,NIFTYIT
2016-03-09,8950.702611692603,8951.550612524532,8949.652109731145,8951.028891596054,8951.028891596054,2406566,8962.637186010481,8970.006691917495,8988.0355452313,8958.819716587528,8969.983368040505,1,0,0,0,0,0,NIFTYIT
2016-03-10,8947.727907959126,8947.818210868709,8943.4618891637,8948.861619980271,8948.861619980271,4241919,8961.05998003828,8969.758023918166,8987.848022227485,8957.34103590476,8969.675967392874,1,1,0,0,0,0,NIFTYIT
2016-03-11,8956.26496422448,8960.49900788391,8955.366014110072,8954.860067711465,8954.860067711465,1533431,8960.13647597381,8969.555013732095,8987.642643284615,8956.57524301134,8969.491829891696,1,0,0,1,0,0,NIFTYIT
2016-03-14,8954.816646474308,8954.982208113419,8949.165578886517,8953.883437569255,8953.883437569255,2381816,8959.825221884237,8969.382495838396,8987.461822300958,8956.350147527835,8969.331674551446,1,1,0,0,0,0,NIFTYIT
2016-03-15,8956.041662123029,8958.812344995362,8953.230570342444,8954.827502843777,8954.827502843777,3802973,8959.453637588293,8969.157668483167,8987.290637559512,8956.504131446489,8969.141482786601,1,1,0,1,0,0,NIFTYIT
2016-03-16,8954.50175558668,8956.279599734356,8953.984491267054,8954.710426253236,8954.710426253236,1046855,8959.265985150674,8968.948695717449,8987.150914259195,8956.382018264412,8968.950356611553,1,0,0,0,0,0,NIFTYIT
2016-03-17,8953.44808225557,8955.444121312483,8951.203959773398,8952.635413855498,8952.635413855498,4093372,8958.753982032182,8968.707680033735,8986.976419135392,8955.797330530419,8968.698682342987,1,1,0,0,0,0,NIFTYIT
2016-03-18,8949.419591230684,8951.40634984499,8949.400433974162,8949.224340342562,8949.224340342562,3777611,8958.086093172427,8968.46460453427,8986.777593267921,8954.720929145129,8968.431694874262,0,0,0,0,0,0,NIFTYIT
2016-03-21,8949.786786366813,8953.480250325121,8947.732756005089,8951.017577103235,8951.017577103235,4971731,8957.17830806931,8968.278635646959,8986.587061300015,8953.320033007789,8968.210715500512,1,1,0,1,0,0,NIFTYIT
2016-03-22,8956.240426716824,8959.6872499829,8952.74104793086,8954.946348929912,8954.946348929912,1387352,8956.343279666882,8968.101816443495,8986.397355257493,8952.599562618527,8968.025052057956,1,0,0,1,0,0,NIFTYIT
2016-03-23,8953.036660632966,8953.798232589583,8950.883266315683,8952.34246475096,8952.34246475096,4407834,8955.775318260774,8967.893036135607,8986.19576987941,8952.730919934016,8967.847131242173,1,1,0,0,0,0,NIFTYIT
2016-03-24,8952.904787907713,8954.988637383514,8950.571036430378,8954.678149576848,8954.678149576848,4020862,8955.326804399218,8967.682625705344,8986.030357158983,8953.312572893676,8967.60199140671,0,0,0,1,0,0,NIFTYIT
2016-03-25,8954.52890132719,8954.875005666729,8953.820286643224,8955.197460513511,8955.197460513511,1779732,8954.960777592609,8967.506988955553,8985.866746430454,8953.346312173879,8967.363126945329,1,0,0,1,0,0,NIFTYIT
2016-03-28,8958.839258145266,8960.50076187603,8956.10766900417,8958.315371555333,8958.315371555333,3138806,8955.069826550161,8967.391043223313,8985.730444425795,8953.789505572486,8967.243593063233,1,1,0,1,0,0,NIFTYIT
2016-03-29,8957.116703883406,8958.07194933848,8954.679738570685,8956.644307654346,8956.644307654346,1363538,8955.237658750017,8967.23820822997,8985.60264384105,8953.971186053543,8967.017735276262,1,0,0,0,0,0,NIFTYIT
2016-03-30,8949.764583592078,8951.223070442275,8947.951184811389,8949.559043783987,8949.559043783987,4728375,8954.919033035516,8967.036614703089,8985.422951959164,8953.456047806618,8966.711261535118,1,1,0,0,0,0,NIFTYIT
2016-03-31,8951.120351100537,8953.7645533533,8950.462432053011,8950.148485953065,8950.148485953065,2743813,8954.502342773398,8966.750175312041,8985.239005571906,8953.207355016377,8966.468416822514,1,0,0,1,0,0,NIFTYIT
2016-04-01,8951.95753440156,8954.284125447668,8949.935613700995,8951.498027330399,8951.498027330399,1820244,8954.077826430144,8966.47999696471,8985.02023141816,8953.43472371516,8966.240337385136,1,0,0,1,0,0,NIFTYIT
2016-04-04,8951.903639978083,8953.284157846476,8951.379711248619,8952.58610500428,8952.58610500428,2346906,8953.455804756526,8966.296318118357,8984.803074787662,8953.591576505263,8965.95523737749,1,1,0,1,0,0,NIFTYIT
2016-04-05,8951.774357392283,8954.266138347471,8950.991717134873,8951.771701885551,8951.771701885551,3191005,8952.936837209678,8966.023668870963,8984.55723502027,8953.274111800827,8965.665982270142,1,1,0,0,0,0,NIFTYIT
2016-04-06,8953.626371103255,8953.911272228415,8953.092838300145,8954.918548693242,8954.918548693242,2123375,8953.131320064536,8965.803343550004,8984.306573943928,8953.531720195057,8965.349297741579,1,0,0,1,0,0,NIFTYIT
2016-04-07,8948.696666513499,8951.814731176322,8946.587989463265,8947.530070282215,8947.530070282215,3665032,8953.064742579632,8965.542946436053,8983.99606597114,8952.816912265593,8964.908869372648,1,1,0,0,0,0,NIFTYIT
2016-04-08,8951.78214590494,8952.691698295454,8947.940391994809,8951.313874371222,8951.313874371222,3798021,8952.887432912623,8965.326820051521,8983.720415932177,8952.428553651363,8964.408550423235,0,1,0,1,0,0,NIFTYIT
2016-04-11,8954.450799941544,8957.182998812512,8950.691544377965,8954.136498770842,8954.136498770842,1288250,8952.900085972702,8965.078918716436,8983.443630895254,8952.010666372913,8964.086314950697,1,0,0,1,0,0,NIFTYIT
2016-04-12,8952.970935717949,8953.681533067165,8952.481124016145,8955.398735881487,8955.398735881487,2352444,8952.928647624587,8964.853079978244,8983.187408959559,8951.88610919563,8963.798451203862,1,1,0,1,0,0,NIFTYIT
2016-04-13,8960.109336175035,8961.138100929107,8958.514069562463,8960.767893213164,8960.767893213164,1011166,8953.231520972582,8964.629305039216,8982.940800677172,8953.006994138548,8963.641036329782,1,0,0,1,0,0,NIFTYIT
2016-04-14,8958.940244502794,8959.025428233499,8955.415149487011,8956.751675480871,8956.751675480871,3047606,8953.437334053851,8964.331673508326,8982.684929230069,8953.667313091326,8963.474647121655,1,1,0,0,0,0,NIFTYIT
2016-04-15,8951.972575804763,8956.56813510159,8950.12840679992,8952.636834124543,8952.636834124543,1618766,8953.607958742952,8963.879161490167,8982.414935857238,8953.781193770741,8963.186360185595,1,0,0,0,0,0,NIFTYIT
2016-04-18,8950.679208381698,8951.515139945046,8950.039183509805,8950.161634219521,8950.161634219521,2875866,8953.565161598764,8963.527379927773,8982.14309334107,8953.538746692266,8962.88092744155,1,1,0,0,0,0,NIFTYIT
2016-04-19,8940.708418407252,8942.798726987754,8938.664406872746,8939.538635505245,8939.538635505245,1140934,8952.794775927532,8963.059256410412,8981.849423472042,8952.315440054235,8962.347143350738,1,0,0,0,0,0,NIFTYIT
2016-04-20,8928.777821764177,8930.04335345348,8925.596367299437,8929.23489403439,8929.23489403439,2101944,8951.639397391704,8962.517517476228,8981.497281826742,8949.747074588351,8961.649129698979,1,1,0,0,0,0,NIFTYIT
2016-04-21,8924.733536638243,8925.080196350738,8924.50867625261,8923.445072465653,8923.445072465653,1561664,8950.077743536141,8961.94519505592,8981.129387040068,8947.338574806694,8960.806621681511,1,0,0,0,0,0,NIFTYIT
2016-04-22,8924.980514644927,8925.157341518569,8923.822498814494,8924.39681416632,8924.39681416632,3129839,8948.537711218783,8961.321925803884,8980.79743291828,8944.646868786203,8959.997471643299,1,1,0,1,0,0,NIFTYIT
2016-04-25,8925.97106672276,8928.837008948052,8925.356397349828,8925.628575746341,8925.628575746341,1027775,8946.903371428334,8960.72891937543,8980.488111087276,8941.796076483753,8959.184165220904,1,0,0,1,0,0,NIFTYIT
2016-04-26,8920.39069768874,8923.683776895075,8916.938982700314,8921.189953980034,8921.189953980034,1913992,8945.130653744618,8959.999138271229,8980.181017730085,8938.375198293608,8958.309657560285,1,1,0,0,0,0,NIFTYIT
2016-04-27,8921.929799334455,8923.00463220269,8921.339829674775,8922.613147164815,8922.613147164815,2936764,8943.78335891366,8959.261978636834,8979.845013262577,8934.559723688773,8957.570177694524,1,1,0,1,0,0,NIFTYIT
2016-04-28,8916.693620007463,8919.696972896576,8914.600402850156,8916.487167967338,8916.487167967338,1853381,8942.100293014375,8958.385153564226,8979.481724608904,8930.53327293742,8956.783241378567,1,0,0,0,0,0,NIFTYIT
2016-04-29,8931.385316002135,8933.412494471242,8930.320980651764,8929.943594873892,8929.943594873892,2948141,8941.022571391548,8957.695910162249,8979.189366753977,8928.263949012355,8956.286661362683,1,1,0,1,0,0,NIFTYIT
2016-05-02,8929.22447182927,8931.187272378493,8929.172859841176,8929.343641443302,8929.343641443302,2995831,8939.8604482135,8956.979873712464,8978.901519313322,8926.182149734732,8955.788669180969,0,1,0,0,0,0,NIFTYIT
2016-05-03,8923.74879643662,8926.510488326185,8921.55240785613,8922.083676556642,8922.083676556642,3780987,8938.376046947054,8956.171194312841,8978.585894974498,8924.436653839872,8955.160917897047,1,1,0,0,0,0,NIFTYIT
2016-05-04,8923.731105377736,8928.272940192655,8923.125672460561,8923.718637473985,8923.718637473985,4235678,8936.816051386091,8955.491750567557,8978.250352135032,8923.885028183831,8954.467512679108,1,1,0,1,0,0,NIFTYIT
2016-05-05,8914.696246044712,8916.250077498396,8912.166510703866,8914.405601244209,8914.405601244209,1290904,8935.15982793419,8954.727978187308,8977.883978411302,8922.981081061687,8953.719304325086,1,0,0,0,0,0,NIFTYIT
2016-05-06,8913.31373288721,8914.051298533146,8911.53064267015,8913.261433960553,8913.261433960553,1991412,8933.257205913656,8954.053907410998,8977.517423625188,8921.867543041111,8952.975179962912,1,1,0,0,0,0,NIFTYIT
2016-05-09,8908.826313575191,8909.366701702944,8907.253626608657,8909.60605945586,8909.60605945586,4492137,8931.030683947907,8953.340319965799,8977.149353921872,8920.265291412064,8952.323749645333,1,1,0,0,0,0,NIFTYIT
2016-05-10,8901.757472135898,8903.6520717071,8898.4818339721,8901.577477977957,8901.577477977957,3139789,8928.339621052732,8952.495475654887,8976.723565031045,8918.304043811855,8951.61925435797,1,0,0,0,0,0,NIFTYIT
2016-05-11,8900.12014039564,8901.913355263718,8898.089397435926,8900.04957277244,8900.04957277244,2756171,8925.303705030696,8951.549544954301,8976.289517624875,8916.047686372618,8950.887323057781,1,0,0,0,0,0,NIFTYIT
2016-05-12,8910.581382836188,8911.030440227874,8907.421276298232,8910.2030197566,8910.2030197566,1906242,8922.976272244483,8950.79556735381,8975.893038938648,8915.419271551544,8950.215986626785,1,0,0,1,0,0,NIFTYIT
2016-05-13,8915.848026382973,8919.531657788319,8915.746831293567,8915.409409152591,8915.409409152591,2518498,8921.114900995884,8950.124800454174,8975.527159451163,8913.965852979414,8949.66674888391,1,1,0,1,0,0,NIFTYIT
2016-05-16,8919.091832802855,8919.78942041495,8918.984247331886,8919.975988746335,8919.975988746335,3189656,8919.605618722224,8949.643708647574,8975.210749871438,8913.029087709718,8949.210685400076,1,1,0,1,0,0,NIFTYIT
2016-05-17,8921.682887344394,8922.136199436536,8920.435297621738,8922.931421036714,8922.931421036714,1792787,8918.775257998797,8949.250168603905,8974.891772493429,8913.113862157723,8948.69318767246,1,0,0,1,0,0,NIFTYIT
2016-05-18,8928.323814952602,8929.377043541557,8928.123100218709,8927.674116599363,8927.674116599363,4621329,8918.697219127047,8948.909289807814,8974.580623392145,8913.509410070263,8948.117257224221,1,1,0,1,0,0,NIFTYIT
2016-05-19,8937.869694494304,8940.161943018778,8937.170597945908,8938.078905135199,8938.078905135199,3991338,8919.428910760525,8948.628360470988,8974.282644198858,8915.87674045936,8947.63646014343,1,0,0,1,0,0,NIFTYIT
2016-05-20,8936.313489788166,8936.552635470898,8933.441153225645,8935.129507329102,8935.129507329102,2404974,8919.965545418663,8948.35995131425,8973.988694452864,8918.063547796217,8947.002770269912,1,0,0,0,0,0,NIFTYIT
2016-05-23,8933.258428976986,8936.50865463042,8932.229783120085,8934.034759096474,8934.034759096474,3116417,8920.38585458617,8948.10812642753,8973.713247177824,8920.506417760278,8946.302894075101,1,1,0,0,0,0,NIFTYIT
2016-05-24,8934.111395400241,8934.547145576378,8929.30869345069,8933.204483939273,8933.204483939273,4957233,8920.986581084133,8947.751385594174,8973.405074943115,8923.669118356409,8945.560381802428,1,1,0,0,0,0,NIFTYIT
2016-05-25,8936.842953511257,8937.061659260069,8935.236829291987,8938.480905487624,8938.480905487624,3816504,8921.779969000272,8947.346535660054,8973.088074607038,8927.512251627926,8944.8761841455,1,0,0,1,0,0,NIFTYIT
2016-05-26,8936.175983347124,8937.867867804893,8935.50245246272,8936.523414367135,8936.523414367135,1377543,8922.781781320262,8946.87634476221,8972.807510458446,8930.144291088982,8944.29108647807,1,0,0,0,0,0,NIFTYIT
2016-05-27,8942.110423733811,8942.667609940456,8939.640859320863,8942.083636735477,8942.083636735477,2114292,8923.388783413342,8946.369187123368,8972.548098683576,8932.81171384727,8943.874466314533,1,1,0,1,0,0,NIFTYIT
2016-05-30,8942.74262414649,8946.054363472835,8940.30701867787,8941.592548790595,8941.592548790595,2823984,8924.001228780708,8945.807525561908,8972.301811168307,8934.973369851696,8943.627586706929,1,1,0,0,0,0,NIFTYIT
2016-05-31,8938.778957633063,8941.72285880111,8937.834796081705,8939.249619323686,8939.249619323686,1200131,8924.859525919059,8945.186984498581,8972.042695658412,8936.605189680395,8943.320792447745,1,0,0,0,0,0,NIFTYIT
2016-06-01,8938.991805494981,8940.37938053713,8938.710898434887,8939.285621991015,8939.285621991015,3638686,8925.63787514491,8944.555608151506,8971.835937866837,8937.766340219558,8943.065087740884,1,1,0,1,0,0,NIFTYIT
2016-06-02,8936.467967489367,8937.457641945854,8936.175658393391,8937.46631369577,8937.46631369577,1403433,8926.79091076749,8944.0188653299,8971.665510345345,8937.705081075615,8942.726298907155,1,0,0,0,0,0,NIFTYIT
2016-06-03,8934.773731058778,8934.842340680485,8931.467232575975,8935.599606885658,8935.599606885658,1528796,8927.907819413744,8943.547233553458,8971.480972619438,8937.75209103127,8942.366532098462,0,1,0,0,0,0,NIFTYIT
2016-06-06,8940.905768420886,8942.55774823519,8939.351153625734,8940.828325911792,8940.828325911792,1385379,8929.46893273654,8943.306231135346,8971.318569608018,8938.431447712803,8941.988599388413,0,0,0,1,0,0,NIFTYIT
2016-06-07,8938.085327804121,8940.434826699207,8936.64846522172,8938.498482706274,8938.498482706274,3767082,8931.314982972955,8943.009222309642,8971.15845897929,8938.960847589504,8941.546620264782,1,1,0,0,0,0,NIFTYIT
2016-06-08,8940.415271089707,8940.56717946992,8937.801271627415,8939.706793287449,8939.706793287449,2024520,8933.297843998707,8942.774763788166,8971.005799305553,8939.083436369485,8941.226688270306,1,0,0,1,0,0,NIFTYIT
2016-06-09,8935.71542305494,8936.118937759427,8933.62669404784,8935.706042201133,8935.706042201133,2521796,8934.572995120932,8942.435145862863,8970.81771696097,8939.001699152885,8940.854123142215,1,1,0,0,0,0,NIFTYIT
2016-06-10,8939.150439424158,8940.827474180194,8938.897513945218,8941.196961008844,8941.196961008844,3025314,8935.862372713746,8942.167831406252,8970.633143109979,8938.913031580221,8940.569842667059,1,1,0,1,0,0,NIFTYIT
2016-06-13,8943.268413649555,8944.849594897178,8941.462097293774,8942.918423627101,8942.918423627101,4978425,8937.009494457783,8941.839645712022,8970.470867111417,8939.045619063872,8940.39362975003,1,1,0,1,0,0,NIFTYIT
2016-06-14,8941.771729377308,8943.280771453094,8941.150559990569,8941.278969528279,8941.278969528279,2099504,8937.926871882362,8941.460046368895,8970.282163273989,8939.24855408433,8940.233513828309,1,0,0,0,0,0,NIFTYIT
2016-06-15,8940.221835217882,8941.590328867187,8939.018232096178,8938.950566893034,8938.950566893034,1412909,8938.490694397045,8941.150657294142,8970.105277327844,8939.215048574533,8940.007100612564,1,0,0,0,0,0,NIFTYIT
2016-06-16,8941.189091722796,8942.31420773535,8938.541209708597,8939.080362553279,8939.080362553279,4264507,8938.54076726795,8940.843556490958,8969.93489638486,8939.376453460285,8939.748408230667,1,1,0,1,0,0,NIFTYIT
2016-06-17,8941.637858419655,8942.20303460648,8939.903406232055,8942.06608835584,8942.06608835584,3542371,8938.887596319288,8940.587907637335,8969.734589281847,8940.023101607303,8939.509444686139,1,0,0,1,0,0,NIFTYIT
2016-06-20,8943.710660728899,8944.06203745678,8942.331764514338,8943.97221498576,8943.97221498576,1238533,8939.384469113751,8940.435880419604,8969.506723329994,8940.3374905147,8939.228720372927,1,0,0,1,0,0,NIFTYIT
2016-06-21,8944.080036971256,8946.014594339433,8943.035625743978,8944.18921630037,8944.18921630037,1562113,8939.933705731808,8940.322149827643,8969.271394499496,8940.906563874109,8938.989229219298,1,1,0,1,0,0,NIFTYIT
2016-06-22,8942.068780595459,8943.646688565334,8939.86775860855,8940.956977580663,8940.956977580663,4459165,8940.057509336457,8940.134967571477,8969.07191739852,8941.031582303429,8938.854937032427,1,1,0,0,0,0,NIFTYIT
2016-06-23,8939.979446457972,8940.39218275975,8937.650325169707,8940.69239600853,8940.69239600853,1397458,8940.265958418528,8939.91259388164,8968.89531288042,8941.53021768417,8938.746014046137,1,0,0,0,0,0,NIFTYIT
2016-06-24,8940.2297611374,8943.417497872191,8935.304507756742,8939.077781198781,8939.077781198781,3468288,8940.115665641692,8939.651211719181,8968.706076330445,8941.318299703165,8938.535583559302,1,1,0,0,0,0,NIFTYIT
2016-06-27,8933.97194351549,8938.923997766593,8932.15784785744,8932.40595776427,8932.40595776427,4151218,8939.656336090376,8939.243454460277,8968.479589011979,8940.26705311688,8938.249217161903,1,1,0,0,0,0,NIFTYIT
2016-06-28,8937.198196892123,8938.362444699183,8936.77934737455,8936.943021905685,8936.943021905685,1117786,8939.541006219477,8938.928354073816,8968.277691442996,8939.83345835462,8938.01075741606,1,0,0,1,0,0,NIFTYIT
2016-06-29,8936.503045036992,8937.937596078247,8936.436310583922,8935.608753999468,8935.608753999468,2816924,8939.357162819899,8938.73560235386,8968.067989022802,8939.499277065264,8937.756068452676,1,1,0,0,0,0,NIFTYIT
2016-06-30,8937.535243181617,8940.361344051587,8936.878133223681,8938.343580856945,8938.343580856945,4003045,8939.401026177959,8938.604126864817,8967.845531852548,8939.425598895632,8937.565510679362,1,1,0,1,0,0,NIFTYIT
2016-07-01,8946.535828990516,8947.24099310131,8943.557988249315,8946.465535458628,8946.465535458628,3055416,8939.944322606605,8938.499195211658,8967.615105808847,8939.86554360591,8937.528726614244,1,0,0,1,0,0,NIFTYIT
2016-07-04,8947.870193910405,8948.248632978697,8945.765791373125,8945.534255119142,8945.534255119142,4149502,8940.179619066974,8938.39483043103,8967.37805783335,8940.021747619248,8937.455615654455,1,1,0,0,0,0,NIFTYIT
2016-07-05,8944.198071934628,8945.329988743213,8942.738612924806,8944.771277781734,8944.771277781734,2779058,8940.493258820747,8938.269127617756,8967.138679440213,8940.079953767385,8937.319948039147,1,0,0,0,0,0,NIFTYIT
2016-07-06,8945.83495409518,8947.553010786609,8944.388594022988,8947.429450767624,8947.429450767624,2793326,8940.879391694756,8938.178115424185,8966.937570458802,8940.72720108608,8937.254441186036,0,1,0,1,0,0,NIFTYIT
2016-07-07,8943.251215012366,8948.117354107068,8942.064206311148,8944.298131026038,8944.298131026038,4272256,8941.308996136,8938.073899388817,8966.683117679711,8941.08777458783,8937.11604093869,1,1,0,0,0,0,NIFTYIT
2016-07-08,8941.843500519208,8942.396591792669,8941.483823749368,8941.675598732269,8941.675598732269,1747060,8941.332928022171,8937.97954011869,8966.396886243394,8941.347556341181,8936.935749448274,1,0,0,0,0,0,NIFTYIT
2016-07-11,8927.1044030227,8931.674948516584,8926.95165176594,8926.4173430977,8926.4173430977,1615456,8940.507873995703,8937.67203719362,8966.091311328384,8940.748694874525,8936.510442402174,0,0,0,0,0,0,NIFTYIT
2016-07-12,8925.659287314045,8927.269949724761,8925.15584910057,8924.4029222403,8924.4029222403,4157847,8939.664071631301,8937.29024436,8965.79607601977,8939.494684907986,8936.08055726332,1,1,0,0,0,0,NIFTYIT
2016-07-13,8919.344608394884,8920.518286566317,8917.640467192754,8919.252449673288,8919.252449673288,2563012,8938.679165770316,8936.87661917153,8965.468916055861,8937.859054475366,8935.676469341843,1,0,0,0,0,0,NIFTYIT
2016-07-14,8910.55229758083,8911.700500235742,8908.763878099651,8912.951335671338,8912.951335671338,1506509,8937.37271442622,8936.35503399771,8965.101054329763,8935.319829956807,8935.180507338087,1,0,0,0,0,0,NIFTYIT
2016-07-15,8926.809467625102,8927.638067916017,8925.756489408928,8926.260900252972,8926.260900252972,4507669,8936.582455021075,8935.993326994452,8964.831981324536,8933.29936643624,8934.844012310388,1,1,0,1,0,0,NIFTYIT
2016-07-18,8929.446960391862,8931.071448254614,8927.287982291691,8931.388878531816,8931.388878531816,4699199,8935.953288198378,8935.656745831659,8964.550077579419,8931.884828777507,8934.561382624088,0,1,0,1,0,0,NIFTYIT
2016-07-19,8928.678054665172,8931.254858053097,8928.280076541883,8929.163643432375,8929.163643432375,2108505,8935.202009554978,8935.313237528884,8964.277990666706,8930.324065342573,8934.259941844712,1,0,0,0,0,0,NIFTYIT
2016-07-20,8920.580370601492,8922.46676071532,8919.534447819407,8920.498531759426,8920.498531759426,2522139,8934.179087263916,8934.949981128575,8963.948831047815,8927.630973441754,8933.801008285594,1,1,0,0,0,0,NIFTYIT
2016-07-21,8917.963815429353,8919.376120730456,8917.463345437862,8918.36953874024,8918.36953874024,1973126,8933.062944400503,8934.552744288416,8963.59033471256,8925.038114213174,8933.412201198367,1,0,0,0,0,0,NIFTYIT
2016-07-22,8914.201840562702,8915.726104916394,8913.418700114085,8915.115182096597,8915.115182096597,1520390,8931.864814445395,8934.097958722994,8963.224647594974,8922.382072549606,8932.92955196804,1,0,0,0,0,0,NIFTYIT
2016-07-25,8918.836951622485,8919.090068776899,8916.808243936219,8918.640722396129,8918.640722396129,1345135,8931.176552676985,8933.673641440393,8962.867865101738,8921.604410479447,8932.45627494971,1,0,0,1,0,0,NIFTYIT
2016-07-26,8919.235026777524,8919.656654453316,8917.622193589777,8919.222375373989,8919.222375373989,1003919,8930.290520350401,8933.266774858997,8962.482956713453,8921.086355792817,8931.973923476278,1,0,0,1,0,0,NIFTYIT
2016-07-27,8905.702262695157,8905.720567255932,8905.128313289491,8906.669065140917,8906.669065140917,4748247,8928.843535907474,8932.663656314593,8962.075564274155,8919.82801733958,8931.252605768646,1,1,0,0,0,0,NIFTYIT
2016-07-28,8910.482572917406,8915.04723505433,8907.449486237774,8909.598202589457,8909.598202589457,1632694,8927.4062669941,8932.189507968433,8961.685790365684,8919.49270403139,8930.62389279676,1,0,0,1,0,0,NIFTYIT
2016-07-29,8907.997174827256,8908.96994627826,8907.548044126268,8909.194589419514,8909.194589419514,2866921,8925.542719692143,8931.663016906537,8961.270294572867,8917.786072948047,8930.04466286736,1,1,0,0,0,0,NIFTYIT
2016-08-01,8911.4478051646,8911.974471805606,8910.968153828151,8911.573186787758,8911.573186787758,1757461,8923.844666275574,8931.130975506749,8960.811308392309,8915.80450377364,8929.530150234938,1,0,0,1,0,0,NIFTYIT
2016-08-02,8915.361059987166,8918.605482928828,8914.219882419671,8915.184204858208,8915.184204858208,4193448,8922.365312629398,8930.628293868958,8960.403595005868,8914.406559916224,8929.205424492979,1,1,0,1,0,0,NIFTYIT
2016-08-03,8920.409904837261,8923.036800619571,8916.714935731123,8920.67732857063,8920.67732857063,2673157,8921.027706519548,8930.127161810928,8960.031381540603,8914.424439597344,8929.091323620127,1,0,0,1,0,0,NIFTYIT
2016-08-04,8922.347481732086,8923.011782522428,8920.90965418123,8923.311825636667,8923.311825636667,2859791,8919.978391250079,8929.709163687874,8959.656281424912,8914.918668286986,8929.08954699574,0,1,0,1,0,0,NIFTYIT
2016-08-05,8923.942585716692,8927.168438365437,8922.438788758644,8922.41158801329,8922.41158801329,1278244,8919.01519071413,8929.331348111484,8959.259297880928,8915.648308878657,8929.063077313702,1,0,0,0,0,0,NIFTYIT
2016-08-08,8926.345650672361,8927.29975060525,8923.936063650304,8926.139924662579,8926.139924662579,4073851,8919.001319792374,8929.031076742021,8958.865454337956,8916.3982291053,8929.06989529925,1,1,0,1,0,0,NIFTYIT
2016-08-09,8926.777372273174,8927.626428945288,8924.913423209959,8927.032682082434,8927.032682082434,2588400,8919.132807784481,8928.874752324238,8958.478993481875,8917.179259776145,8929.147798340615,1,0,0,1,0,0,NIFTYIT
2016-08-10,8922.339099974195,8922.612534847598,8918.439235412243,8921.51843302451,8921.51843302451,4429595,8919.246106952041,8928.778296561612,8958.097133015448,8918.664196564505,8929.133202152078,1,1,0,0,0,0,NIFTYIT
2016-08-11,8925.471251100065,8928.83722158397,8923.102511280027,8925.932807847028,8925.932807847028,2732294,8919.895180560827,8928.80939325388,8957.725555112154,8920.297657090263,8929.25914401714,1,0,0,1,0,0,NIFTYIT
2016-08-12,8920.517309794226,8920.709415991918,8919.836880803605,8920.91761681319,8920.91761681319,3310756,8919.628016388839,8928.765903286967,8957.359260574915,8921.469959829628,8929.138797642998,1,1,0,0,0,0,NIFTYIT
2016-08-15,8917.068218694405,8918.274992720715,8915.22056640217,8918.864061795477,8918.864061795477,2778324,8919.00177555202,8928.68134686258,8957.01467058696,8922.199047330401,8928.99906991436,1,0,0,0,0,0,NIFTYIT
2016-08-16,8918.293211077636,8918.950779343708,8918.02286049949,8917.85008064535,8917.85008064535,2069000,8918.43609741267,8928.639598445896,8956.67124907649,8922.465634909115,8928.942621968876,1,0,0,0,0,0,NIFTYIT
2016-08-17,8915.660762690308,8919.213399250979,8914.146639105986,8914.980003770788,8914.980003770788,3155548,8918.160171013238,8928.54418415347,8956.345414453153,8921.89590242913,8928.826106852834,1,1,0,0,0,0,NIFTYIT
2016-08-18,8912.485516324288,8913.552169766714,8909.58366131406,8912.273158827586,8912.273158827586,3956774,8917.855352017605,8928.491509039224,8956.023525312221,8920.792035748225,8928.797674287278,1,1,0,0,0,0,NIFTYIT
2016-08-19,8912.422366201383,8915.321934200574,8911.139654329787,8913.585192362078,8913.585192362078,1953469,8917.778852530879,8928.287029007824,8955.70373942917,8919.909396183102,8928.801991065966,1,0,0,1,0,0,NIFTYIT
2016-08-22,8918.976306970824,8921.025989780977,8915.98092910043,8918.134385950472,8918.134385950472,3257275,8917.753535708596,8928.146913314165,8955.440443265721,8919.108842311893,8928.915702085895,1,1,0,1,0,0,NIFTYIT
2016-08-23,8921.813121650503,8924.518094863513,8921.118672910847,8921.571682564454,8921.571682564454,1235658,8917.871001068119,8928.140513389264,8955.166062034705,8918.562742360093,8929.18229148038,1,0,0,1,0,0,NIFTYIT
2016-08-24,8923.697679849873,8924.094474403595,8923.497153119622,8923.649126934637,8923.649126934637,2271760,8918.720004157805,8928.139644507522,8954.897586563195,8918.775811751106,8929.496952202544,1,1,0,1,0,0,NIFTYIT
2016-08-25,8919.324200531359,8921.231337741918,8915.611736110517,8920.157066019781,8920.157066019781,3385670,8919.24794732932,8928.211537817217,8954.615570895567,8918.198237568382,8929.629672819385,1,1,0,0,0,0,NIFTYIT
2016-08-26,8917.386774370776,8917.744861985473,8915.14212318952,8915.954737157484,8915.954737157484,1340494,8919.585954716222,8928.245204107177,8954.307198357992,8917.701949602812,8929.63694385945,1,0,0,0,0,0,NIFTYIT
2016-08-29,8927.020822397097,8929.791679109248,8925.709765666894,8926.216922542402,8926.216922542402,3981738,8920.318141503953,8928.45283989576,8954.02574123323,8918.437235677504,8929.720156310064,1,1,0,1,0,0,NIFTYIT
2016-08-30,8919.448569117052,8921.704050369544,8918.02941254924,8919.997073399527,8919.997073399527,3829997,8920.558784931018,8928.68308483853,8953.756535479464,8918.65193495292,8929.681031674903,0,0,0,0,0,0,NIFTYIT
2016-08-31,8911.193901036306,8911.81899067293,8910.772325725438,8912.618966619535,8912.618966619535,1632954,8920.155866833464,8928.840202261617,8953.429347431813,8918.415831237795,8929.480296341839,1,0,0,0,0,0,NIFTYIT
2016-09-01,8915.61421828692,8917.769580764036,8914.391176104104,8915.793904522534,8915.793904522534,2294877,8919.779970777756,8928.910088321192,8953.117052806407,8918.76790580729,8929.183163000336,1,1,0,1,0,0,NIFTYIT
2016-09-02,8914.281309797103,8916.221223776254,8912.624929830308,8914.62563541913,8914.62563541913,4422726,8919.39067314805,8928.900291149524,8952.804552810587,8918.871950112996,8928.909778041538,1,1,0,0,0,0,NIFTYIT
2016-09-05,8909.838371006384,8912.208524883441,8907.972672873431,8909.41654241018,8909.41654241018,1944935,8918.554504035428,8928.768298070321,8952.47578621411,8918.000165758966,8928.581535152387,1,0,0,0,0,0,NIFTYIT
2016-09-06,8913.276430165213,8913.298274565286,8912.503086945133,8912.964363198871,8912.964363198871,1603237,8917.85108809125,8928.643709847349,8952.133500554157,8917.139433822409,8928.311666875847,1,0,0,1,0,0,NIFTYIT
2016-09-07,8911.893920746326,8912.04395934332,8908.264078238677,8911.984927785883,8911.984927785883,4396541,8917.37441282932,8928.447594987181,8951.808306354942,8915.973013907533,8927.958387173157,1,1,0,0,0,0,NIFTYIT
2016-09-08,8909.174825277638,8909.886978791124,8907.342418353684,8909.747588120486,8909.747588120486,3500469,8916.565151842993,8928.093453524496,8951.474146383673,8914.932066117603,8927.601376156535,1,0,0,0,0,0,NIFTYIT
2016-09-09,8909.954280142532,8911.698592130711,8909.475584781087,8910.242917916257,8910.242917916257,4694148,8916.031416898146,8927.782371156836,8951.139675075066,8914.36088419348,8927.176833238946,1,1,0,1,0,0,NIFTYIT
2016-09-12,8907.351205578721,8907.379823597696,8906.773703714907,8908.067043049487,8908.067043049487,1949690,8915.491565960847,8927.457774706249,8950.789243166666,8912.545896244188,8926.729826495732,1,0,0,0,0,0,NIFTYIT
2016-09-13,8909.436342465622,8910.581250532468,8909.167238427965,8909.657446532656,8909.657446532656,2472756,8915.081934255211,8927.163436738665,8950.467371038076,8911.511933557504,8926.33526419185,1,1,0,1,0,0,NIFTYIT
2016-09-14,8903.57430885108,8905.307333774728,8900.69157630125,8902.244022610806,8902.244022610806,3267061,8914.445135197213,8926.710475702706,8950.139988574267,8910.47443915663,8925.841376200113,1,1,0,0,0,0,NIFTYIT
2016-09-15,8903.423105911037,8903.44619559089,8902.028859025471,8901.763225266239,8901.763225266239,2505190,8913.919638519144,8926.275973338945,8949.804572456078,8909.071371230999,8925.365335021053,1,0,0,0,0,0,NIFTYIT
2016-09-16,8910.293096207033,8916.00466839439,8908.984648124444,8910.392104120994,8910.392104120994,2705453,8913.75998410709,8925.879829181264,8949.507260684757,8908.648018101187,8925.029234984193,0,1,0,1,0,0,NIFTYIT
2016-09-19,8904.635642924006,8906.239899077204,8901.04466625955,8906.388235068225,8906.388235068225,1617547,8913.17267656298,8925.439775259734,8949.193288018183,8908.34518736699,8924.570033772943,1,0,0,0,0,0,NIFTYIT
2016-09-20,8903.274859546502,8906.200556066564,8901.264096431467,8903.13147863485,8903.13147863485,4980675,8912.250666366499,8924.988298501125,8948.865384942366,8907.361898910587,8924.098473718659,1,1,0,0,0,0,NIFTYIT
2016-09-21,8906.378811383069,8906.742058722479,8906.063577687954,8904.86175641877,8904.86175641877,1761445,8911.311297840704,8924.55800018147,8948.536685823785,8906.649581773878,8923.633873227076,1,0,0,1,0,0,NIFTYIT
2016-09-22,8907.82522288181,8910.179328268645,8907.372639311072,8909.48744958219,8909.48744958219,1451310,8910.777817018827,8924.20826438005,8948.211296554293,8906.623567920047,8923.284291992157,1,0,0,1,0,0,NIFTYIT
2016-09-23,8909.126656028164,8909.638602374796,8908.380290021621,8910.198736127222,8910.198736127222,1094709,8910.490016967311,8923.89075349557,8947.905133755821,8906.619149741146,8922.87098232707,1,0,0,1,0,0,NIFTYIT
2016-09-26,8916.862144324024,8920.938063152307,8912.678168519511,8916.081513251314,8916.081513251314,3412165,8909.983246502758,8923.581418337313,8947.630810451526,8907.420596761327,8922.51315685539,1,1,0,1,0,0,NIFTYIT
2016-09-27,8921.193082568472,8921.9208661175,8919.2769672239,8921.07512944599,8921.07512944599,3863602,8910.03714930508,8923.36362642156,8947.408197532173,8908.56236505266,8922.24377232096,1,1,0,1,0,0,NIFTYIT
2016-09-28,8913.33102015777,8913.72168550022,8912.549538319987,8913.043593464536,8913.043593464536,4721368,8910.058380647331,8923.030336423773,8947.157315966526,8909.642322138034,8921.89834600858,1,1,0,0,0,0,NIFTYIT
2016-09-29,8911.308748031532,8911.759258349539,8909.889587084057,8911.573943346308,8911.573943346308,3923126,8909.84738258852,8922.728685188089,8946.911872025148,8910.62339394604,8921.53159375249,1,0,0,0,0,0,NIFTYIT
2016-09-30,8903.775138127565,8906.242254376357,8902.460561577884,8904.31136389322,8904.31136389322,2567971,8909.331669012225,8922.267615224144,8946.631488768238,8910.015319923263,8921.028197426322,1,0,0,0,0,0,NIFTYIT
2016-10-03,8896.845556209792,8897.497413051471,8896.004646962792,8896.800616090148,8896.800616090148,1293292,8908.700872696223,8921.69114262993,8946.345524145563,8909.056558025455,8920.399242774378,1,0,0,0,0,0,NIFTYIT
2016-10-04,8890.198199910303,8890.479834054933,8889.978575874176,8890.605763191887,8890.605763191887,3434339,8907.582942695873,8921.057727550728,8946.032964250275,8907.803986481158,8919.684796732932,1,1,0,0,0,0,NIFTYIT
2016-10-05,8891.95551925736,8895.575442633539,8890.908899729426,8890.827420367099,8890.827420367099,3172625,8906.525067324934,8920.456188219152,8945.724265571589,8906.400552875992,8919.016402636751,0,0,0,1,0,0,NIFTYIT
2016-10-06,8887.525680711253,8888.87322363184,8883.987673412352,8887.209154310349,8887.209154310349,4739841,8905.398145634426,8919.807798116117,8945.410195386146,8904.172723348809,8918.303292747443,1,1,0,0,0,0,NIFTYIT
2016-10-07,8891.373191625004,8891.654391719032,8889.879023953505,8892.034714631805,8892.034714631805,4997342,8904.487735470206,8919.182405944566,8945.0988300857,8902.356321199264,8917.676051859882,0,1,0,1,0,0,NIFTYIT
2016-10-10,8893.380146225609,8893.429466053001,8891.95344166345,8891.897039216585,8891.897039216585,3685496,8903.67923527856,8918.531466247452,8944.814360028107,8899.937873795792,8917.135932945912,1,0,0,0,0,0,NIFTYIT
2016-10-11,8893.258623283582,8894.75920659068,8891.561794906373,8893.421515756192,8893.421515756192,4571016,8902.867438739737,8917.89686999065,8944.555935721462,8897.172512426812,8916.555646197254,1,1,0,1,0,0,NIFTYIT
2016-10-12,8893.121718223054,8894.262609588071,8888.617075130629,8893.04341376927,8893.04341376927,3337481,8902.40740829766,8917.297950443008,8944.314159416333,8895.172494457287,8915.988108327518,1,0,0,0,0,0,NIFTYIT
2016-10-13,8896.100550076413,8896.350557035574,8895.120972249297,8897.777023229726,8897.777023229726,2625663,8902.208098195833,8916.761508283273,8944.104645947527,8893.792802445629,8915.447220892489,1,0,0,1,0,0,NIFTYIT
2016-10-14,8899.356331999601,8902.141646163465,8898.505328616096,8898.060458303005,8898.060458303005,4720627,8901.591515904935,8916.248791747075,8943.876900530908,8893.167711886606,8914.801819863746,1,1,0,1,0,0,NIFTYIT
2016-10-17,8900.897360370684,8902.126580766015,8897.487674101123,8901.034220483365,8901.034220483365,2558803,8901.323815175692,8915.856645031063,8943.625338423775,8893.591072325928,8914.208486068603,1,0,0,1,0,0,NIFTYIT
2016-10-18,8902.63185027782,8903.069952581354,8900.318453826909,8902.554940037162,8902.554940037162,2927577,8901.294988245809,8915.426794007708,8943.390671230723,8894.785990010456,8913.64560156534,1,1,0,1,0,0,NIFTYIT
2016-10-19,8903.562375765205,8904.77976859576,8901.564231335768,8905.053337811865,8905.053337811865,3381955,8901.304567315461,8915.044851305362,8943.159654009525,8896.208581754934,8913.080586725931,1,1,0,1,0,0,NIFTYIT
2016-10-20,8896.401372629942,8900.500406582676,8894.76920650788,8895.707155800997,8895.707155800997,3258381,8900.615552626401,8914.511895992164,8942.888774373509,8897.058381903997,8912.432707056265,0,0,0,0,0,0,NIFTYIT
2016-10-21,8899.117241510578,8900.907240257755,8898.02384782759,8900.536581437504,8900.536581437504,4349779,8900.132444891917,8913.937784066899,8942.628614909605,8897.908568584568,8911.884186825668,1,1,0,1,0,0,NIFTYIT
2016-10-24,8893.852679741754,8894.351021874752,8893.51081826919,8893.712101736419,8893.712101736419,2691590,8899.01397431617,8913.290007149615,8942.341323550196,8898.09007483655,8911.44811694085,1,0,0,0,0,0,NIFTYIT
2016-10-25,8899.604120715374,8900.14275739946,8896.36285685774,8898.633777480281,8898.633777480281,1902605,8897.891906717885,8912.713288395844,8942.081451054722,8898.61130100896,8911.104528344049,1,0,0,1,0,0,NIFTYIT
2016-10-26,8900.205610879499,8900.552898334963,8897.694076693566,8901.732186078565,8901.732186078565,1562938,8897.326336348588,8912.142072587232,8941.818681144387,8899.48017823989,8910.870924829453,1,0,0,1,0,0,NIFTYIT
2016-10-27,8901.760359810334,8902.150231535355,8899.900976461337,8900.972862106142,8900.972862106142,2620277,8896.79628228658,8911.600506725734,8941.570471500461,8899.799762127532,8910.711211848584,1,1,0,0,0,0,NIFTYIT
2016-10-28,8902.154927528514,8905.032500970383,8900.794846558472,8902.577206220138,8902.577206220138,4051091,8896.709574402925,8911.111776819333,8941.284981193308,8900.251436919243,8910.395429261478,1,1,0,1,0,0,NIFTYIT
2016-10-31,8903.584491544396,8908.227761283484,8902.90282333609,8903.148177904859,8903.148177904859,3449663,8897.026952493661,8910.820912254421,8941.030884801263,8900.462832661393,8910.018886586455,1,0,0,1,0,0,NIFTYIT
2016-11-01,8899.435920475644,8900.035459013963,8899.42456054224,8897.79556271495,8897.79556271495,1491705,8897.386442469815,8910.488320260354,8940.751332080195,8899.986894929172,8909.60064551022,1,0,0,0,0,0,NIFTYIT
2016-11-02,8900.670257499785,8903.410936781987,8899.77851769305,8899.56853137548,8899.56853137548,2648422,8897.823498020234,8910.242271281631,8940.45663971762,8899.438414285532,8909.321578838435,1,1,0,1,0,0,NIFTYIT
2016-11-03,8898.265086336967,8898.694558510395,8893.749029343195,8898.221254768023,8898.221254768023,1377178,8898.374103043117,8910.05814527034,8940.167484002994,8899.689824182236,8909.05293505214,1,0,0,0,0,0,NIFTYIT
2016-11-04,8891.501319011095,8892.738015333722,8890.632632593119,8891.170326899815,8891.170326899815,2914975,8898.330883656516,8909.619513103426,8939.891601466948,8898.753198728467,8908.733670316182,1,1,0,0,0,0,NIFTYIT
2016-11-07,8883.956618411592,8884.433721802741,8882.005857230977,8885.16974383712,8885.16974383712,1207095,8897.994518887544,8909.041773919744,8939.615875483803,8897.898962938536,8908.287390602061,1,0,0,0,0,0,NIFTYIT
2016-11-08,8881.720368657898,8882.911874686508,8880.948510040202,8880.534562345398,8880.534562345398,4749484,8897.350171217004,8908.433910406155,8939.323492275962,8896.08904142505,8907.771553095014,1,1,0,0,0,0,NIFTYIT
2016-11-09,8883.106418621535,8886.534009054894,8881.9552631721,8884.254116491733,8884.254116491733,3307511,8896.910706353126,8907.98085521531,8939.016230260306,8894.341234466367,8907.472687113026,1,0,0,1,0,0,NIFTYIT
2016-11-10,8879.168292541824,8879.974056825471,8878.428541323192,8879.36187338007,8879.36187338007,3746335,8895.989948860644,8907.493259398307,8938.696547007314,8892.180135593759,8907.0695360569,1,1,0,0,0,0,NIFTYIT
2016-11-11,8878.735004641456,8878.94256805773,8878.630658979842,8878.575800983012,8878.575800983012,2998261,8895.015715994645,8907.036517134387,8938.36871228504,8889.779995070046,8906.661285544413,1,0,0,0,0,0,NIFTYIT
2016-11-14,8889.693056540438,8890.144287107638,8887.864655854131,8888.787148991749,8888.787148991749,3648985,8894.403362420064,8906.66334746683,8938.08395061202,8888.343892178735,8906.357471707133,1,1,0,1,0,0,NIFTYIT
2016-11-15,8881.328284987589,8881.692768209026,8876.065039338453,8880.703128347332,8880.703128347332,2395031,8893.310771835571,8906.181856879,8937.791155289027,8886.634648741974,8905.897724020322,1,0,0,0,0,0,NIFTYIT
2016-11-16,8877.609525404196,8878.36310940558,8876.868393060351,8877.964253824106,8877.964253824106,2377074,8891.956317636184,8905.82304673754,8937.469607687928,8884.474220986836,8905.328216357035,0,0,0,0,0,0,NIFTYIT
2016-11-17,8886.339382687549,8888.475322563881,8885.858831722906,8886.432235666965,8886.432235666965,1369041,8891.492571629484,8905.533472151008,8937.152981440775,8883.29531907673,8904.836488490771,1,0,0,1,0,0,NIFTYIT
2016-11-18,8888.78898710989,8890.341295148717,8888.314541258678,8889.087291167732,8889.087291167732,3317541,8890.920107115995,8905.282130922862,8936.83754455066,8883.087015503523,8904.39216453283,1,1,0,1,0,0,NIFTYIT
2016-11-21,8890.829964114684,8893.204286522578,8890.429691606198,8890.696348661246,8890.696348661246,4069734,8890.769319462237,8905.02117044628,8936.5414348568,8883.639675985934,8903.91958351948,1,1,0,1,0,0,NIFTYIT
2016-11-22,8888.117002690242,8889.679838017873,8887.411963921648,8887.3707257963,8887.3707257963,1361293,8890.206166878035,8904.673501958005,8936.212808066548,8884.323292331024,8903.390757435664,1,0,0,0,0,0,NIFTYIT
2016-11-23,8883.180728029458,8883.475487429569,8882.962238453345,8882.542597971507,8882.542597971507,4930297,8889.246687472683,8904.196817825516,8935.870940183704,8884.152140479002,8902.871079634959,1,1,0,0,0,0,NIFTYIT
2016-11-24,8887.203869493027,8887.954902318661,8884.955674397757,8887.966810368018,8887.966810368018,4473819,8888.596384885777,8903.755005134659,8935.548056113763,8885.012634177798,8902.364866335238,0,0,0,1,0,0,NIFTYIT
2016-11-25,8888.2123736289,8889.490371204743,8886.74992393293,8887.443396353705,8887.443396353705,3882063,8887.839694392456,8903.317902738914,8935.235644637047,8885.899393714866,8901.91854339578,1,0,0,0,0,0,NIFTYIT
2016-11-28,8895.525976049343,8896.840821137584,8894.525132680381,8895.952576318716,8895.952576318716,3401232,8887.47991431315,8902.940560884615,8934.966634976396,8886.615936447562,8901.613056922753,1,0,0,1,0,0,NIFTYIT
2016-11-29,8896.417218467273,8902.323681573798,8895.658993990333,8896.82655088081,8896.82655088081,3377655,8887.431463721443,8902.562984244594,8934.688691382833,8888.22827870091,8901.33274319256,0,0,0,1,0,0,NIFTYIT
2016-11-30,8896.196121785113,8897.717663288291,8892.594888413472,8897.291371848958,8897.291371848958,2618772,8887.317605745116,8902.2601459799,8934.412716315399,8890.160990503395,8901.096894766937,1,0,0,1,0,0,NIFTYIT
2016-12-01,8891.278771296329,8891.545617615126,8891.137986833468,8889.615940100344,8889.615940100344,1539035,8886.887340011734,8901.806185133068,8934.097735377332,8890.479360946734,8900.79479851724,1,0,0,0,0,0,NIFTYIT
2016-12-02,8890.002460011732,8890.731892626392,8889.238456403447,8889.430220754606,8889.430220754606,3274218,8886.800334704472,8901.412592682336,8933.790742378322,8890.51365390542,8900.472732229142,1,1,0,0,0,0,NIFTYIT
2016-12-05,8887.942416697717,8889.835258395276,8887.115829592696,8889.439995165045,8889.439995165045,1208993,8887.013847270868,8901.044791849454,8933.490161474594,8890.388018555801,8900.090140352,1,0,0,1,0,0,NIFTYIT
2016-12-06,8884.499363422503,8885.429322464266,8882.021291666579,8883.684323604239,8883.684323604239,2624348,8887.17133533381,8900.61771988644,8933.162519999527,8890.019378336594,8899.584975565864,1,1,0,0,0,0,NIFTYIT
2016-12-07,8888.48926889826,8889.898205307429,8887.109081280722,8887.67035242209,8887.67035242209,2389161,8887.342147130328,8900.276349244583,8932.86245779371,8890.532153781653,8899.105258572365,0,0,0,1,0,0,NIFTYIT
2016-12-08,8888.00749509214,8891.018042559977,8886.687943952713,8889.616867727449,8889.616867727449,2526394,8887.854896847697,8899.99314560583,8932.541508680213,8890.697159517596,8898.698055928466,0,1,0,1,0,0,NIFTYIT
2016-12-09,8887.65258808109,8889.03996048568,8887.57014074858,8888.280549845413,8888.280549845413,3742034,8888.340134290816,8899.676837574372,8932.215232736859,8890.780874866767,8898.329066764305,1,1,0,0,0,0,NIFTYIT
2016-12-12,8883.416023951013,8888.24076965323,8882.245860700092,8883.934748366657,8883.934748366657,4322019,8888.097514259562,8899.249342104575,8931.894672489378,8889.579092071563,8897.765304441962,1,1,0,0,0,0,NIFTYIT
2016-12-13,8877.33822134948,8878.838698421678,8873.664752651766,8877.598847568783,8877.598847568783,2944595,8887.942300220635,8898.699681667127,8931.525500204345,8887.656321740358,8897.199994764218,1,0,0,0,0,0,NIFTYIT
2016-12-14,8866.737103061681,8867.538203446438,8864.635060278899,8866.921682662542,8866.921682662542,1720980,8887.390171662557,8897.990588613726,8931.119258313161,8884.619352821717,8896.590697644791,1,0,0,0,0,0,NIFTYIT
2016-12-15,8856.95872101584,8860.085518775548,8856.371766805809,8859.147344835515,8859.147344835515,1602919,8886.025927120983,8897.227967098925,8930.699202564843,8881.572493295234,8895.835410182299,0,0,0,0,0,0,NIFTYIT
2016-12-16,8852.618818258865,8854.575135362698,8849.651583669214,8852.588838888856,8852.588838888856,1334928,8884.201004507038,8896.435893370566,8930.252990463903,8877.888355108658,8895.008252895228,1,0,0,0,0,0,NIFTYIT
2016-12-19,8852.902711415369,8853.843746970073,8851.15980437118,8853.034337377423,8853.034337377423,2058371,8882.317903942849,8895.521111056003,8929.78785866313,8874.247789329896,8894.256490161457,1,1,0,1,0,0,NIFTYIT
2016-12-20,8846.902768830183,8847.016980758672,8846.19888475629,8846.941786585,8846.941786585,4252179,8880.296456982283,8894.607919970822,8929.301227707932,8870.573535627973,8893.37618913994,1,1,0,0,0,0,NIFTYIT
2016-12-21,8851.63517208754,8851.694975232871,8849.981111229017,8852.777367217037,8852.777367217037,3220154,8878.80819544456,8893.85989997829,8928.81702570363,8867.084237107469,8892.586754999022,1,0,0,1,0,0,NIFTYIT
2016-12-22,8854.432329453677,8855.620834808591,8853.02416183527,8852.815224630522,8852.815224630522,4374687,8877.050616157685,8893.07266647964,8928.325691190854,8863.404072797774,8891.827656819156,1,1,0,1,0,0,NIFTYIT
2016-12-23,8844.387673918622,8844.628285295472,8842.780296216142,8844.331267824433,8844.331267824433,3795457,8874.895009731223,8892.193986884708,8927.769896853344,8859.009144595677,8890.948834817933,1,0,0,0,0,0,NIFTYIT
2016-12-26,8843.55702138597,8843.882937919458,8841.892085728,8843.676190097995,8843.676190097995,3231452,8872.281190420186,8891.372232480804,8927.25209697214,8854.98328876881,8890.090290111912,1,0,0,0,0,0,NIFTYIT
2016-12-27,8850.826752663548,8850.888391950195,8849.873097402455,8850.680173423665,8850.680173423665,4407190,8869.973871547327,8890.593680108615,8926.766295651101,8852.291421354299,8889.30392647046,1,1,0,1,0,0,NIFTYIT
2016-12-28,8856.240470940464,8856.73873842546,8853.960292373817,8857.88193903779,8857.88193903779,2644234,8868.003399906771,8889.917392749263,8926.32517230598,8851.387446991823,8888.712432022818,1,0,0,1,0,0,NIFTYIT
2016-12-29,8859.661541446541,8863.382504267585,8857.42117522203,8859.036234262958,8859.036234262958,2527483,8866.4744146149,8889.283500826044,8925.90134679895,8851.376335934567,8888.142738809442,0,0,0,1,0,0,NIFTYIT
2016-12-30,8857.701668574937,8859.878871933886,8857.519780831552,8857.722323845268,8857.722323845268,2439404,8864.889019769433,8888.626993400158,8925.453131297088,8851.889684430209,8887.440475072432,0,0,0,0,0,0,NIFTYIT
2015-01-01,2608.6563215910214,2609.2571131768505,2605.8735306777858,2607.9594515145704,2607.9594515145704,3150185,2607.9594515145704,2607.9594515145704,2607.9594515145704,2607.9594515145704,2607.9594515145704,0,0,0,0,0,0,TCS
2015-01-02,2601.9749703333946,2604.307063362221,2601.0943356855705,2603.7592244535285,2603.7592244535285,1167146,2605.8593379840495,2605.8593379840495,2605.8593379840495,2605.8593379840495,2605.8593379840495,1,0,0,0,0,0,TCS
2015-01-05,2601.7914443451964,2602.3897083393385,2600.8824275502006,2601.3698000617264,2601.3698000617264,1883925,2604.362825343275,2604.362825343275,2604.362825343275,2604.362825343275,2604.362825343275,1,1,0,0,0,0,TCS
2015-01-06,2605.8855516981657,2606.960457839785,2605.554491806018,2605.521842079773,2605.521842079773,1116292,2604.6525795273997,2604.6525795273997,2604.6525795273997,2604.6525795273997,2604.6525795273997,1,0,0,1,0,0,TCS
2015-01-07,2598.3192829976847,2599.4293449662155,2595.332024011424,2598.6701506909703,2598.6701506909703,1693305,2603.4560937601136,2603.4560937601136,2603.4560937601136,2603.4560937601136,2603.4560937601136,1,1,0,0,0,0,TCS
2015-01-08,2591.259262636101,2591.5291127575383,2590.05790379995,2591.872632215302,2591.872632215302,3819707,2601.5255168359786,2601.5255168359786,2601.5255168359786,2601.5255168359786,2601.5255168359786,1,1,0,0,0,0,TCS
2015-01-09,2589.7178947515886,2590.738525963117,2588.827248952828,2589.592037328034,2589.592037328034,4065649,2599.820734049129,2599.820734049129,2599.820734049129,2599.820734049129,2599.820734049129,0,1,0,0,0,0,TCS
2015-01-12,2597.627484243298,2598.6010591838194,2596.965539145448,2598.1177954513687,2598.1177954513687,3728986,2599.607866724409,2599.607866724409,2599.607866724409,2599.607866724409,2599.607866724409,0,0,0,1,0,0,TCS
2015-01-13,2596.0162551307963,2596.4290300805437,2592.507905703346,2595.2094069394816,2595.2094069394816,4544314,2599.1191489705284,2599.1191489705284,2599.1191489705284,2599.1191489705284,2599.1191489705284,1,1,0,0,0,0,TCS
2015-01-14,2592.592006739271,2593.172941585401,2589.890737170909,2593.017473686973,2593.017473686973,4563886,2598.5089814421726,2598.5089814421726,2598.5089814421726,2598.5089814421726,2598.5089814421726,0,1,0,0,0,0,TCS
2015-01-15,2587.2644771770406,2588.83082638606,2585.902205402619,2587.9112594322555,2587.9112594322555,2738141,2597.545552168544,2597.545552168544,2597.545552168544,2596.5041622339413,2597.545552168544,1,0,0,0,0,0,TCS
2015-01-16,2591.9556879316897,2594.302600465984,2590.108585116757,2590.732281727784,2590.732281727784,4825680,2596.977779631814,2596.977779631814,2596.977779631814,2595.2014679613667,2596.977779631814,1,1,0,1,0,0,TCS
2015-01-19,2594.402261328732,2594.6584419327714,2593.0697194899417,2594.640704310661,2594.640704310661,4334909,2596.7980046071098,2596.7980046071098,2596.7980046071098,2594.5285583862606,2596.7980046071098,1,0,0,1,0,0,TCS
2015-01-20,2590.2150258677752,2591.0918461473634,2586.9505518441665,2591.006557628356,2591.006557628356,2252227,2596.3843298229135,2596.3843298229135,2596.3843298229135,2593.077029941119,2596.3843298229135,1,0,0,0,0,0,TCS
2015-01-21,2601.394252452484,2602.0100967238445,2598.0255699356667,2600.770202327737,2600.770202327737,4974835,2596.676721323235,2596.676721323235,2596.676721323235,2593.2870351047955,2596.676721323235,1,1,0,1,0,0,TCS
2015-01-22,2602.988747837995,2603.787495122682,2602.767409423678,2601.5392582805625,2601.5392582805625,2363250,2596.9806298830676,2596.9806298830676,2596.9806298830676,2594.253697711322,2596.9806298830676,1,0,0,1,0,0,TCS
2015-01-23,2605.3153811671887,2605.421181709414,2603.908934492574,2606.052639994251,2606.052639994251,4279274,2597.5142775366667,2597.5142775366667,2597.5142775366667,2595.8997579779434,2597.5142775366667,1,1,0,1,0,0,TCS
2015-01-26,2611.355028084955,2613.013897616124,2609.0348116386576,2610.634815515942,2610.634815515942,1381533,2598.243196313293,2598.243196313293,2598.243196313293,2597.1514599844004,2598.243196313293,1,0,0,1,0,0,TCS
2015-01-27,2604.3135390854413,2605.016131130287,2601.539496168579,2603.8322405689264,2603.8322405689264,2206764,2598.537356537274,2598.537356537274,2598.537356537274,2598.013743347345,2598.537356537274,1,1,0,0,0,0,TCS
2015-01-28,2604.353098353886,2605.0102974488987,2601.384013226071,2601.81009680064,2601.81009680064,1748828,2598.700993550442,2598.700993550442,2598.700993550442,2598.8930056587114,2598.700993550442,1,0,0,0,0,0,TCS
2015-01-29,2600.255121134254,2602.471686757744,2598.903760787554,2600.7536606677795,2600.7536606677795,2713758,2598.340704008103,2598.7987396036488,2598.7987396036488,2600.177245782264,2598.7987396036488,1,1,0,0,0,0,TCS
2015-01-30,2600.1046557983664,2601.6585239611127,2596.632034971861,2599.758617285964,2599.758617285964,4319278,2598.1406736497242,2598.8423704073903,2598.8423704073903,2601.079879338082,2598.8423704073903,1,1,0,0,0,0,TCS
2015-02-02,2602.810300463388,2603.2479348237093,2602.16468576642,2601.537527770688,2601.537527770688,1359960,2598.1490600351726,2598.9595511623165,2598.9595511623165,2601.769561684085,2598.9595511623165,1,0,0,1,0,0,TCS
2015-02-03,2600.982209970868,2602.371087761688,2600.905110109129,2600.837498342211,2600.837498342211,1906854,2597.9148428482945,2599.0377989614785,2599.0377989614785,2602.75265575547,2599.0377989614785,1,1,0,0,0,0,TCS
2015-02-04,2591.67057018589,2592.232187015181,2590.208975256271,2592.4761396288964,2592.4761396288964,4303889,2597.6051422951905,2598.7753325881754,2598.7753325881754,2601.9232494855864,2598.7753325881754,1,1,0,0,0,0,TCS
2015-02-05,2594.1822721728604,2594.8829307710166,2592.495074133328,2596.3486911278383,2596.3486911278383,1329523,2597.8289452408176,2598.682000224316,2598.682000224316,2601.404192770314,2598.682000224316,1,0,0,1,0,0,TCS
2015-02-06,2594.15525827356,2596.7033287008494,2594.079358255434,2595.027486454559,2595.027486454559,2721694,2598.100717697144,2598.5466478624735,2598.5466478624735,2600.3016774163443,2598.5466478624735,1,1,0,0,0,0,TCS
2015-02-09,2591.422040360729,2591.448150259825,2590.9587251160474,2592.497665687845,2592.497665687845,4677128,2597.8197112089674,2598.330612784808,2598.330612784808,2598.4879624335344,2598.330612784808,1,1,0,0,0,0,TCS
2015-02-10,2598.3488154529314,2599.4771059142317,2597.2915465098986,2596.7394728286586,2596.7394728286586,4024091,2597.8962145034266,2598.2757458897686,2598.2757458897686,2597.7786856595076,2598.2757458897686,1,0,0,1,0,0,TCS
2015-02-11,2600.647149680533,2604.485483743408,2600.456702024001,2599.954359667395,2599.954359667395,4544776,2598.2430588024476,2598.331699682356,2598.331699682356,2597.5931119461834,2598.331699682356,1,1,0,1,0,0,TCS
2015-02-12,2602.306369127759,2603.435903034063,2600.841682451853,2603.086924582333,2603.086924582333,2182382,2599.0018420599513,2598.485094033968,2598.485094033968,2597.8264383376386,2598.485094033968,1,0,0,1,0,0,TCS
2015-02-13,2589.753996424984,2593.923143300832,2588.348351341781,2591.748245787541,2591.748245787541,1367230,2599.0526402629393,2598.274567526267,2598.274567526267,2597.025401187796,2598.274567526267,1,0,0,0,0,0,TCS
2015-02-16,2598.051081792408,2601.308079219982,2595.701536546201,2599.553320639989,2599.553320639989,2442597,2599.298271079406,2598.3133176206225,2598.3133176206225,2596.826980474726,2598.3133176206225,1,1,0,1,0,0,TCS
2015-02-17,2598.2115868826886,2599.4200617236143,2592.9507070572704,2598.435236720324,2598.435236720324,4102209,2599.669705034004,2598.316903476496,2598.316903476496,2596.586754312538,2598.316903476496,1,1,0,0,0,0,TCS
2015-02-18,2602.3864971908342,2604.501510101223,2600.3253420128726,2601.21917419592,2601.21917419592,2370181,2599.692153627413,2598.399825497051,2598.399825497051,2597.46105776924,2598.399825497051,1,0,0,1,0,0,TCS
2015-02-19,2597.736881153596,2598.173006396102,2597.2529822681367,2597.5482800730333,2597.5482800730333,4800083,2599.4926047170366,2598.3761714574953,2598.3761714574953,2597.5810166637593,2598.3761714574953,1,1,0,0,0,0,TCS
2015-02-20,2592.632996840141,2593.3303504141622,2591.6618410901565,2592.1639363392865,2592.1639363392865,2217654,2598.7981695342887,2598.2082732110566,2598.2082732110566,2597.2946616522327,2598.2082732110566,1,0,0,0,0,0,TCS
2015-02-23,2588.6906301471868,2590.0820285818527,2587.2355823577377,2589.1756604803804,2589.1756604803804,2240159,2597.7252117825105,2597.970572876039,2597.970572876039,2596.9624611314857,2597.970572876039,0,1,0,0,0,0,TCS
2015-02-24,2574.777479009057,2575.638616295106,2574.437553090723,2574.460149196587,2574.460149196587,3062272,2596.2566072138934,2597.3677414996428,2597.3677414996428,2594.734528768279,2597.3677414996428,1,1,0,0,0,0,TCS
2015-02-25,2574.290811438727,2576.4529141862704,2573.452964104204,2574.5035984745978,2574.5035984745978,4713375,2594.8912822975913,2596.796137924017,2596.796137924017,2592.189452648999,2596.796137924017,1,1,0,1,0,0,TCS
2015-02-26,2571.9235793073817,2574.7101893068425,2570.4165917808964,2571.259404279126,2571.259404279126,3635897,2593.4165694781586,2596.173290761946,2596.173290761946,2589.0067006186787,2596.173290761946,1,0,0,0,0,0,TCS
2015-02-27,2571.9820535587555,2573.311746477051,2571.8617542376505,2570.372766346816,2570.372766346816,3381527,2591.9472769312015,2595.558992561586,2595.558992561586,2586.869152674606,2595.558992561586,0,0,0,0,0,0,TCS
2015-03-02,2570.142972347757,2573.569379936202,2566.472995310614,2570.5461784733343,2570.5461784733343,3512229,2590.3977094663337,2594.9772992106964,2594.9772992106964,2583.9684384579405,2594.9772992106964,0,1,0,1,0,0,TCS
2015-03-03,2563.846486767449,2567.022699588829,2561.1706594303173,2563.807391133602,2563.807391133602,4947573,2588.5462041059027,2594.268892208944,2594.268892208944,2580.5056538992685,2594.268892208944,1,1,0,0,0,0,TCS
2015-03-04,2558.449827041726,2559.308750027511,2557.7344634344227,2557.7677162539894,2557.7677162539894,2819546,2586.8107829371575,2593.457754965501,2593.457754965501,2576.160508105075,2593.457754965501,1,0,0,0,0,0,TCS
2015-03-05,2553.5046872034136,2553.859451271317,2553.122418170398,2553.355715075109,2553.355715075109,2451776,2584.661134134521,2592.585971489623,2592.585971489623,2571.741251605283,2592.585971489623,1,0,0,0,0,0,TCS
2015-03-06,2559.1723898638256,2561.9619968921465,2557.408632760249,2557.3216089709927,2557.3216089709927,3050792,2582.775840260343,2591.8356659041197,2591.8356659041197,2568.2570188684535,2591.8356659041197,1,1,0,1,0,0,TCS
2015-03-09,2561.871699867105,2567.509465059192,2559.659276614455,2560.61436845443,2560.61436845443,4709382,2581.1816753986723,2591.1852222072516,2591.1852222072516,2565.400889665859,2591.1852222072516,1,1,0,1,0,0,TCS
2015-03-10,2551.1265635369227,2551.5199329593365,2549.3907756368253,2551.954288281935,2551.954288281935,1401484,2578.9424161713364,2590.384590902653,2590.384590902653,2563.150303574393,2590.384590902653,1,0,0,0,0,0,TCS
2015-03-11,2549.749197277387,2551.505263659121,2546.5687154867533,2548.837142408547,2548.837142408547,1353925,2576.3865553083933,2589.553641932771,2589.553641932771,2560.583657967788,2589.553641932771,0,0,0,0,0,0,TCS
2015-03-12,2547.2705939877355,2548.068206060141,2546.7339478191984,2547.2901312621125,2547.2901312621125,2931755,2573.5967156423826,2588.7249456451113,2588.7249456451113,2558.186730666087,2588.7249456451113,1,1,0,0,0,0,TCS
2015-03-13,2541.942298182952,2542.513668717664,2541.779082717864,2542.3513268530064,2542.3513268530064,2139090,2571.126869695656,2587.8331452837247,2587.8331452837247,2555.384586716706,2587.8331452837247,1,0,0,0,0,0,TCS
2015-03-16,2552.742305776704,2553.855738179099,2552.014569556679,2553.931152673972,2553.931152673972,4263196,2568.8457612973552,2587.1934850458047,2587.1934850458047,2553.7230841367696,2587.1934850458047,1,1,0,1,0,0,TCS
2015-03-17,2553.751490457763,2556.182933133743,2552.470023294907,2554.4040493167336,2554.4040493167336,1174583,2566.6442019271753,2586.586273273044,2586.586273273044,2552.7827499550826,2586.586273273044,1,0,0,1,0,0,TCS
2015-03-18,2557.301724746053,2561.1600433338176,2556.5286826393944,2556.755207541798,2556.755207541798,1094558,2564.4210035944698,2586.043890259749,2586.043890259749,2552.681499083864,2586.043890259749,0,0,0,1,0,0,TCS
2015-03-19,2563.963421263497,2564.5433370774344,2560.395923082074,2563.1504639502887,2563.1504639502887,1364557,2562.701112788332,2585.635079075651,2585.635079075651,2553.6609739713813,2585.635079075651,1,1,0,1,0,0,TCS
2015-03-20,2558.6126203891217,2559.029300740767,2555.060704037806,2558.852680184477,2558.852680184477,2507773,2561.0355499805914,2585.165212428438,2585.165212428438,2553.8140810927302,2585.165212428438,1,1,0,0,0,0,TCS
2015-03-23,2569.375523567199,2572.3016881604826,2565.335959780848,2569.138524471224,2569.138524471224,4159708,2560.033693180134,2584.8888902222784,2584.8888902222784,2554.666496694409,2584.8888902222784,1,1,0,1,0,0,TCS
2015-03-24,2561.4324587180263,2561.8866914734604,2560.519590559583,2562.314879322407,2562.314879322407,1890936,2559.426429686425,2584.5062798680437,2584.5062798680437,2555.7025557984566,2584.5062798680437,1,0,0,0,0,0,TCS
2015-03-25,2562.538578358769,2562.815636172299,2562.2158680345747,2563.841081283325,2563.841081283325,3210256,2558.8933038268615,2584.1618598916316,2584.1618598916316,2557.2029496859345,2584.1618598916316,1,1,0,1,0,0,TCS
2015-03-26,2568.019439865244,2568.897346966611,2567.970708292088,2568.2893820625136,2568.2893820625136,2106608,2558.744802716031,2583.9016553370557,2583.9016553370557,2559.3028747659746,2583.9016553370557,1,0,0,1,0,0,TCS
2015-03-27,2568.307123548589,2569.264354565548,2567.039091196499,2567.3661398695613,2567.3661398695613,1085365,2558.594471392168,2583.6349534746773,2583.6349534746773,2561.8043560676297,2583.6349534746773,1,0,0,0,0,0,TCS
2015-03-30,2565.3971642952606,2567.623406241783,2562.640152265251,2563.7683777982797,2563.7683777982797,2066998,2558.255581358415,2583.319611003623,2583.319611003623,2562.788078580061,2583.319611003623,1,1,0,0,0,0,TCS
2015-03-31,2553.9511959988718,2554.657107303559,2551.7177166188712,2554.131809048947,2554.131809048947,1257707,2557.7718022541826,2582.8635515980814,2582.8635515980814,2562.760854553282,2582.8635515980814,1,0,0,0,0,0,TCS
2015-04-01,2544.367473460674,2545.83419954055,2543.777469502836,2541.5286656085955,2541.5286656085955,1211712,2556.959849721913,2582.227630275166,2582.227630275166,2561.238200359962,2582.227630275166,0,0,0,0,0,0,TCS
2015-04-02,2545.9700366444185,2546.1907174440207,2542.5577216835954,2546.306265304641,2546.306265304641,3917980,2556.6073772333893,2581.683367169552,2581.683367169552,2559.5537804953974,2581.683367169552,1,1,0,1,0,0,TCS
2015-04-03,2547.020352859221,2548.691633426594,2545.146034123158,2547.354904962054,2547.354904962054,3276911,2556.1090420329424,2581.1710020619776,2581.1710020619776,2558.4040029731545,2581.1710020619776,1,0,0,1,0,0,TCS
2015-04-06,2551.2602352887884,2552.0849735971983,2549.6754725540163,2551.2754480279814,2551.2754480279814,1624824,2555.64209601162,2580.7313615614776,2580.7313615614776,2556.6176953288305,2580.7313615614776,1,0,0,1,0,0,TCS
2015-04-07,2548.324797780592,2548.761651426256,2547.668373242868,2548.3672488692823,2548.3672488692823,4693164,2555.462744040987,2580.2623164499964,2580.2623164499964,2555.2229322835183,2580.2623164499964,1,1,0,0,0,0,TCS
2015-04-08,2551.588021166551,2554.4225286792584,2550.847784288585,2552.224345499824,2552.224345499824,4413852,2555.6321041955516,2579.8617740078507,2579.8617740078507,2554.061258705168,2579.8617740078507,0,0,0,1,0,0,TCS
2015-04-09,2558.275131967958,2558.559949373903,2556.734645519505,2556.778715174573,2556.778715174573,1225023,2556.1065333911743,2579.5366605031572,2579.5366605031572,2552.910192016374,2579.5366605031572,1,0,0,1,0,0,TCS
2015-04-10,2560.8456858093864,2562.054430704162,2559.501850916899,2560.639899935848,2560.639899935848,2085833,2557.020962045316,2579.274205495278,2579.274205495278,2552.2375680230025,2579.274205495278,1,1,0,1,0,0,TCS
2015-04-13,2554.6008333855684,2555.844194238281,2554.4410065405823,2553.7853524704265,2553.7853524704265,2337023,2557.013672035139,2578.9250431250744,2578.9250431250744,2551.239265490217,2578.9250431250744,1,1,0,0,0,0,TCS
2015-04-14,2552.869153924845,2555.818319506635,2549.9555618879986,2553.114463896716,2553.114463896716,1982026,2556.949192764138,2578.5762515138804,2578.5762515138804,2551.137530974994,2578.5762515138804,1,0,0,0,0,0,TCS
2015-04-15,2555.9153634579243,2556.1834880278598,2551.483640578464,2556.6218050565885,2556.6218050565885,3153436,2556.9425226398776,2578.283525561116,2578.283525561116,2552.6468449197937,2578.283525561116,1,1,0,1,0,0,TCS
2015-04-16,2552.1469194725278,2554.1384998001554,2552.016943580261,2551.654083851244,2551.654083851244,3257837,2556.3677036349254,2577.933138170197,2577.933138170197,2553.1816267744534,2577.5327873256056,0,1,0,0,0,0,TCS
2015-04-17,2545.8933963547297,2546.439956109638,2543.955094162162,2546.44813253171,2546.44813253171,2119197,2555.7474762522875,2577.5242419930737,2577.5242419930737,2553.0909495314195,2576.7686394333145,1,0,0,0,0,0,TCS
2015-04-20,2541.4805101102365,2543.0223002239663,2540.275346147518,2540.9089465963766,2540.9089465963766,4712521,2554.3359973585443,2577.0548151290136,2577.0548151290136,2552.054299388259,2575.962494720443,1,1,0,0,0,0,TCS
2015-04-21,2543.2943439177347,2544.743345606001,2539.053516395478,2544.049807078424,2544.049807078424,1737443,2553.422743746346,2576.6370302169807,2576.6370302169807,2551.6225552091732,2575.142867587092,1,0,0,1,0,0,TCS
2015-04-22,2537.864832167202,2541.491042656856,2537.33549624115,2537.3602186210937,2537.3602186210937,4899539,2552.098700613234,2576.146070072032,2576.146070072032,2550.1361425213004,2574.32540182616,1,1,0,0,0,0,TCS
2015-04-23,2533.352061506904,2534.599029381892,2531.3566203180544,2532.8690723063646,2532.8690723063646,4283603,2550.3276851254263,2575.20744033193,2575.6117861489993,2547.745178234479,2573.538687694041,1,0,0,0,0,0,TCS
2015-04-24,2533.1268846007843,2533.3081753226265,2532.800971351075,2533.908373475045,2533.908373475045,1432488,2548.6547968057007,2574.3343046946984,2575.103207945658,2545.072025588399,2572.7962388426677,1,0,0,1,0,0,TCS
2015-04-27,2538.8502759721105,2539.723284862624,2535.9318953245133,2540.8458005956995,2540.8458005956995,3939632,2547.5086679455717,2573.577754701373,2574.6904680980683,2543.7780704009265,2572.032612244592,1,1,0,1,0,0,TCS
2015-04-28,2541.939726860509,2543.499677141486,2539.960927885425,2542.772390858374,2542.772390858374,2927915,2546.940697036043,2572.7933865611058,2574.310490988072,2542.743863097092,2571.3334520301773,1,0,0,1,0,0,TCS
2015-04-29,2545.2651248320585,2547.1687698110327,2543.9079641133267,2544.6046367294457,2544.6046367294457,2733764,2547.0944955920854,2572.1175676365865,2573.9610103497353,2541.542146264378,2570.6879475374103,0,0,0,1,0,0,TCS
2015-04-30,2541.1899996450675,2545.5108371315423,2540.0434615538834,2541.839689095465,2541.839689095465,1938450,2546.871166781627,2571.492155847589,2573.5875066142207,2540.5607067888,2570.07365993292,1,0,0,0,0,0,TCS
2015-05-01,2548.407970073456,2549.1732438860195,2547.588919513186,2547.437460086964,2547.437460086964,3314519,2546.8752945378724,2570.9652236320753,2573.2869313667807,2540.6596395443253,2569.4963956443758,1,1,0,1,0,0,TCS
2015-05-04,2548.878003851212,2551.371718163134,2548.0394834988706,2549.606873505684,2549.606873505684,2291358,2546.7918658117574,2570.3588371077544,2573.0178398001776,2541.5294322352556,2568.8959445669757,1,0,0,1,0,0,TCS
2015-05-05,2555.141067047673,2555.2962711717096,2553.939596879429,2554.417888452301,2554.417888452301,3060497,2547.0943977909083,2569.8489431266644,2572.808851582786,2542.5662403726437,2568.4080956446287,1,1,0,1,0,0,TCS
2015-05-06,2555.574765668455,2557.868634664017,2553.7740692369266,2556.3616394550327,2556.3616394550327,1150699,2547.3012624886687,2569.390745198765,2572.626104781366,2544.4663824560375,2567.815981472992,1,0,0,1,0,0,TCS
2015-05-07,2564.128914394656,2566.293650902451,2564.085856217186,2564.524204803401,2564.524204803401,1149948,2547.68853697011,2569.0984070159047,2572.5370729134765,2547.6318957057415,2567.3224474266303,0,0,0,1,0,0,TCS
2015-05-08,2552.887645557118,2554.711245183825,2552.0889291369326,2551.845270136552,2551.845270136552,2115094,2547.2488054801456,2568.6123193710146,2572.312162013727,2549.425585371892,2566.5996824951944,1,1,0,0,0,0,TCS
2015-05-11,2558.750445345056,2560.676801772991,2557.754581361232,2557.661520651829,2557.661520651829,1964048,2547.442613889216,2568.150079575279,2572.1546282356426,2551.107157377505,2565.893371897006,0,0,0,1,0,0,TCS
2015-05-12,2555.316797650026,2555.3336626818527,2554.413627453347,2555.3093894150797,2555.3093894150797,2336287,2547.552360165134,2567.7038649726132,2571.9754235673386,2552.3608572331755,2565.2464005482884,1,1,0,0,0,0,TCS
2015-05-13,2552.0848363656987,2553.7984819438348,2549.89102953002,2551.7256163749053,2551.7256163749053,3577010,2547.3075507310496,2567.0908076482024,2571.762267702155,2553.072955197721,2564.578607475945,1,1,0,0,0,0,TCS
2015-05-14,2550.6683262777715,2552.3688926232217,2546.8405521196023,2549.9264067421645,2549.9264067421645,1995945,2547.2211668755954,2566.445647003972,2571.534810817155,2553.8816269623912,2563.900910756937,1,0,0,0,0,0,TCS
2015-05-15,2545.267864463728,2546.314550247072,2544.171706929759,2547.3958841233634,2547.3958841233634,4339153,2547.2685544551778,2565.7124375555863,2571.285955902786,2553.8774693660316,2563.2027409814355,1,1,0,0,0,0,TCS
2015-05-18,2551.601516570936,2552.2293966397624,2550.222296184812,2552.177255445315,2552.177255445315,4814326,2547.831969897625,2564.9817180547034,2571.0909691634242,2554.1345075599943,2562.544604017097,1,1,0,1,0,0,TCS
2015-05-19,2551.8928327639787,2552.1080252792835,2550.327732785187,2552.238585471633,2552.238585471633,3271229,2548.2414088172854,2564.3367973659874,2570.900541045325,2553.9165772619276,2561.8966185121562,1,0,0,1,0,0,TCS
2015-05-20,2551.8635685214053,2553.5781821033806,2551.147051142305,2549.6128377338828,2549.6128377338828,4299176,2548.8540397729253,2563.6843316276527,2570.687664012211,2553.2416970898125,2561.3251078202225,1,1,0,0,0,0,TCS
2015-05-21,2555.0659950619006,2556.591143065394,2552.684132578971,2552.362126238563,2552.362126238563,1702218,2549.828692469535,2563.0794374472875,2570.506223044155,2552.0254892333287,2560.7386202883654,1,0,0,1,0,0,TCS
2015-05-22,2553.817766791967,2554.1096511821047,2551.308105249288,2552.870878050459,2552.870878050459,2744695,2550.7768176983054,2562.4933407068443,2570.333327505001,2552.1280500247194,2560.1765321763114,1,1,0,1,0,0,TCS
2015-05-25,2557.679228191741,2559.1290291967666,2556.681292270301,2554.564548149828,2554.564548149828,1045102,2551.462755076012,2561.9061784615833,2570.180232559805,2551.8183527745196,2559.670757275804,1,0,0,1,0,0,TCS
2015-05-26,2561.4361034768604,2562.326991755316,2559.2928361031973,2560.8851509148035,2560.8851509148035,4755514,2552.368393078834,2561.4067741187405,2570.090856774757,2552.3759289244917,2559.192699650286,1,1,0,1,0,0,TCS
2015-05-27,2563.553924937009,2565.898290999267,2560.664984422113,2564.184509578462,2564.184509578462,4433755,2553.3473867212842,2561.0531287431104,2570.034605849078,2553.6218182448474,2558.715768315767,0,0,0,1,0,0,TCS
2015-05-28,2570.590270518513,2570.6923553777488,2569.321211977096,2570.49773232239,2570.49773232239,2185712,2554.780288882631,2560.729991758042,2570.0389749667506,2555.67895080287,2558.281245752301,1,0,0,1,0,0,TCS
2015-05-29,2571.396581816669,2572.7389692483107,2570.631975710628,2571.2453436999217,2571.2453436999217,3464143,2555.9706830632786,2560.432714973609,2570.0502494408925,2558.0638967605255,2558.0078737244658,1,1,0,1,0,0,TCS
2015-06-01,2573.449491800492,2577.4561681141668,2572.395818322511,2573.5207052881046,2573.5207052881046,3391478,2557.1663746523996,2560.1955029686123,2570.0823832913297,2560.198241744805,2557.6607721864407,0,0,0,1,0,0,TCS
2015-06-02,2572.873495297925,2573.020900802606,2572.189028255404,2573.825709918745,2573.825709918745,4009672,2558.136765725722,2559.9090809322383,2570.1167257374527,2562.3569541895163,2557.33264516242,1,1,0,1,0,0,TCS
2015-06-03,2570.19969213627,2570.566129212185,2570.1685372367274,2571.173992074356,2571.173992074356,2036535,2558.877383356688,2559.5493263373255,2570.126337249607,2564.5130696235633,2556.9320427341327,1,0,0,0,0,0,TCS
2015-06-04,2569.7087561219646,2570.1933138093755,2568.353768190799,2571.159521920453,2571.159521920453,3031449,2559.209149212541,2559.150233804052,2570.135645219614,2566.3928091917523,2556.580192625431,1,1,0,0,0,0,TCS
2015-06-05,2570.709390804021,2571.415269923308,2569.796278480432,2571.201845828553,2571.201845828553,3525063,2560.176977997141,2558.8934038045645,2570.145164867908,2568.2259059695616,2556.3006980852883,1,1,0,1,0,0,TCS
2015-06-08,2574.859959520018,2577.231849586801,2573.5292939230158,2573.748133468225,2573.748133468225,2815673,2560.9813086379604,2558.5708389649176,2570.177049545787,2570.1442645014017,2556.0949977251257,1,0,0,1,0,0,TCS
2015-06-09,2570.9792294055287,2573.3724278009795,2565.866351047541,2571.34607718226,2571.34607718226,4474591,2561.783143026319,2558.2322244706916,2570.1873041741774,2571.1903571281473,2556.053476764935,1,1,0,0,0,0,TCS
2015-06-10,2567.1401909314086,2567.244923719926,2565.071126380797,2566.285736419619,2566.285736419619,1377108,2562.511149028555,2557.795556498488,2570.1533774980508,2571.400479812263,2555.943905270869,1,0,0,0,0,0,TCS
2015-06-11,2559.352066257304,2560.652420220796,2558.9978208021635,2559.613638520624,2559.613638520624,4591674,2562.995510617478,2557.321373479083,2570.06251767928,2570.312070432086,2555.7886283940884,1,1,0,0,0,0,TCS
2015-06-12,2559.826660235738,2561.6398549472506,2559.0192895907653,2559.4062195320867,2559.4062195320867,2650503,2563.5960273879145,2556.911902018993,2569.9714382079364,2569.1281580153027,2555.642407769892,1,0,0,0,0,0,TCS
2015-06-15,2562.3897379743453,2565.6763622250446,2560.1331553162777,2561.1157393714134,2561.1157393714134,4409529,2564.0429515842193,2556.5611530051306,2569.896389912711,2567.8876614236333,2555.5166685818663,1,1,0,1,0,0,TCS
2015-06-16,2562.795671640143,2562.953620146204,2561.117918334053,2561.808614167159,2561.808614167159,3558362,2564.5214530189955,2556.403008817263,2569.828425410648,2566.685951848475,2555.490018222314,1,0,0,1,0,0,TCS
2015-06-17,2563.2503055976667,2564.080348514543,2561.711695021055,2562.7612185330454,2562.7612185330454,4193644,2565.1788720589534,2556.2562290679934,2569.769532020001,2565.844674494344,2555.5565982527014,1,1,0,1,0,0,TCS
2015-06-18,2564.483111654214,2565.0089513517028,2564.405193987891,2563.2166514779665,2563.2166514779665,4528665,2565.721598320924,2556.155694657979,2569.7153759824637,2565.050387450095,2555.6880774047395,0,1,0,1,0,0,TCS
2015-06-19,2565.238913670513,2566.5222200422427,2565.187149153431,2564.090619115688,2564.090619115688,2254348,2566.282585374185,2556.0771678175897,2569.669271417982,2564.3392647788087,2555.7783308733356,1,0,0,1,0,0,TCS
2015-06-22,2573.174563109619,2574.4060259760686,2572.767345295503,2573.1506240193967,2573.1506240193967,1980615,2567.2118891676637,2556.109723386916,2569.6975750976685,2564.2795138339256,2555.945480947535,1,0,0,1,0,0,TCS
2015-06-23,2580.634427253106,2581.1236067987834,2578.827037167575,2580.176459743079,2580.176459743079,3115345,2568.176454609077,2556.314336744534,2569.7820822319054,2565.162552090008,2556.321776567017,1,1,0,1,0,0,TCS
2015-06-24,2584.2149258480454,2586.445716688731,2582.4183111333905,2584.1037219991176,2584.1037219991176,2108443,2569.17241523011,2556.6435368163484,2569.896655350043,2566.9443506479574,2556.7919976282246,1,0,0,1,0,0,TCS
2015-06-25,2590.628752646627,2591.279789746836,2590.4481452017844,2592.026714986277,2592.026714986277,2164200,2570.2488643633046,2557.126924315238,2570.0722907439817,2570.185658294523,2557.3884854112134,0,1,0,1,0,0,TCS
2015-06-26,2583.0240052138824,2585.584825843887,2582.5228559700504,2582.8287823511446,2582.8287823511446,2136371,2570.828036295866,2557.4457639824896,2570.1727355597864,2572.527914576429,2557.9281848178553,0,0,0,0,0,0,TCS
2015-06-29,2582.1697075422844,2584.4863219874046,2581.703547051912,2582.084692493744,2582.084692493744,3624634,2571.2562356561475,2557.714143032981,2570.2657977233325,2574.6248098886617,2558.3035653487855,1,1,0,0,0,0,TCS
2015-06-30,2583.6795468404675,2584.122082719977,2580.928041271084,2581.445817014372,2581.445817014372,4905264,2571.637241010929,2558.0827871421366,2570.3524645395423,2576.588530173383,2558.664122251421,1,1,0,0,0,0,TCS
2015-07-01,2581.673460061884,2583.178562019108,2581.0376192755166,2581.046970620911,2581.046970620911,4034318,2572.1308899382566,2558.485409994791,2570.4347299709375,2578.417105382169,2558.988012425809,1,0,0,0,0,0,TCS
2015-07-02,2576.863577299147,2577.121394890739,2575.663634603891,2577.855947606383,2577.855947606383,1846070,2572.465711222553,2558.8674826990946,2570.4913804872385,2579.8810349950118,2559.1840855412233,1,0,0,0,0,0,TCS
2015-07-03,2580.512708181213,2584.5225834495022,2579.0395350463227,2579.510289980723,2579.510289980723,3283781,2572.8811334301618,2559.331969738191,2570.5597055591584,2581.423002081515,2559.4595203385065,1,1,0,1,0,0,TCS
2015-07-06,2572.127211439621,2575.366754253106,2568.494960308816,2571.134430452412,2571.134430452412,3150200,2572.750448279371,2559.5470107104215,2570.5640267989575,2581.2213827248165,2559.486132418256,0,0,0,0,0,0,TCS
2015-07-07,2573.218603306022,2577.7230187763976,2569.85933858382,2574.010653273459,2574.010653273459,3517834,2572.883677083931,2559.7920932598804,2570.589747892051,2580.6048020778544,2559.6420760709366,1,1,0,1,0,0,TCS
2015-07-08,2570.422934099073,2570.643099299065,2569.529093868676,2569.4097408131533,2569.4097408131533,2968669,2573.0398773036077,2559.9502749257726,2570.581007098874,2579.135403959258,2559.716324864668,1,0,0,0,0,0,TCS
2015-07-09,2576.3516573557704,2578.1443467999875,2575.1431271640467,2576.5132097426663,2576.5132097426663,4190391,2573.88485586471,2560.1173092481777,2570.6246262359605,2577.5840534348968,2559.8259759004036,1,1,0,1,0,0,TCS
2015-07-10,2580.578363529403,2582.373848741034,2580.3281464872,2578.9895691161955,2578.9895691161955,1391969,2574.8640233439155,2560.3690203598235,2570.685684213189,2577.2001321114017,2559.9809549570246,1,0,0,1,0,0,TCS
2015-07-13,2573.992781406442,2578.4946752029164,2573.965625076746,2574.962389696824,2574.962389696824,3550756,2575.5563558601857,2560.4418186751436,2570.7166748326354,2576.4879018317097,2560.1302084490057,1,1,0,0,0,0,TCS
2015-07-14,2569.028988596809,2570.2672215131925,2568.955662033942,2569.907446941412,2569.907446941412,3260966,2575.9612974988986,2560.536725770381,2570.710853049245,2575.3340648244143,2560.3405502875717,0,0,0,0,0,0,TCS
2015-07-15,2576.8655366289736,2577.857819103371,2575.249586663859,2576.835590955337,2576.835590955337,1144605,2576.665016120013,2560.6991571412814,2570.754601177146,2574.9129268578567,2560.811309292195,1,0,0,1,0,0,TCS
2015-07-16,2577.218225912635,2577.943043924642,2576.956537554371,2575.658788201158,2575.658788201158,3128433,2577.2871229561724,2560.791274718015,2570.7893826454015,2574.6932109173345,2561.2026762641485,1,1,0,0,0,0,TCS
2015-07-17,2575.7409720903397,2575.8408733616225,2574.4364541043565,2574.9659514073933,2574.9659514073933,2699863,2577.8308895707582,2560.8862723622374,2570.8187951014716,2574.238777060001,2561.570823550086,1,0,0,0,0,0,TCS
2015-07-20,2578.303898457311,2579.4703564124743,2578.1273944121763,2578.293689781623,2578.293689781623,2153325,2578.088042858869,2561.067838762029,2570.871067092242,2574.954702992922,2561.931066773468,1,0,0,1,0,0,TCS
2015-07-21,2570.4554428802107,2572.569141456344,2566.7414066387064,2569.880076190369,2569.880076190369,3755091,2577.5732236812337,2561.264692101297,2570.8641852109786,2574.5416452846134,2562.217904471083,1,1,0,0,0,0,TCS
2015-07-22,2560.124437434886,2561.07693772499,2559.6668853795777,2562.2872408848684,2562.2872408848684,1751770,2576.4823996255213,2561.524174292251,2570.805033870799,2573.8293952917847,2562.35207640955,1,0,0,0,0,0,TCS
2015-07-23,2567.0538080431224,2569.1953103419,2562.5893680667327,2566.8225402383314,2566.8225402383314,1507608,2575.2221908881243,2561.7806277289214,2570.777756517152,2572.8603283413513,2562.4859940770666,1,0,0,1,0,0,TCS
2015-07-24,2581.032291477512,2581.7968699946377,2579.5211621589806,2579.248299555735,2579.248299555735,3758277,2575.0431667483535,2562.1792951613425,2570.835379258911,2572.886201385305,2562.7341060719987,1,1,0,1,0,0,TCS
2015-07-27,2593.8052183683203,2597.078711896973,2593.6121930037625,2593.757437301204,2593.757437301204,4471531,2575.6268039887264,2562.7103200272577,2570.990258029467,2574.7657061457435,2563.2670672030754,1,1,0,1,0,0,TCS
2015-07-28,2598.655558938176,2599.9947079254302,2597.513954625689,2597.861825061221,2597.861825061221,1412960,2576.447604391069,2563.3290022296574,2571.170604116928,2577.5611439577237,2563.863698685269,1,0,0,1,0,0,TCS
2015-07-29,2596.8918919287444,2598.107803500922,2596.389157098072,2596.639361336812,2596.639361336812,4917031,2577.227223926864,2563.8841899276194,2571.3403958317276,2579.5415209958715,2564.3972661023386,1,1,0,0,0,0,TCS
2015-07-30,2593.757130091566,2593.9272938190466,2591.3071509601486,2593.976800821813,2593.976800821813,1851384,2578.0332665876354,2564.3491659982096,2571.4903057985493,2581.3733222579367,2564.96156899528,1,0,0,0,0,0,TCS
2015-07-31,2597.949628193145,2599.353968308565,2596.8345377331198,2597.9983501391816,2597.9983501391816,3829321,2578.9576695955584,2564.8161466257516,2571.664700827106,2583.676562131116,2565.648905230046,1,1,0,1,0,0,TCS
2015-08-03,2597.810083248158,2600.206514102144,2591.5382052682767,2596.89154147158,2596.89154147158,3765450,2580.245525146517,2565.354973988266,2571.8295821385077,2585.5363473001116,2566.395339828382,0,0,0,0,0,0,TCS
2015-08-04,2598.5830997377075,2601.735051090388,2596.5945982561534,2598.262467072848,2598.262467072848,2772359,2581.4581158364863,2565.9193240279674,2572.0012242484713,2588.374586388359,2567.1181752949738,1,0,0,1,0,0,TCS
2015-08-05,2597.2488628373703,2601.022308220023,2593.945046987758,2596.645289887058,2596.645289887058,4761468,2582.8198932901814,2566.4196175883485,2572.160218220333,2591.8103912885786,2567.908642911854,1,1,0,0,0,0,TCS
2015-08-06,2591.8902784551938,2592.945804610856,2591.766067010612,2591.715720522202,2591.715720522202,4636639,2583.5800188291582,2566.9203880467358,2572.285574004319,2594.299709316965,2568.693264888065,0,0,0,0,0,0,TCS
2015-08-07,2605.3724848048223,2605.5177324472693,2602.6657945784527,2604.5322915790334,2604.5322915790334,3030076,2584.8571549523003,2567.6464400348273,2572.490967109891,2596.8281085192953,2569.6349171294514,1,0,0,1,0,0,TCS
2015-08-10,2604.528527164614,2606.620937557454,2602.016159209902,2605.117429488972,2605.117429488972,3057862,2586.3649069419075,2568.4490460709844,2572.6974637072267,2597.964107738072,2570.4918721813615,0,1,0,1,0,0,TCS
2015-08-11,2609.190231355687,2612.4870619694566,2609.1237815608147,2608.942392565109,2608.942392565109,1851403,2588.3166542230924,2569.2602033895682,2572.925419234635,2599.0721644884607,2571.374138870785,1,0,0,1,0,0,TCS
2015-08-12,2611.907681244076,2612.716520252668,2611.0483470413847,2613.0619816867606,2613.0619816867606,1350294,2590.1279737596637,2570.2064754278886,2573.1762727499604,2600.7144265234556,2572.2869034702157,1,0,0,1,0,0,TCS
2015-08-13,2612.641327624244,2614.332647490949,2609.106679007664,2612.084152860755,2612.084152860755,3038561,2591.9492419926437,2571.196663934819,2573.41793660158,2602.5251617273498,2573.2234963204196,1,1,0,0,0,0,TCS
2015-08-14,2611.335272181824,2611.8586495042164,2609.062229995273,2612.808216600018,2612.808216600018,2348794,2593.8413552522748,2572.182911973881,2573.661086478114,2604.006148373434,2574.0951064072606,1,0,0,1,0,0,TCS
2015-08-17,2601.922748278372,2604.2392949226296,2599.7490748426903,2603.759288812132,2603.759288812132,2080238,2595.1146352038004,2572.9693305765863,2573.8457380261752,2604.6929231074887,2574.8171386113463,1,0,0,0,0,0,TCS
2015-08-18,2595.3776062974457,2596.07335940468,2592.621951080307,2596.5589896132437,2596.5589896132437,3180203,2596.448580874944,2573.641663061022,2573.984233462682,2604.522575361528,2575.379019960159,1,1,0,0,0,0,TCS
2015-08-19,2594.4341569386675,2595.6141168450545,2593.9938187139232,2595.8020994245194,2595.8020994245194,1086709,2598.1243238019265,2574.2816313447106,2574.1164629533596,2604.4382563152744,2575.9048927597523,1,0,0,0,0,0,TCS
2015-08-20,2596.0535073920555,2596.745894692212,2592.9709883506507,2596.0503698266,2596.0503698266,4807575,2599.5857152813396,2574.9592648538496,2574.2485949224756,2604.871721245714,2576.325241626728,1,1,0,1,0,0,TCS
2015-08-21,2590.086577306841,2590.745816234687,2588.4789101018264,2590.387385369809,2590.387385369809,4865603,2600.1426695720434,2575.4961389198857,2574.3452343862323,2603.457230624792,2576.839136496505,0,1,0,0,0,0,TCS
2015-08-24,2583.746315877917,2584.353466127665,2582.994751184708,2583.469846178287,2583.469846178287,4845691,2599.6282900158976,2575.919426078293,2574.399547551661,2601.292472293723,2577.1832475035244,0,0,0,0,0,0,TCS
2015-08-25,2579.336202353347,2581.2948095993056,2578.5082386326408,2578.6518139388536,2578.6518139388536,2823748,2598.667789459779,2576.2223501468748,2574.4247088912302,2598.2634144310978,2577.4944798305078,1,0,0,0,0,0,TCS
2015-08-26,2575.641494648739,2576.864319742546,2574.183587264598,2574.315580269748,2574.315580269748,3775905,2597.551600406426,2576.446774407059,2574.4240669581623,2594.388774289396,2577.7956793491057,1,1,0,0,0,0,TCS
2015-08-27,2575.1707188106457,2575.479810465516,2573.861013761925,2576.344554088854,2576.344554088854,3377181,2596.6699880697784,2576.594528773127,2574.4352978770557,2590.814814412207,2578.1479213137286,1,0,0,1,0,0,TCS
2015-08-28,2575.4796890906982,2576.9805504637243,2573.623741412996,2575.298109746273,2575.298109746273,1515984,2595.534976050133,2576.8876892682483,2574.440314225132,2587.063803726832,2578.5199509887,1,0,0,0,0,0,TCS
2015-08-31,2570.479659866424,2572.2115017764786,2569.1654644987043,2570.298518050847,2570.298518050847,4766825,2594.205324879096,2577.045651735736,2574.416373206784,2583.7177266507038,2578.761567823441,1,1,0,0,0,0,TCS
2015-09-01,2576.2496159456578,2576.732871477597,2575.410687725737,2576.131093605813,2576.131093605813,3973559,2593.0987562057444,2577.30592303812,2574.426227921721,2581.6749370499606,2579.0801345985633,1,0,0,1,0,0,TCS
2015-09-02,2575.3930121693293,2576.153606487852,2574.373827303378,2574.916240163783,2574.916240163783,1182550,2592.012303719581,2577.5958058354813,2574.4290279916754,2579.5863511238867,2579.417513297629,1,0,0,0,0,0,TCS
2015-09-03,2579.885835815636,2582.637328606483,2577.121498368826,2578.4606343977675,2578.4606343977675,3110614,2591.349549413359,2577.9524836811765,2574.451934846256,2577.827377581004,2579.765493406418,1,1,0,1,0,0,TCS
2015-09-04,2582.386558990894,2583.115591190909,2581.2633347203664,2580.9691872729413,2580.9691872729413,4077969,2590.1713941980543,2578.3721499705457,2574.4887554814345,2576.885557771317,2580.140137529384,1,1,0,1,0,0,TCS
2015-09-07,2584.7989176056008,2585.33363325899,2580.7075071209374,2585.9244296083198,2585.9244296083198,2316273,2589.2117442040217,2578.7939896475837,2574.5530008416977,2577.13101611432,2580.558269282164,1,0,0,1,0,0,TCS
2015-09-08,2595.36223899444,2598.3212676709886,2592.942552840441,2595.4039213747187,2595.4039213747187,2603547,2588.5348206445024,2579.3335563463725,2574.669486431268,2578.8062268579065,2581.0185195549634,1,1,0,1,0,0,TCS
2015-09-09,2605.223566688368,2607.531415356172,2604.811749201388,2605.1056732213046,2605.1056732213046,3208948,2588.137005221229,2580.0272167899648,2574.8385763578794,2581.885236153062,2581.564135070201,1,1,0,1,0,0,TCS
2015-09-10,2602.487071724081,2604.320806254582,2601.952469367989,2604.367599272436,2604.367599272436,4750910,2587.7511775418134,2580.6772852028885,2575.001720130888,2584.6875406714207,2582.0157332962012,1,1,0,0,0,0,TCS
2015-09-11,2601.69945663346,2604.305428233565,2599.9580906131505,2602.518050039346,2602.518050039346,1243623,2587.23666921378,2581.2978748527494,2575.1529087567583,2587.4095347007274,2582.4327027140607,1,0,0,0,0,0,TCS
2015-09-14,2599.309801127192,2600.852876905637,2598.115101028962,2598.145690740808,2598.145690740808,3542130,2586.9559893102137,2581.8426391351363,2575.2785523741577,2590.194251969724,2582.76103585343,1,1,0,0,0,0,TCS
2015-09-15,2594.9143813051483,2596.156764986852,2594.483742081646,2596.301729841302,2596.301729841302,2987762,2586.9431263216165,2582.2853463717174,2575.3928087734357,2592.2113155932725,2583.060716119064,1,0,0,0,0,0,TCS
2015-09-16,2597.7614850805985,2600.511067788869,2595.323761421449,2596.268332552626,2596.268332552626,1256296,2586.9664379780215,2582.686394158895,2575.5056494425125,2594.346524832157,2583.395307325441,1,0,0,0,0,0,TCS
2015-09-17,2601.73321999054,2603.466716634775,2599.37490152196,2601.5739384509207,2601.5739384509207,3120301,2587.242616409238,2583.0748467355015,2575.6458015339554,2596.657855237472,2583.8008328791807,1,1,0,1,0,0,TCS
2015-09-18,2596.902502112314,2600.199719009792,2596.153897660863,2597.3858251418865,2597.3858251418865,3524292,2587.592538397842,2583.4016027535263,2575.762058344693,2598.2995190243664,2584.149952603358,1,1,0,0,0,0,TCS
2015-09-21,2604.1600944548486,2606.0625034986115,2602.362390396813,2604.397425070684,2604.397425070684,2816385,2588.6389173424614,2583.7875617508084,2575.9143741251505,2600.146818570603,2584.5586098247245,1,0,0,1,0,0,TCS
2015-09-22,2604.288849416105,2606.725968570662,2603.707526720824,2605.031941580777,2605.031941580777,1468074,2589.957923724558,2584.177639646584,2576.068435328619,2601.109620591209,2585.0077546833713,1,0,0,1,0,0,TCS
2015-09-23,2608.0210338711245,2609.7441278633064,2606.8784883473145,2609.2865007788014,2609.2865007788014,2664069,2591.7064697500105,2584.6540460053893,2576.2432672520413,2601.527703346959,2585.5810982081603,1,1,0,1,0,0,TCS
2015-09-24,2612.350010538112,2612.962683364281,2611.8808788406227,2614.1052239880514,2614.1052239880514,2869059,2593.5945032449704,2585.190867281234,2576.4414973920207,2602.50146581852,2586.3076526810596,0,1,0,1,0,0,TCS
2015-09-25,2621.8451530666657,2622.263419243616,2617.843651016895,2622.1995452972865,2622.1995452972865,1290798,2595.939575022521,2585.828338524593,2576.679820558194,2604.4696153443147,2587.1448970245956,1,0,0,1,0,0,TCS
2015-09-28,2625.414156556411,2627.4965982887857,2623.137714482895,2625.47183332253,2625.47183332253,1843661,2598.698240786105,2586.4748847727724,2576.9326289144856,2607.2022296024866,2588.002978277277,1,1,0,1,0,0,TCS
2015-09-29,2620.9025412703977,2620.9651725239605,2620.304755254832,2621.76452301413,2621.76452301413,3915717,2600.979912256521,2587.1051153456706,2577.1637211521124,2609.74850891977,2588.802390395236,1,1,0,0,0,0,TCS
2015-09-30,2625.2904003433678,2626.4562273916063,2623.1845436174017,2624.6880344105816,2624.6880344105816,3166899,2603.468501968861,2587.835144070558,2577.407435579079,2612.590479105565,2589.6280812736036,1,0,0,1,0,0,TCS
2015-10-01,2627.2151794719257,2629.5892224191757,2625.7713522462764,2625.8877894283587,2625.8877894283587,2719747,2605.839859720391,2588.6635709569046,2577.654784323208,2615.0218642033087,2590.4636964462757,1,0,0,1,0,0,TCS
2015-10-02,2628.337201982521,2631.2102970933056,2625.5199971575967,2628.3028142380285,2628.3028142380285,1247549,2608.206541068645,2589.5247783907284,2577.9118809217607,2618.1135631129227,2591.319859047907,1,0,0,1,0,0,TCS
2015-10-05,2626.3480287072603,2627.973690829829,2624.7321647576846,2627.4022169130376,2627.4022169130376,4418685,2610.2804304338806,2590.353359359999,2578.1618321136357,2620.414042297158,2592.0432136198224,1,1,0,0,0,0,TCS
2015-10-06,2627.9493963594364,2629.2399444393204,2627.4349573204167,2628.345897924392,2628.345897924392,3967016,2611.9275292613647,2591.185075406964,2578.4140133488654,2622.7454379315195,2592.685472795573,1,0,0,1,0,0,TCS
2015-10-07,2634.4496089645822,2637.0220839975923,2633.099516165413,2633.083389510322,2633.083389510322,2829924,2613.3264150758155,2592.0641025441805,2578.687360229673,2625.1251268046717,2593.338535029056,1,0,0,1,0,0,TCS
2015-10-08,2629.5118478895592,2629.8151785244995,2628.9495630463816,2630.3608463522933,2630.3608463522933,2877279,2614.626077429808,2592.9034049801094,2578.9444422501833,2626.750689041096,2593.849656780603,0,1,0,0,0,0,TCS
2015-10-09,2623.555729570951,2624.992049476959,2622.9090323190635,2624.915701412669,2624.915701412669,3245638,2615.745959998474,2593.6637185088216,2579.172022741087,2627.0223046526344,2594.410815701423,1,1,0,0,0,0,TCS
2015-10-12,2624.203220436536,2625.799340404526,2621.864237220549,2624.8315662974824,2624.8315662974824,4417083,2617.080253776308,2594.3097302872975,2579.3969466009708,2626.9582779501297,2594.980774018806,1,1,0,0,0,0,TCS
2015-10-13,2617.0592762006927,2618.860380531852,2615.540730578848,2618.21262160541,2618.21262160541,3439069,2618.1757983645134,2594.7851823105766,2579.5872195176594,2626.6030878092574,2595.47099808002,1,0,0,0,0,0,TCS
2015-10-14,2622.723513749273,2624.854400461475,2619.1293666605243,2623.4153776871826,2623.4153776871826,3420480,2619.5331506212415,2595.2765780066775,2579.8010154111685,2626.4758221369175,2596.035910174237,0,0,0,1,0,0,TCS
2015-10-15,2627.70581145709,2628.181431888117,2625.697760619072,2626.68421890858,2626.68421890858,1987888,2620.7886646441243,2595.7097968057064,2580.0286037776614,2626.55546508494,2596.6869537915995,1,0,0,1,0,0,TCS
2015-10-16,2636.3951917609256,2637.4982613277,2635.874618180775,2636.822713345604,2636.822713345604,2809808,2622.76050905431,2596.3847209431374,2580.3029714567338,2627.4074549956977,2597.4511194364645,1,1,0,1,0,0,TCS
2015-10-19,2641.022476584344,2642.3116709234364,2639.078370575663,2641.452285941202,2641.452285941202,4960075,2624.6132520978363,2597.12681586123,2580.596958545601,2628.812461898514,2598.3886908429818,1,1,0,1,0,0,TCS
2015-10-20,2633.147043611307,2633.876379918783,2631.925968062017,2632.918082584462,2632.918082584462,1564405,2626.00755914802,2597.7702191808567,2580.847298852007,2629.2696803645204,2599.1741232337954,1,0,0,0,0,0,TCS
2015-10-21,2632.687047280967,2633.670204581993,2630.8363654536984,2632.723235368966,2632.723235368966,4310329,2627.1793958775283,2598.4161724902074,2581.0943271211354,2629.233664950385,2600.018303161206,1,1,0,0,0,0,TCS
2015-10-22,2634.0776650247763,2635.1502089453484,2633.249229026946,2634.022902896922,2634.022902896922,2465803,2628.175279822972,2599.118259431339,2581.345173451826,2629.5998706048476,2600.7850990699294,1,0,0,1,0,0,TCS
2015-10-23,2629.0739377206,2631.547888997324,2628.13618577004,2629.091112506319,2629.091112506319,2009179,2628.519858183424,2599.7380197129087,2581.5703901454795,2630.017411714213,2601.4531196484645,1,0,0,0,0,0,TCS
2015-10-26,2633.473403464719,2633.823602677768,2631.7401622967272,2635.094918155048,2635.094918155048,3645272,2629.00101242505,2600.537525809192,2581.8216790093743,2631.0437468999694,2602.254886694574,1,1,0,1,0,0,TCS
2015-10-27,2632.116895039092,2634.394258464701,2631.202043240059,2632.129240052593,2632.129240052593,1967084,2629.519248276973,2601.2640081439313,2582.056761070324,2632.4354087446877,2603.084510602723,1,0,0,0,0,0,TCS
2015-10-28,2630.431028893704,2631.555793531617,2626.055751076223,2630.408382120259,2630.408382120259,2595594,2629.805265662457,2602.02649116027,2582.281652331021,2633.134709187995,2603.7988144849223,1,1,0,0,0,0,TCS
2015-10-29,2621.0238451520245,2624.2816289772027,2618.559505328896,2620.267956966104,2620.267956966104,2745244,2629.5242740393433,2602.5734255005627,2582.45751485248,2632.493082993748,2604.393603401788,0,1,0,0,0,0,TCS
2015-10-30,2619.234628750248,2623.8152437085846,2616.904251393013,2621.064466296669,2621.064466296669,1399385,2629.162356642276,2603.099361715319,2582.6354270711167,2630.917258288854,2605.0082502669784,1,0,0,1,0,0,TCS
2015-11-02,2623.27390162395,2623.636362028516,2620.367346317541,2624.046861267249,2624.046861267249,2338344,2628.9945888599864,2603.712917609949,2582.825387778438,2629.1767158214593,2605.618292553453,1,1,0,1,0,0,TCS
2015-11-03,2633.0989518675538,2633.801992956627,2631.10388793036,2633.770006758932,2633.770006758932,4534424,2629.2657943017134,2604.511199607668,2583.0580116093997,2629.261908238906,2606.4701582943676,1,1,0,1,0,0,TCS
2015-11-04,2625.256733878346,2626.309972669032,2624.7825897762077,2626.4808448272324,2626.4808448272324,3958382,2628.935667067559,2605.1317652810667,2583.2553881240265,2628.6376691847327,2607.326073013599,1,0,0,0,0,0,TCS
2015-11-05,2623.99921168678,2624.859988570445,2621.950378631173,2623.707162676951,2623.707162676951,1133630,2628.602982883792,2605.732369962014,2583.438427827886,2627.606095162736,2608.0845346461138,1,0,0,0,0,0,TCS
2015-11-06,2631.4157306601883,2631.643017331745,2630.1036776690576,2629.9345998165086,2629.9345998165086,4313359,2628.853927803984,2606.4194780671282,2583.6478700440503,2627.690443893755,2608.760351982924,1,1,0,1,0,0,TCS
2015-11-09,2633.894073349286,2635.986246408092,2632.3087441117027,2634.3862898264074,2634.3862898264074,4493598,2629.3316639804298,2607.120635567688,2583.87539659016,2627.6195810608906,2609.302070016594,0,1,0,1,0,0,TCS
2015-11-10,2631.421575437951,2635.173156464752,2625.968989538039,2631.023599703894,2631.023599703894,4374533,2629.9722128853546,2607.884929611607,2584.0858796397742,2627.5090170260205,2609.7442270118295,0,0,0,0,0,0,TCS
2015-11-11,2637.352962348657,2638.731113966928,2637.1338305140557,2638.0013129020917,2638.0013129020917,4999884,2630.7015096460996,2608.831355511822,2584.3255037876074,2628.268310104204,2610.2957196993666,1,1,0,1,0,0,TCS
2015-11-12,2643.269647755673,2644.299354163723,2642.994830652335,2644.014421788045,2644.014421788045,1506440,2631.568019790073,2609.7962540311937,2584.5896140442464,2630.642956586398,2610.962887978916,1,0,0,1,0,0,TCS
2015-11-13,2642.6120331417,2646.9197703589816,2641.4343951797387,2641.415888613351,2641.415888613351,3987048,2631.79767855346,2610.573348894414,2584.839950055564,2632.6780988180662,2611.541788491905,1,1,0,0,0,0,TCS
2015-11-16,2643.1895978559487,2644.747147499356,2641.8707546815062,2643.0548509859773,2643.0548509859773,1418566,2631.877806805699,2611.189566565474,2585.0952785684167,2634.578897789939,2612.1572992854303,1,0,0,1,0,0,TCS
2015-11-17,2644.7492586203475,2645.067803088117,2644.440576746584,2644.7880287376,2644.7880287376,2621143,2632.471304113356,2611.776144111428,2585.355945599723,2635.680699987806,2612.777640107627,1,1,0,1,0,0,TCS
2015-11-18,2648.58683200968,2648.7513423359164,2646.083104537451,2646.9774326756965,2646.9774326756965,4236706,2633.1840139786923,2612.4053700031645,2585.623865108749,2637.7303587726524,2613.448735344809,1,1,0,1,0,0,TCS
2015-11-19,2650.9118996933366,2652.035942543892,2647.1113282033944,2650.543866527737,2650.543866527737,2895160,2634.0100621602332,2613.1124583244887,2585.904904075931,2640.4140291577305,2614.2331106248826,1,0,0,1,0,0,TCS
2015-11-20,2645.781817983168,2646.532558449613,2645.047169908591,2644.87198700876,2644.87198700876,3809021,2634.7991058853554,2613.6983787853583,2586.1590725368483,2641.907767876956,2614.7709732306125,1,1,0,0,0,0,TCS
2015-11-23,2635.575339341523,2635.8638248857187,2633.237615664661,2637.252365691308,2637.252365691308,4563496,2634.9069782621686,2614.2028890881047,2586.378357056825,2642.1943754634462,2615.199439046644,1,1,0,0,0,0,TCS
2015-11-24,2632.0156438236518,2632.6395039351864,2630.133304731676,2633.4405514097884,2633.4405514097884,4076433,2634.972543830028,2614.6426151423166,2586.5794775455124,2642.4360706340353,2615.5260811645726,1,0,0,0,0,0,TCS
2015-11-25,2634.2169054864407,2634.251981901129,2633.1171081844905,2632.8032041917186,2632.8032041917186,3899626,2635.092284933601,2615.094589071125,2586.776174254645,2641.9162597629984,2615.789297464639,0,0,0,0,0,0,TCS
2015-11-26,2631.0374747806104,2634.28280410763,2628.0176496176773,2630.9411058284795,2630.9411058284795,4029178,2635.6259423767196,2615.584906387453,2586.9633137952123,2640.608928167042,2616.0407235042085,0,1,0,0,0,0,TCS
2015-11-27,2633.1637124117456,2634.6338485155898,2633.0442917788105,2632.554537404262,2632.554537404262,4197973,2636.2004459320992,2615.935184460269,2587.155681827318,2639.722793046133,2616.3040077815986,0,1,0,1,0,0,TCS
2015-11-30,2624.2357866485213,2628.811517215136,2621.649068716968,2626.490123295567,2626.490123295567,2091021,2636.322609033515,2616.202343132851,2587.3209525897896,2638.066320277092,2616.6070855747107,1,0,0,0,0,0,TCS
2015-12-01,2622.066105534367,2622.9156819065784,2621.870785740881,2622.1554416780573,2622.1554416780573,3986543,2635.741880779472,2616.367506246763,2587.4667035901584,2635.8030615711373,2616.948371602242,1,1,0,0,0,0,TCS
2015-12-02,2630.4390351453067,2630.762820674768,2629.1947529142526,2630.298382170605,2630.298382170605,1616369,2635.9327576466403,2616.5829612528114,2587.645168917577,2634.1351565206282,2617.408322038856,1,0,0,1,0,0,TCS
2015-12-03,2630.434600702013,2631.745321023097,2629.3526805287074,2630.547601191769,2630.547601191769,4247630,2636.2747795723812,2616.8137543569487,2587.8231873087566,2632.1355299870315,2617.8682851237254,1,1,0,1,0,0,TCS
2015-12-04,2626.8998947959817,2627.810896457891,2626.4802768433124,2627.552362694668,2627.552362694668,3079135,2636.155667716289,2616.9980561831317,2587.9873574549792,2630.4035675556224,2618.363818154723,1,0,0,0,0,0,TCS
2015-12-07,2629.288600873808,2630.056888563907,2628.2202720989058,2629.643926398586,2629.643926398586,3228141,2635.9185495448983,2617.321614152962,2588.1587836646236,2629.64272362635,2618.9794725576603,0,1,0,1,0,0,TCS
2015-12-08,2625.6182832917143,2627.4870864205955,2623.530860506607,2625.8354133191424,2625.8354133191424,3896575,2635.6591402256604,2617.687569449286,2588.3131960812407,2628.8822098172855,2619.6085872160643,1,1,0,0,0,0,TCS
2015-12-09,2619.8921390219125,2621.150041820911,2615.7270493411825,2619.5541674893834,2619.5541674893834,4347914,2634.736782955025,2617.984470300097,2588.4407102502537,2627.557306147052,2620.211768378993,1,1,0,0,0,0,TCS
2015-12-10,2615.9968899535465,2617.04420242102,2610.610572138774,2614.282267066505,2614.282267066505,2169015,2633.2501752189482,2618.212369015596,2588.5457572291816,2625.8914222708545,2620.717604552028,1,0,0,0,0,0,TCS
2015-12-11,2609.3810274979887,2610.708899363542,2609.2662472765724,2608.3244698916437,2608.3244698916437,1537278,2631.595604282863,2618.436582572119,2588.6258329889483,2623.468415519593,2621.1579560206333,1,0,0,0,0,0,TCS
2015-12-14,2618.1397428357527,2622.8805958616813,2617.432475975971,2616.384004941026,2616.384004941026,4382289,2630.2620619806153,2618.848009556653,2588.737761101658,2622.4578036841385,2621.7724291791687,1,1,0,1,0,0,TCS
2015-12-15,2609.577320980517,2609.847027221132,2608.519244644357,2611.5006787405546,2611.5006787405546,2814475,2628.597694480763,2619.258620366674,2588.8291784415733,2621.3923273903883,2622.244023647632,1,0,0,0,0,0,TCS
2015-12-16,2617.9022217577226,2618.7442626055254,2616.871426563156,2616.8384873152645,2616.8384873152645,1373578,2627.0907472127415,2619.7901567047434,2588.9412156770686,2620.046337904854,2622.802986942985,1,0,0,1,0,0,TCS
2015-12-17,2611.270191665408,2615.1686768526138,2611.057992547156,2611.3843345266305,2611.3843345266305,1059528,2625.132770612686,2620.228153960215,2589.0306304932024,2618.1300112383406,2623.2419696113698,1,0,0,0,0,0,TCS
2015-12-18,2609.589032089405,2612.977615057933,2608.666943995531,2610.8755128416915,2610.8755128416915,2300033,2623.4329469043323,2620.6728714989085,2589.1173165342675,2616.4623262530426,2623.6407206189538,1,1,0,0,0,0,TCS
2015-12-21,2617.368006535938,2618.319275471561,2616.45917501407,2617.5793563239968,2617.5793563239968,2963879,2622.449296435967,2621.2638819773224,2589.2298147152546,2615.2558692455837,2624.0627863084956,1,1,0,1,0,0,TCS
2015-12-22,2622.129338285142,2624.020579553954,2618.3055246534427,2622.1360492322747,2622.1360492322747,1709953,2621.884071327091,2621.838943922653,2589.3593668196527,2614.885932836897,2624.4192146799296,1,0,0,1,0,0,TCS
2015-12-23,2622.4436056590607,2622.5173717407174,2621.9900771225293,2622.514452952551,2622.514452952551,3899203,2621.3696337651327,2622.433921582513,2589.489386765272,2615.181961383214,2624.651331743013,1,1,0,1,0,0,TCS
2015-12-24,2626.1793480314245,2628.9118926618107,2625.548681650544,2626.995447380683,2626.995447380683,1705848,2621.172350842743,2623.0406067447993,2589.6358948145503,2616.4532794146317,2624.9530363844565,1,0,0,1,0,0,TCS
2015-12-25,2636.880541451851,2637.4940260390013,2634.885209216994,2635.677261480978,2635.677261480978,3524124,2621.3284870465786,2623.7244576723997,2589.8150441011903,2619.188558573565,2625.395159203678,1,1,0,1,0,0,TCS
2015-12-28,2643.2352806601525,2643.742442377757,2643.112407141143,2643.695878830691,2643.695878830691,4582002,2622.1887748233353,2624.446600787679,2590.023884545878,2621.9197459625316,2626.0024950448765,1,1,0,1,0,0,TCS
2015-12-29,2649.886084363992,2652.8071406713148,2648.8444166569834,2651.7420307136595,2651.7420307136595,1201041,2623.6681042751147,2625.150827154416,2590.2621785465262,2625.943881159842,2626.741699056508,1,0,0,1,0,0,TCS
2015-12-30,2658.7556972237044,2660.370781284787,2656.9753770103957,2657.9858372538456,2657.9858372538456,4432750,2625.0524770292773,2625.811829204823,2590.522654156939,2630.0586161537003,2627.564599119191,1,1,0,1,0,0,TCS
2015-12-31,2652.933394194007,2655.7087404962267,2651.7037455088744,2653.2268960340125,2653.2268960340125,1685032,2626.186441771389,2626.4225704143428,2590.6967597127828,2634.242872304438,2628.253305220299,1,0,0,0,0,0,TCS
2016-01-01,2655.4311733400627,2656.130763678162,2652.9837193141834,2655.070039283015,2655.070039283015,2092156,2627.5623256008066,2627.0794702798885,2590.8941090005883,2638.662324948571,2629.022428075514,1,1,0,1,0,0,TCS
2016-01-04,2662.3948568647365,2665.376451059515,2662.204626099573,2662.899305442113,2662.899305442113,4504755,2629.2250945529827,2627.888890463655,2591.1307609443593,2643.194319860382,2629.802453147133,1,1,0,1,0,0,TCS
2016-01-05,2663.02127913518,2663.668638283872,2661.5178778441173,2663.58532500637,2663.58532500637,1727818,2631.1125901373443,2628.7299354032184,2591.3540820325384,2647.3392474377915,2630.583164926141,1,0,0,1,0,0,TCS
2016-01-06,2670.642240462032,2672.0178939402986,2669.723198299688,2669.165144295433,2669.165144295433,2654146,2633.593138977647,2629.6411455500033,2591.625216623325,2652.00431657208,2631.381546839696,1,1,0,1,0,0,TCS
2016-01-07,2671.9568657653463,2672.48807368466,2670.741385619167,2672.743752896321,2672.743752896321,1265792,2636.5162132691376,2630.530768230571,2591.936259395175,2656.5791471236435,2632.163393891806,1,0,0,1,0,0,TCS
2016-01-08,2667.844385255436,2669.15900030615,2667.7230639712675,2667.779962327399,2667.779962327399,1034136,2639.4889878909257,2631.41069494539,2592.236982183634,2659.789417208286,2632.771132785541,1,0,0,0,0,0,TCS
2016-01-11,2671.602476037221,2674.5791154981425,2670.5471811676475,2672.770155911613,2672.770155911613,2401464,2642.308295439455,2632.2653540809015,2592.5241066469425,2662.6968449163783,2633.401777086729,1,1,0,1,0,0,TCS
2016-01-12,2674.977561397072,2675.046734696408,2673.293106523902,2674.634296918956,2674.634296918956,2982204,2645.464976348375,2633.1353835226287,2592.8295869930175,2664.9860715369077,2634.10670740546,1,1,0,1,0,0,TCS
2016-01-13,2671.936234758916,2672.108117725664,2671.291066531912,2671.876892460393,2671.876892460393,1758681,2648.2168966056315,2633.9177634186485,2593.1328924498384,2666.3751770575627,2634.7358921794576,1,0,0,0,0,0,TCS
2016-01-14,2664.675279993093,2665.127734099399,2663.96032364449,2665.195003040567,2665.195003040567,4904035,2650.907430031328,2634.556385656805,2593.4301376175627,2667.571987758218,2635.2599883609537,1,1,0,0,0,0,TCS
2016-01-15,2658.476023099071,2659.672649838249,2657.606527795002,2659.3166654488955,2659.3166654488955,4117404,2653.3294876616883,2635.0203496587,2593.6939237087977,2667.996650374806,2635.6735063770984,1,0,0,0,0,0,TCS
2016-01-18,2661.734474834961,2663.2979661920253,2661.1126155305883,2661.6679582048705,2661.6679582048705,2805664,2655.5339177557316,2635.4728012197293,2593.9517208391603,2667.873515651082,2636.1303829276562,1,0,0,1,0,0,TCS
2016-01-19,2669.2465042364333,2674.154818776805,2666.8178063971477,2669.946737060538,2669.946737060538,1002572,2657.9244521471455,2636.075078895309,2594.2553369138996,2668.5096568564986,2636.6850607828046,1,0,0,1,0,0,TCS
2016-01-20,2664.8301524308013,2668.271143470366,2662.380387698369,2665.3533738266465,2665.3533738266465,2298655,2660.06639819085,2636.58339563801,2594.5037337273566,2668.12847980962,2637.1153272403553,1,1,0,0,0,0,TCS
2016-01-21,2657.1216492001126,2657.375625471452,2656.9066206918296,2657.315147642202,2657.315147642202,1996855,2661.582383203926,2636.976237615683,2594.718256378748,2666.585619284208,2637.474717924221,1,0,0,0,0,0,TCS
2016-01-22,2664.095232323772,2665.0347259962355,2664.05360543459,2664.407557531104,2664.407557531104,1632710,2663.0188980064327,2637.4275469068466,2594.942698369274,2666.2483788045784,2638.0012760058003,1,0,0,1,0,0,TCS
2016-01-25,2662.167782548081,2666.3061314807,2659.052917361658,2661.619808728726,2661.619808728726,2716800,2663.915094501334,2637.8552668045427,2595.1387944970156,2665.13334408629,2638.4917859048833,1,1,0,0,0,0,TCS
2016-01-26,2671.703105436502,2672.7740164190477,2671.105395373984,2670.4208363919483,2670.4208363919483,2884920,2664.8490347852485,2638.381203535387,2595.3949044809497,2664.711998033589,2639.1878954353706,0,1,0,1,0,0,TCS
2016-01-27,2664.2812532701296,2668.4001610292435,2662.851417774365,2664.4576645474654,2664.4576645474654,4852267,2665.1726261499293,2638.773381973351,2595.6358566645918,2663.9700752422964,2639.7351259268407,1,1,0,0,0,0,TCS
2016-01-28,2663.618604424137,2664.372406709846,2662.2530092210727,2663.816566428722,2663.816566428722,3201501,2665.7021096696653,2639.1915784743064,2595.878406302134,2663.832231581112,2640.2302238937764,1,0,0,0,0,0,TCS
2016-01-29,2654.7469738148043,2657.605109820553,2653.2348836202887,2654.050470916418,2654.050470916418,3572330,2665.651131251335,2639.555763093104,2596.0872211237893,2663.305612127864,2640.459927328054,1,1,0,0,0,0,TCS
2016-02-01,2659.562409157065,2660.640244282641,2657.397006071079,2658.63790415515,2658.63790415515,3785419,2665.438061186987,2639.978342316325,2596.3068379560373,2663.002606722892,2640.6890689042402,0,1,0,1,0,0,TCS
2016-02-02,2661.6009377216465,2662.793284216574,2661.5134283728044,2662.1540579923185,2662.1540579923185,3072949,2665.366497836284,2640.527610271161,2596.5426708777686,2662.2233388160703,2641.078881909678,1,0,0,1,0,0,TCS
2016-02-03,2659.3980802002,2659.436927869386,2658.153357214433,2659.218485274696,2659.218485274696,4735840,2664.8691648852478,2640.975149116005,2596.7993722071756,2661.609849960875,2641.432151908421,1,1,0,0,0,0,TCS
2016-02-04,2647.712045630563,2649.746124521469,2643.1593932954884,2646.287213304518,2646.287213304518,2315877,2663.5463379056573,2641.220186545954,2596.991443446316,2660.5070565271067,2641.595676047189,1,0,0,0,0,0,TCS
2016-02-05,2648.8454854394863,2649.263949404055,2648.468449268072,2649.187765077705,2649.187765077705,4887626,2662.6167280431723,2641.3747496926053,2597.1997522102515,2658.9850772817667,2641.8636314148075,1,1,0,1,0,0,TCS
2016-02-08,2640.1355069494844,2641.9627668141866,2638.9679213551944,2641.146446642565,2641.146446642565,1717956,2661.03554257972,2641.3709267013724,2597.3868629062313,2656.937741073151,2641.9443184613074,1,0,0,0,0,0,TCS
2016-02-09,2637.964060191242,2639.184383616338,2636.474230719268,2637.0083983380646,2637.0083983380646,1053229,2659.1542476506756,2641.4220556482924,2597.5417433889597,2653.596497267762,2642.009373905114,1,0,0,0,0,0,TCS
2016-02-10,2638.3435555771803,2640.634711852007,2635.9093598150853,2639.793928493599,2639.793928493599,4769882,2657.550099452336,2641.51043931235,2597.69497249983,2651.130123662376,2642.1345145234254,1,1,0,1,0,0,TCS
2016-02-11,2633.9545582224946,2634.2402778774303,2633.022867324265,2633.705945437048,2633.705945437048,1475011,2655.97564657216,2641.5064773441018,2597.812737964656,2648.1190615632086,2642.313687703038,1,0,0,0,0,0,TCS
2016-02-12,2638.135653681818,2638.891876720676,2635.1948080058205,2637.568889049827,2637.568889049827,3009813,2654.8882577522063,2641.6124495508957,2597.9889712079726,2646.470903376549,2642.53374667308,1,1,0,1,0,0,TCS
2016-02-15,2634.6207538280246,2634.8296353404403,2634.1923023787613,2633.708474851617,2633.708474851617,3011147,2653.490283584544,2641.595119009603,2598.120337185709,2643.977960446196,2642.662568187538,0,1,0,0,0,0,TCS
2016-02-16,2628.350890158815,2630.623850238273,2627.333270027704,2628.8232488123485,2628.8232488123485,1669618,2651.4341091721344,2641.5537941190996,2598.2372141552937,2640.6448795281985,2642.596611414917,1,0,0,0,0,0,TCS
2016-02-17,2630.063596056684,2630.5765235829635,2626.721650960899,2630.627537202284,2630.627537202284,4151624,2649.697817340916,2641.5565335576252,2598.3503232437797,2637.7857847209575,2642.6519006465846,1,1,0,1,0,0,TCS
2016-02-18,2629.283605255712,2629.294340729982,2627.5683940589884,2630.39465738321,2630.39465738321,4540496,2648.3517928279666,2641.683117312839,2598.4766554642038,2636.1965291288266,2642.7410672426677,0,1,0,0,0,0,TCS
2016-02-19,2625.733331369693,2627.252805157001,2625.191992433311,2625.238315096284,2625.238315096284,3663133,2646.3933307062257,2641.735290422834,2598.603864613269,2633.801584130685,2642.6784501130646,1,0,0,0,0,0,TCS
2016-02-22,2629.415370401243,2633.017388382643,2629.327386364698,2628.724600006562,2628.724600006562,2317984,2644.7485702701174,2641.7937621570754,2598.755975919139,2632.5593994670844,2642.6029609154666,1,0,0,1,0,0,TCS
2016-02-23,2625.7817674809285,2626.0433201261003,2623.68792335989,2626.371009014817,2626.371009014817,1644015,2642.546078901261,2641.701274685274,2598.9556330722858,2631.4956605347593,2642.5409263729457,1,0,0,0,0,0,TCS
2016-02-24,2628.134512879885,2631.084571315423,2625.0185040630345,2628.600976767565,2628.600976767565,3365807,2640.753244512266,2641.7277763345282,2599.163699911874,2630.3763653621563,2642.415588557819,1,1,0,1,0,0,TCS
2016-02-25,2624.940174904666,2628.861520061663,2622.716338684454,2623.305130834652,2623.305130834652,1589564,2638.7276727325625,2641.7227509364993,2599.363875783242,2629.3362839019164,2642.13946467844,1,0,0,0,0,0,TCS
2016-02-26,2617.884301521653,2618.5016739773146,2617.851612585081,2618.3107602892783,2618.3107602892783,3297361,2636.9406872012055,2641.5774529424093,2599.5482526830206,2627.4104710258616,2641.8313963007863,1,1,0,0,0,0,TCS
2016-02-29,2619.923500317792,2620.7884253310585,2616.652537144716,2619.7872976009303,2619.7872976009303,1653002,2634.9981568734943,2641.3949655395904,2599.737641602742,2626.0183533007935,2641.5211622556517,1,0,0,1,0,0,TCS
2016-03-01,2619.456392295229,2620.765855285189,2614.669479900615,2619.5250125382627,2619.5250125382627,2497230,2632.8667046007918,2641.25123320002,2599.951940146606,2625.0885296733845,2641.184322039661,1,1,0,0,0,0,TCS
2016-03-02,2620.571746912733,2622.3786170909057,2620.1999938372915,2620.770203897096,2620.770203897096,4241060,2630.9442905319115,2641.035844337458,2600.1942574067716,2624.102796342866,2640.8348923226126,1,1,0,1,0,0,TCS
2016-03-03,2617.654395274093,2619.368938825687,2617.0725092234047,2617.8436552717376,2617.8436552717376,3131185,2629.5221126302727,2640.7087097560043,2600.4422879459894,2622.8476961317183,2640.398889505866,1,0,0,0,0,0,TCS
2016-03-04,2623.469106060973,2627.0526973828755,2623.180994412473,2623.1506073931323,2623.1506073931323,4353920,2628.2202547460442,2640.4803937407514,2600.69547640146,2622.6389253614034,2640.109271110991,1,1,0,1,0,0,TCS
2016-03-07,2625.673943041526,2627.756361457441,2622.8484358489136,2624.011056901518,2624.011056901518,3315680,2627.3634852589917,2640.2423463146956,2600.9393098185637,2622.167571050899,2639.9327203271273,1,0,0,1,0,0,TCS
2016-03-08,2624.157225530451,2626.2044412916,2623.8284450589263,2625.252510053924,2625.252510053924,3425081,2626.775690844785,2639.99815233115,2601.221226056148,2622.0557211548094,2639.8235464423824,0,1,0,1,0,0,TCS
2016-03-09,2629.644167930588,2630.3419048606524,2625.916226848442,2630.0301086744903,2630.0301086744903,4838093,2626.287499853829,2639.7863107811345,2601.5335066956322,2622.198634345502,2639.786571835486,1,1,0,1,0,0,TCS
2016-03-10,2628.6715050890207,2628.869702503208,2627.667608592404,2628.616784260526,2628.616784260526,3209714,2626.0330417950036,2639.5122222527943,2601.8463015148573,2622.7297996880893,2639.7555808812467,1,0,0,0,0,0,TCS
2016-03-11,2625.971394437997,2628.942038909248,2623.111179058834,2624.199459292857,2624.199459292857,2688763,2625.3645703071547,2639.2538156563455,2602.1611020242417,2623.3186695884474,2639.6441798397614,1,0,0,0,0,0,TCS
2016-03-14,2628.7721840677623,2629.197447822658,2627.111889262794,2626.897837451569,2626.897837451569,2041216,2625.0240384371523,2639.124384053349,2602.4417431195398,2624.0297235735115,2639.649616028508,1,0,0,1,0,0,TCS
2016-03-15,2627.881925873451,2629.8138418842896,2627.8227559984125,2628.551496847474,2628.551496847474,1842302,2625.0104508389086,2639.0632708713197,2602.7269256100426,2624.9323720044326,2639.7348967640996,0,0,0,1,0,0,TCS
2016-03-16,2624.716710426529,2625.3901551138374,2624.013655114144,2624.956499365313,2624.956499365313,2130125,2624.72689894706,2638.9651870609896,2602.989238270902,2625.351001551254,2639.663671660029,1,1,0,0,0,0,TCS
2016-03-17,2625.1913209750805,2625.5710280586736,2623.387167282182,2625.8907849799707,2625.8907849799707,3371755,2624.501705326898,2638.9020580503834,2603.2305471979394,2626.1557145220772,2639.6015807772055,1,1,0,1,0,0,TCS
2016-03-18,2635.410911367024,2637.93180313338,2633.762040504007,2635.182123413872,2635.182123413872,1601024,2624.998895742777,2638.934902875503,2603.5241219795907,2627.358866124151,2639.703310920128,1,0,0,1,0,0,TCS
2016-03-21,2636.2060143733747,2636.6237383152425,2635.762054877792,2638.130301294584,2638.130301294584,3407253,2625.4691808071784,2639.0804051004916,2603.7894749673733,2628.7707905634584,2639.8164625854083,1,1,0,1,0,0,TCS
2016-03-22,2642.742170546888,2645.370852828442,2641.4264557805845,2643.336109034151,2643.336109034151,2234355,2626.317435808145,2639.3451634424423,2604.101095081649,2630.579150461481,2640.0498051949417,1,0,0,1,0,0,TCS
2016-03-23,2649.489961046488,2650.682795621516,2648.0739600457227,2651.5150343955256,2651.5150343955256,2870694,2627.463138689543,2639.6103715952536,2604.438302593619,2632.727643033584,2640.475950087023,1,1,0,1,0,0,TCS
2016-03-24,2652.542355407897,2654.435349640876,2647.9898558046443,2651.6965638682186,2651.6965638682186,1240213,2628.8827103412214,2639.8747336287097,2604.7590994467178,2635.035620994354,2640.9748073777128,1,0,0,1,0,0,TCS
2016-03-25,2650.2293392849683,2650.692237487164,2650.061268652221,2648.3209577895423,2648.3209577895423,2682383,2630.383220216235,2640.1343410673953,2605.070464131026,2637.447770844022,2641.5080938830183,1,1,0,0,0,0,TCS
2016-03-28,2649.571185881086,2650.630633138232,2649.018960248353,2649.8555249289525,2649.8555249289525,1304476,2631.886631582636,2640.3869860490254,2605.401568543067,2639.74353959176,2641.954380816191,1,0,0,1,0,0,TCS
2016-03-29,2644.569406953483,2645.0361402301896,2643.885292374427,2645.0003532079554,2645.0003532079554,3403669,2633.1603986161203,2640.6265477976353,2605.7510629436783,2641.3884252278085,2642.401043142423,1,1,0,0,0,0,TCS
2016-03-30,2642.0323755137747,2642.232671702243,2640.790167382413,2640.480654190442,2640.480654190442,1707381,2634.1459211307874,2640.888128881398,2606.131647515147,2642.940840710321,2642.7162720340916,1,0,0,0,0,0,TCS
2016-03-31,2628.9600442330047,2631.9203921831763,2627.6685577911926,2628.876010916045,2628.876010916045,1721189,2634.697538913003,2641.0705506795175,2606.449223459806,2643.2393633039287,2642.949494385951,0,1,0,0,0,0,TCS
2016-04-01,2629.5623106320263,2632.443772745534,2628.686335524103,2630.083079981649,2630.083079981649,3511082,2635.044162542429,2641.342533305643,2606.7674087483433,2642.729458960707,2643.20559528115,1,1,0,1,0,0,TCS
2016-04-04,2638.8193668951453,2638.884923821267,2637.5343661893157,2637.947452522944,2637.947452522944,4104979,2635.7409823235002,2641.6120764004168,2607.1007626117853,2642.711174083542,2643.4771698971363,1,1,0,1,0,0,TCS
2016-04-05,2633.003334972243,2634.404988726589,2631.485197587802,2633.544093864696,2633.544093864696,3522015,2636.1555615140387,2641.887619089469,2607.428365861768,2641.731972566597,2643.629277158902,1,0,0,0,0,0,TCS
2016-04-06,2633.4991831319485,2633.934695464521,2629.40552483934,2632.58827904114,2632.58827904114,3559046,2636.2834700323715,2642.0844914860418,2607.7374579138495,2639.839297031159,2643.763594840083,0,1,0,0,0,0,TCS
2016-04-07,2628.584767711773,2631.083056899935,2627.212091085663,2628.852207523441,2628.852207523441,2297789,2636.295241195517,2642.302839898502,2608.014663653653,2637.5548613966807,2643.788351641986,1,0,0,0,0,0,TCS
2016-04-08,2629.6770962179853,2630.559878824354,2627.49690713369,2628.790812698262,2628.790812698262,2513898,2636.5248088657872,2642.5267811467093,2608.2767825488927,2635.6018468875527,2643.6965323248837,0,1,0,0,0,0,TCS
2016-04-11,2623.565268795184,2626.030203778373,2619.687140306639,2623.6885516775915,2623.6885516775915,2338848,2636.3643445770886,2642.6031460886293,2608.545641007382,2632.9851495624166,2643.4297679628426,0,0,0,0,0,0,TCS
2016-04-12,2626.498187299775,2628.269434990135,2625.2040607576296,2627.5943199719018,2627.5943199719018,4864440,2636.3164857333095,2642.6713744728745,2608.832101992287,2631.244546238811,2643.1077984862854,1,1,0,1,0,0,TCS
2016-04-13,2624.052281655343,2625.108402856504,2623.892921205705,2622.1745857825736,2622.1745857825736,3048396,2636.177390054173,2642.6671261332494,2609.084228072002,2629.4139393980245,2642.630315133335,1,0,0,0,0,0,TCS
2016-04-14,2623.061231101026,2624.644319971997,2622.2050621647404,2624.019551086882,2624.019551086882,1492244,2636.0838283595185,2642.629927429577,2609.3625567921395,2628.928293415108,2642.240883867373,1,0,0,1,0,0,TCS
2016-04-15,2630.946315242017,2631.708942540798,2628.3988183096585,2632.7983559129134,2632.7983559129134,1896770,2635.9646399844705,2642.593941109976,2609.694673035913,2629.1998210082343,2641.943928089105,1,1,0,1,0,0,TCS
2016-04-18,2640.026488527525,2640.9672772815866,2639.2443446243383,2641.081103399933,2641.081103399933,1987118,2636.1121800897376,2642.5612564170924,2610.0799505620803,2629.5131860959336,2641.653018728543,0,1,0,1,0,0,TCS
2016-04-19,2639.2785595639875,2639.467955905214,2638.053644857641,2640.0968504370458,2640.0968504370458,1500233,2635.9502171598824,2642.4156916636343,2610.4493622673062,2630.1684617531682,2641.3398390676184,1,0,0,0,0,0,TCS
2016-04-20,2636.199177246875,2637.2081992346875,2635.2696915039287,2637.685708000067,2637.685708000067,1984191,2635.2587508401098,2642.161940047962,2610.835229534148,2630.678204649061,2640.920113250347,1,1,0,0,0,0,TCS
2016-04-21,2642.769344059789,2644.9139017895154,2642.702451599245,2640.9216513842657,2640.9216513842657,4263842,2634.7200052159124,2642.00812448984,2611.250816376755,2631.8851490351435,2640.4958185635196,1,1,0,1,0,0,TCS
2016-04-22,2643.117197018611,2646.7886433326994,2642.900710612588,2644.064402071034,2644.064402071034,3762822,2634.5071774299868,2641.8705540246906,2611.674493409817,2633.412507972421,2640.1796110934347,1,0,0,1,0,0,TCS
2016-04-25,2646.72498470638,2648.165932951875,2643.9355593993278,2647.4499563797863,2647.4499563797863,3550314,2634.3868990025285,2641.677437161411,2612.084509393602,2635.7886484426404,2639.84200843301,0,0,0,1,0,0,TCS
2016-04-26,2646.415746679823,2648.5079265407453,2644.783604979992,2644.0167925472865,2644.0167925472865,1606238,2634.337720969495,2641.4328305056724,2612.473910938559,2637.4308957001786,2639.433775041388,1,0,0,0,0,0,TCS
2016-04-27,2651.908880592772,2653.2538796264053,2651.30564423332,2651.6147706881634,2651.6147706881634,4043094,2634.894426794381,2641.213450835582,2612.885488376862,2640.3749141907374,2639.1636134177584,1,1,0,1,0,0,TCS
2016-04-28,2645.8182814152824,2646.8063732594524,2643.6767485099504,2646.713732954968,2646.713732954968,1719312,2635.786312896327,2640.8880755863147,2613.288850084014,2642.6443323775466,2638.9171964832835,1,0,0,0,0,0,TCS
2016-04-29,2643.515630323857,2645.58740176653,2643.457869107013,2643.600027930448,2643.600027930448,1411387,2636.462160293767,2640.585826406353,2613.658706114181,2643.7244995793,2638.707641316371,1,0,0,0,0,0,TCS
2016-05-02,2648.446474493158,2648.818292823958,2646.381717393388,2649.3295889309834,2649.3295889309834,1738184,2637.0312671141687,2640.2928193190955,2614.042255019663,2644.5493481324047,2638.5431297260525,1,1,0,1,0,0,TCS
2016-05-03,2656.7662485629057,2658.1427577628647,2652.5851244062264,2657.5184026583333,2657.5184026583333,1450178,2638.229982553851,2640.0788706408375,2614.4387954589174,2646.2915033545332,2638.37741860069,1,0,0,1,0,0,TCS
2016-05-04,2660.0299707387144,2664.3444488533974,2659.5139502508355,2659.900936597001,2659.900936597001,3427752,2639.5956154316436,2639.929171192545,2614.837023524847,2648.513026214227,2638.3047194376277,1,1,0,1,0,0,TCS
2016-05-05,2670.86730247027,2671.4318700615395,2668.024392772181,2670.6813112557074,2670.6813112557074,3748237,2641.687070618257,2639.9977500452346,2615.245320088126,2651.488992201371,2638.482934952475,0,1,0,1,0,0,TCS
2016-05-06,2670.9593358794177,2673.007500648208,2669.9387753329493,2670.329895667013,2670.329895667013,4277654,2643.764024766695,2640.1354154229607,2615.7010301863197,2654.115541560969,2638.5618994609536,1,1,0,0,0,0,TCS
2016-05-09,2674.845110260914,2679.066441696122,2674.501804330903,2672.217398459877,2672.217398459877,4729569,2646.190467105809,2640.2672834261484,2616.1416297163505,2656.592285768978,2638.703200657369,1,1,0,1,0,0,TCS
2016-05-10,2681.0565570368512,2684.622140916707,2678.781542553918,2679.308429898839,2679.308429898839,3341583,2648.7761726021563,2640.3843045866274,2616.6185491028264,2660.1214495041336,2638.8217019041276,1,0,0,1,0,0,TCS
2016-05-11,2686.987213588114,2687.3460895960693,2686.5970615594583,2687.75227374357,2687.75227374357,2797780,2652.055057000206,2640.664290835589,2617.1417285542448,2663.7351998096738,2639.132296693409,1,0,0,1,0,0,TCS
2016-05-12,2688.4311298173343,2688.8188843454977,2684.919838031211,2690.838382641297,2690.838382641297,3627440,2655.3959985779265,2641.0833312730774,2617.683697692318,2668.1476647783065,2639.4925875762433,1,1,0,1,0,0,TCS
2016-05-13,2690.0886317385334,2692.391030354774,2688.285784732585,2690.986050640536,2690.986050640536,3597912,2658.3053833143076,2641.4155624369455,2618.235967563538,2672.886267049316,2639.985061972565,0,0,0,1,0,0,TCS
2016-05-16,2685.1175514110137,2686.797366139828,2684.6576711435027,2684.3774753737725,2684.3774753737725,1321784,2660.470201913,2641.7000332700086,2618.7444299478784,2676.3910556935944,2640.3282562554796,1,0,0,0,0,0,TCS
2016-05-17,2682.4437514634515,2683.592406159131,2677.808699430665,2682.352384314084,2682.352384314084,3610329,2662.5829786068516,2641.8491776190353,2619.2448676357335,2678.8744538591695,2640.5975672731033,1,1,0,0,0,0,TCS
2016-05-18,2684.1344459269058,2684.4113557778683,2682.233514837646,2685.02621932338,2685.02621932338,3037230,2664.950004173017,2642.106284553734,2619.765688334155,2681.3869821318076,2640.9416703937522,1,0,0,1,0,0,TCS
2016-05-19,2680.414933165393,2682.002643658999,2679.20098109346,2680.17922665936,2680.17922665936,1158413,2666.912882936772,2642.3108178066173,2620.2572925665427,2682.336773672173,2641.39356390515,1,0,0,0,0,0,TCS
2016-05-20,2682.584318898457,2683.8578567568857,2681.727856489605,2681.4501517874555,2681.4501517874555,4503937,2668.7821704225926,2642.6533138175046,2620.751828234762,2683.4487992842173,2641.8237290612797,1,1,0,1,0,0,TCS
2016-05-23,2677.3023811011035,2680.9249652780336,2677.298057905942,2677.325802222483,2677.325802222483,3106693,2670.2759627147275,2642.8869125433466,2621.223986904272,2683.959639660478,2642.3061204690125,1,0,0,0,0,0,TCS
2016-05-24,2682.191074746285,2682.978458378566,2681.992255267775,2682.8021454573527,2682.8021454573527,2275130,2672.215230360231,2643.1450136366593,2621.6928984217434,2684.309011216329,2642.916703763936,1,0,0,1,0,0,TCS
2016-05-25,2685.335619290893,2688.320829388777,2684.393434271089,2686.272784372127,2686.272784372127,4686229,2673.9481310444294,2643.4831923753773,2622.1624687094118,2684.1610622791845,2643.536421842316,1,1,0,1,0,0,TCS
2016-05-26,2684.1362063874867,2684.956381868915,2683.9157330404746,2683.871086394696,2683.871086394696,2721789,2675.805998716416,2643.9529907890046,2622.5985200712284,2683.4643326545247,2644.2052903884182,1,0,0,0,0,0,TCS
2016-05-27,2676.556264461829,2677.1913097667243,2674.840740837323,2677.9014871181107,2677.9014871181107,3553358,2677.521071675799,2644.3119123145098,2623.008736007452,2682.1558763022817,2644.7430583626624,1,1,0,0,0,0,TCS
2016-05-30,2678.7607491602407,2678.905322867534,2676.4171715556017,2679.9310256780896,2679.9310256780896,1637495,2679.0511435131543,2644.796719552454,2623.41800647049,2681.711231332714,2645.359359040349,1,0,0,1,0,0,TCS
2016-05-31,2680.3036328843727,2681.406468681426,2678.590734900781,2680.781712718194,2680.781712718194,2635214,2680.214309016147,2645.3438859822054,2623.8293757120264,2681.5541641731243,2646.0521385590932,1,1,0,1,0,0,TCS
2016-06-01,2679.353811527452,2681.468449788224,2677.952718401272,2678.7992762010617,2678.7992762010617,3116647,2681.1592259963504,2645.8314528285487,2624.2433191125137,2680.931469860893,2646.69442841241,1,1,0,0,0,0,TCS
2016-06-02,2682.384143358828,2685.8672970773027,2680.719310189209,2681.691441695194,2681.691441695194,2836278,2681.709732518325,2646.4312715317756,2624.6684418808786,2681.0826913644764,2647.37838553657,0,0,0,1,0,0,TCS
2016-06-03,2689.7201459254998,2689.861919216416,2689.3330709586626,2690.2216431826773,2690.2216431826773,3441214,2682.704319894108,2647.089430958436,2625.1262103322406,2681.9598405039987,2648.244829911055,1,1,0,1,0,0,TCS
2016-06-06,2687.5739765388985,2688.89877874196,2685.6925245485954,2686.1331122657984,2686.1331122657984,3421294,2683.4001055844037,2647.7447389261133,2625.5584602506924,2682.84057150833,2649.0102767411786,0,0,0,0,0,0,TCS
2016-06-07,2687.8577347425407,2689.3393738198406,2687.287015161389,2688.718329919148,2688.718329919148,3460721,2683.870600585419,2648.4934274399484,2626.0098919919883,2683.4321899545093,2649.8415743532364,0,1,0,1,0,0,TCS
2016-06-08,2687.0485062545886,2687.795353077117,2686.204014291945,2687.9753973535994,2687.9753973535994,3559428,2683.8817567659207,2649.21027569184,2626.4779291494265,2683.602451252657,2650.6332332943834,0,1,0,0,0,0,TCS
2016-06-09,2687.1388690247218,2688.4277775372566,2686.500636690091,2686.6302403516684,2686.6302403516684,2723789,2683.6713496514394,2649.9132204789453,2626.9664545410847,2683.878366648354,2651.4775680879434,1,0,0,0,0,0,TCS
2016-06-10,2683.4524882232827,2683.899161662735,2680.2726713834554,2685.0957552509603,2685.0957552509603,1070476,2683.3768348819603,2650.661438480879,2627.449875832311,2684.597793461639,2652.3680346874326,1,0,0,0,0,0,TCS
2016-06-13,2691.3772949117024,2693.931999976948,2688.576544242142,2690.0154899806485,2690.0154899806485,4728834,2683.6587356123046,2651.427574605555,2627.945644103885,2685.606239891895,2653.304410585829,1,1,0,1,0,0,TCS
2016-06-14,2691.100883716488,2693.378246513761,2689.681209082996,2692.46746733539,2692.46746733539,1776602,2684.1644897633696,2652.2537803345626,2628.448178154532,2686.774815353615,2654.276976649791,1,0,0,1,0,0,TCS
2016-06-15,2695.7219746839523,2697.5230650957647,2695.005188264657,2694.1052341910445,2694.1052341910445,3160952,2684.6184405067534,2653.072583552356,2628.9533474455243,2688.3054111526126,2655.25477705371,1,1,0,1,0,0,TCS
2016-06-16,2697.437906031061,2698.439866829844,2693.755567406732,2696.174198797149,2696.174198797149,3924172,2685.4181891136423,2653.983446901887,2629.4647226275215,2689.7536868628085,2656.2991843007153,1,1,0,1,0,0,TCS
2016-06-17,2696.9081554071645,2698.456341111872,2694.741856385102,2697.2327959734816,2697.2327959734816,3570103,2686.2073213229437,2654.9699723479393,2629.976807923128,2690.4548021418886,2657.28694681512,0,0,0,1,0,0,TCS
2016-06-20,2688.0912509469595,2688.675603219268,2687.4391732387585,2688.706544113226,2688.706544113226,3844940,2686.776358417481,2655.831462929343,2630.421253769643,2690.712145326632,2658.1495533112757,0,1,0,0,0,0,TCS
2016-06-21,2684.7692649267715,2685.9445617985502,2684.4792161381656,2684.446677109007,2684.446677109007,4784659,2686.8585850000636,2656.6429837364776,2630.8222930672036,2690.2849800456174,2658.9388088720107,1,1,0,0,0,0,TCS
2016-06-22,2688.5237973697226,2688.878059456448,2686.501351603143,2688.4216416880754,2688.4216416880754,1606004,2686.9660278658607,2657.488626708865,2631.2235158352382,2690.329604479065,2659.717362645525,1,0,0,1,0,0,TCS
2016-06-23,2687.169945635858,2690.4320875050457,2686.348353221956,2687.5244523162573,2687.5244523162573,3011964,2687.148696161939,2658.359636671921,2631.5908148249696,2690.4190256755237,2660.5027982196016,1,1,0,0,0,0,TCS
2016-06-24,2695.6586527455565,2695.869521451305,2694.8062861694534,2694.248973476833,2694.248973476833,4406692,2687.9660704798753,2659.2483662479676,2632.0193540216064,2691.334347498111,2661.4367917420545,1,1,0,1,0,0,TCS
2016-06-27,2695.167288693399,2697.942831326472,2692.923504253078,2695.7315964517443,2695.7315964517443,1211667,2688.756099018558,2660.1448729923454,2632.4564574983683,2691.905958145221,2662.3545751953907,1,0,0,1,0,0,TCS
2016-06-28,2684.2919651328016,2685.450927362377,2682.205531154628,2685.2081265922707,2685.2081265922707,4468244,2688.9774197122615,2660.8943181990744,2632.8555433044367,2691.180024070909,2663.109996925321,1,1,0,0,0,0,TCS
2016-06-29,2689.738567568848,2690.3067048931825,2687.814935951721,2688.5483855083125,2688.5483855083125,1551530,2689.4648751776244,2661.6257966594976,2633.2690102847732,2690.624339202636,2663.9578887405605,1,0,0,1,0,0,TCS
2016-06-30,2687.2801983233758,2691.229003128972,2684.2291069720272,2687.5184023424745,2687.5184023424745,4432189,2689.7562232099885,2662.362066885522,2633.690788956835,2689.758759557168,2664.7795903053943,1,1,0,0,0,0,TCS
2016-07-01,2697.584696548045,2697.972596955603,2695.9972660425624,2695.963225945537,2695.963225945537,1065645,2690.0433023481314,2663.25911396868,2634.138684864392,2689.631802554374,2665.5900050058167,1,0,0,1,0,0,TCS
2016-07-04,2703.786215749692,2704.8023800270657,2701.618555179918,2704.3515024043727,2704.3515024043727,1497234,2690.95422185506,2664.2272847805907,2634.651058218053,2691.1962983834883,2666.472954353947,1,1,0,1,0,0,TCS
2016-07-05,2694.4705821513694,2695.5877246264704,2693.68598943786,2695.8502349561186,2695.8502349561186,1739364,2691.3108171069084,2665.0685190069485,2635.119671993756,2692.3366541682,2667.1731426995734,1,1,0,0,0,0,TCS
2016-07-06,2688.903591204893,2692.449069966383,2688.5508139925028,2690.5290037502878,2690.5290037502878,1094309,2691.438497426743,2665.8881753117607,2635.585515312745,2692.547390374421,2667.693328957637,1,0,0,0,0,0,TCS
2016-07-07,2690.989024196454,2691.04154746024,2689.4043904595865,2690.9651339150696,2690.9651339150696,1630563,2691.6552421049128,2666.7016046734493,2636.0257150211005,2692.891458534302,2668.2169098915947,1,1,0,1,0,0,TCS
2016-07-08,2686.1852547668987,2688.4325620446,2685.3818423280736,2686.9246015583385,2686.9246015583385,4865687,2691.746684420282,2667.3483856502553,2636.440849761262,2692.1590213424524,2668.731625141845,1,1,0,0,0,0,TCS
2016-07-11,2686.91438673317,2688.588424212852,2686.084612168908,2686.698004717942,2686.698004717942,3993794,2691.5808101571465,2667.9554819430473,2636.870602126728,2691.2556621690724,2669.2228582056982,1,0,0,0,0,0,TCS
2016-07-12,2686.2222417287767,2686.619991422527,2684.2388855649347,2685.6167325104284,2685.6167325104284,3178409,2691.2382734158987,2668.483989736501,2637.315637840455,2691.2965227608884,2669.7644099297313,1,0,0,0,0,0,TCS
2016-07-13,2678.705042382416,2680.911357088113,2677.8486913236525,2678.6129061326624,2678.6129061326624,2364654,2690.463657012979,2668.822713133215,2637.7070890526757,2690.302974823323,2670.2728399556277,1,0,0,0,0,0,TCS
2016-07-14,2678.844193595561,2678.969807099991,2675.997893420353,2679.545776003228,2679.545776003228,1323516,2689.632235873283,2669.170828284902,2638.1066543903758,2689.5057121893988,2670.9484368234566,1,0,0,1,0,0,TCS
2016-07-15,2675.837127983091,2676.8608996636945,2675.428976803059,2677.75469645108,2677.75469645108,3631466,2688.658330897163,2669.5387500181714,2638.5019957174673,2687.6848592399524,2671.5840583763825,1,1,0,0,0,0,TCS
2016-07-18,2677.6857808111163,2678.526690908834,2675.1663317987804,2678.049699712726,2678.049699712726,2672642,2688.1254886771385,2669.8911772029687,2638.8856726787403,2685.054678970788,2672.1187550055797,1,0,0,1,0,0,TCS
2016-07-19,2686.3066151400144,2687.1243296929674,2685.2060132464176,2684.619676322449,2684.619676322449,2444779,2688.1341386378103,2670.3864187419,2639.3269788330945,2683.9316231074213,2672.799762771683,0,0,0,1,0,0,TCS
2016-07-20,2683.327741993324,2683.9860001326406,2681.231734492705,2684.941374488336,2684.941374488336,1795576,2687.960125277824,2670.9421777456237,2639.7987255008006,2683.372860181226,2673.497804044312,1,0,0,1,0,0,TCS
2016-07-21,2683.533722622049,2684.0082378636694,2681.131232240057,2684.6600314287152,2684.6600314287152,2582894,2687.816904233446,2671.639478002032,2640.251946620763,2682.7423499325905,2674.2419083630493,1,1,0,0,0,0,TCS
2016-07-22,2683.6255517980203,2685.139215032164,2683.599587749444,2684.235317294969,2684.235317294969,1410039,2687.316221424353,2672.3163809684484,2640.655742842837,2682.4734215062535,2674.9811684243386,1,0,0,0,0,0,TCS
2016-07-25,2685.911142496887,2687.750947657365,2685.7772534139062,2688.855359978841,2688.855359978841,3807702,2686.9724096007076,2672.9527298116473,2641.021504083905,2682.6891570323432,2675.8500592016885,1,1,0,1,0,0,TCS
2016-07-26,2683.889502327057,2685.471907380206,2681.7082944612225,2683.284512865348,2683.284512865348,2036974,2686.876228914362,2673.574485049155,2641.350052883152,2682.455935067835,2676.5925951069344,1,0,0,0,0,0,TCS
2016-07-27,2689.696374152999,2689.734732595288,2688.8636874090403,2690.310544649837,2690.310544649837,4696156,2686.964336871438,2674.296013369264,2641.7103266651247,2683.6256989195526,2677.501074558498,1,1,0,1,0,0,TCS
2016-07-28,2686.437993966217,2686.7067545992736,2683.98022010888,2688.087901208847,2688.087901208847,1473656,2686.992811814757,2675.036459540332,2642.0722924358442,2684.479911440115,2678.3553192267914,1,0,0,0,0,0,TCS
2016-07-29,2693.235270393245,2693.7551218138465,2690.8935204533905,2692.514734053538,2692.514734053538,4857360,2686.8203872201566,2675.8330085572725,2642.435816989361,2685.955915200361,2679.1515376019993,1,1,0,1,0,0,TCS
2016-08-01,2690.531363072132,2694.7127558408683,2689.614436925879,2689.372549407018,2689.372549407018,2628098,2686.071439570289,2676.6540585288903,2642.791513173728,2687.08820016979,2679.7954235487605,1,0,0,0,0,0,TCS
2016-08-02,2689.3141095372944,2689.5556653565595,2686.998681764624,2689.407171541181,2689.407171541181,4496669,2685.749286399542,2677.426719173506,2643.1420697293756,2687.566949691663,2680.452894496815,1,1,0,1,0,0,TCS
2016-08-03,2698.331329859686,2700.595546152757,2696.9402979860915,2697.883590873198,2697.883590873198,2069781,2686.1170157556876,2678.3730817371393,2643.5314478100913,2688.8611713301493,2681.255532935124,1,0,0,1,0,0,TCS
2016-08-04,2697.1051946466378,2697.600476481682,2695.7834213427823,2697.551948519113,2697.551948519113,4783130,2686.4463564858897,2679.2922367050423,2643.938510225464,2690.150363039189,2682.0106035635886,1,1,0,0,0,0,TCS
2016-08-05,2696.4742718192347,2699.706221137424,2694.1253336890504,2696.921308706856,2696.921308706856,4677432,2686.946191843316,2680.0937736149667,2644.2938525990326,2691.418962180378,2682.715362318733,0,0,0,0,0,0,TCS
2016-08-08,2692.663655875112,2696.050784564313,2691.915608415853,2693.9936771137627,2693.9936771137627,3204105,2687.310975463107,2680.7551807863892,2644.6356843206663,2691.93279389387,2683.335945261853,1,0,0,0,0,0,TCS
2016-08-09,2693.2926169828447,2693.766137190031,2690.0156098529555,2694.935660108411,2694.935660108411,3313624,2687.7769218430058,2681.440665907281,2644.9664276573712,2693.0979086181765,2684.0148634960015,0,1,0,1,0,0,TCS
2016-08-10,2689.376344788656,2691.0471034371703,2688.426583828797,2687.48235831739,2687.48235831739,1596950,2688.2203944522425,2682.063124036248,2645.252659875182,2692.8150899849315,2684.4930979977244,1,0,0,0,0,0,TCS
2016-08-11,2686.960809603097,2687.225946125495,2686.9134481454403,2687.2281792814697,2687.2281792814697,4790962,2688.6045146161546,2682.641955634963,2645.541675361415,2692.729117792194,2685.033290615411,1,1,0,0,0,0,TCS
2016-08-12,2680.04343390424,2682.47530900048,2678.3675408646614,2678.7310232004147,2678.7310232004147,3920438,2688.653330953621,2683.07528839908,2645.7952246175705,2691.3507467068816,2685.5017038856768,1,0,0,0,0,0,TCS
2016-08-15,2678.7112316120047,2678.838737370688,2675.8566971967457,2678.4574294145737,2678.4574294145737,2683227,2688.6737174387135,2683.4628818120154,2646.0825251583487,2690.259234707637,2685.890075092125,1,0,0,0,0,0,TCS
2016-08-16,2677.628047058067,2678.4954077351817,2675.778980958672,2677.772287104019,2677.772287104019,4714745,2688.331347977792,2683.8848254939744,2646.394883994852,2689.095746263921,2686.160126884734,1,1,0,0,0,0,TCS
2016-08-17,2676.333843851111,2679.1763452659334,2675.5609990710823,2676.0068475736143,2676.0068475736143,3359074,2687.8846216320558,2684.1897264550425,2646.7033637954255,2686.9080719339627,2686.3748723644226,1,0,0,0,0,0,TCS
2016-08-18,2678.79511986787,2679.23776354055,2678.5254238630146,2678.8289198492294,2678.8289198492294,4610489,2687.5930660530817,2684.591166291221,2647.021742833974,2685.0357690669744,2686.4835071456687,1,1,0,1,0,0,TCS
2016-08-19,2677.263311725179,2679.925198818355,2676.252744836877,2676.7224518714083,2676.7224518714083,4184481,2687.2174227819037,2685.0051965904827,2647.3538007820575,2683.0158833834294,2686.568741228394,0,0,0,0,0,0,TCS
2016-08-22,2671.390924905783,2672.9961693133773,2668.410567757004,2670.3922629177287,2670.3922629177287,1938908,2686.294267928848,2685.268480015317,2647.688117769517,2680.6557419638257,2686.544406087832,1,0,0,0,0,0,TCS
2016-08-23,2670.417717005488,2674.0018139620342,2669.542805021259,2669.3220424254587,2669.3220424254587,4186680,2685.5961444068535,2685.416025512406,2648.036849417542,2678.0943801955304,2686.4112542548537,1,1,0,0,0,0,TCS
2016-08-24,2672.917601328956,2673.564849895896,2672.517534810575,2672.547139142388,2672.547139142388,3675556,2684.707974131481,2685.574103044223,2648.4146631055137,2676.6008582780305,2686.208519126838,1,0,0,1,0,0,TCS
2016-08-25,2679.0591708995325,2682.306337908521,2676.361813934481,2678.9362246749324,2678.9362246749324,2606105,2684.2503903047855,2685.6772894619635,2648.809246453922,2675.7716628173766,2686.049823687287,1,0,0,1,0,0,TCS
2016-08-26,2687.5052663937217,2688.234878954204,2686.867894125792,2686.7725859522598,2686.7725859522598,2444099,2683.9632828997214,2685.882823090529,2649.2379944393297,2676.5758190925612,2685.9936441581094,0,0,0,1,0,0,TCS
2016-08-29,2688.4742962658543,2690.283280378481,2686.8725887367304,2690.7797325740294,2690.7797325740294,3340188,2684.033642058072,2686.1148522669564,2649.7013837259574,2677.808049408507,2686.0790075874465,1,1,0,1,0,0,TCS
2016-08-30,2681.5454105166887,2683.410194337988,2681.273072863232,2683.1839551344738,2683.1839551344738,2268175,2683.7224812377362,2686.163296332402,2650.1131255010673,2678.349216211552,2686.090095198385,1,0,0,0,0,0,TCS
2016-08-31,2680.0144015566857,2680.185011788984,2678.239545243539,2682.485225355033,2682.485225355033,2948363,2682.9525629618283,2686.097458227545,2650.5268523671875,2678.997053989694,2686.056215278807,1,1,0,0,0,0,TCS
2016-09-01,2683.2005266488623,2683.39339547094,2681.319607940772,2683.803216329032,2683.803216329032,3235723,2682.2651263523244,2686.009518648642,2650.9320161438463,2679.4944836376744,2686.1045351410694,0,1,0,1,0,0,TCS
2016-09-02,2683.137802677113,2683.735191475236,2682.8923595181614,2684.786016802493,2684.786016802493,2486398,2681.658361757106,2685.932018225666,2651.3313116420363,2680.300840130783,2686.14901334127,1,0,0,1,0,0,TCS
2016-09-05,2672.8167398462274,2675.2104365256487,2671.1327545169497,2672.396277671908,2672.396277671908,2921653,2680.5784917850133,2685.782253254393,2651.6638956730503,2680.501241606201,2686.083286347262,1,1,0,0,0,0,TCS
2016-09-06,2657.3629263998378,2660.1774552437123,2654.3593952108145,2657.181585701441,2657.181585701441,3233208,2678.690788064665,2685.467618271735,2651.9015020743072,2679.287195933799,2685.74167888385,1,1,0,0,0,0,TCS
2016-09-07,2662.9275921547683,2662.933437511065,2660.859547201925,2663.480559129976,2663.480559129976,2421365,2677.490698105294,2685.1982975193173,2652.1260208662634,2678.3805379325577,2685.437782547288,1,0,0,1,0,0,TCS
2016-09-08,2668.549976352654,2669.381581355066,2666.4890186231264,2668.745860585077,2668.745860585077,4435532,2676.5665821704742,2685.0553804433885,2652.3736295636195,2677.3615015235723,2685.2361128698267,1,1,0,1,0,0,TCS
2016-09-09,2670.972544187649,2671.3590289574936,2670.680203472949,2671.3437278466854,2671.3437278466854,2097810,2676.197217402788,2684.929050144129,2652.638343709033,2675.818615713015,2685.1486760795406,1,0,0,1,0,0,TCS
2016-09-12,2669.198555974187,2669.396606110977,2667.6495043075656,2670.1632277414487,2670.1632277414487,3718944,2675.7825073191316,2684.839517963116,2652.915334235958,2673.7569652297566,2685.0184387737186,1,1,0,0,0,0,TCS
2016-09-13,2669.8194381564967,2671.136495924963,2668.988420842208,2669.3076151547966,2669.3076151547966,4887426,2675.3592737216704,2684.670836334334,2653.196126102548,2672.369331231789,2684.865450806207,1,1,0,0,0,0,TCS
2016-09-14,2661.993003439873,2664.94912329503,2660.4700695537945,2662.8656657468982,2662.8656657468982,4746331,2674.7022146303348,2684.378247351519,2653.452269691757,2670.4073752709755,2684.653002666818,0,0,0,0,0,0,TCS
2016-09-15,2661.3854523062423,2664.2176686321395,2661.317147904509,2662.091374295669,2662.091374295669,3537464,2673.8653373526568,2684.1060009502808,2653.6850290603907,2668.2361910676395,2684.391668434824,1,0,0,0,0,0,TCS
2016-09-16,2672.1574856561097,2673.276281566494,2670.6302515091056,2671.841683384976,2671.841683384976,2794171,2673.621298928335,2684.030253403617,2653.971397745941,2666.9417577258873,2684.1466023041885,1,0,0,1,0,0,TCS
2016-09-19,2669.4777819888263,2670.184035799944,2667.884275520552,2669.3850487665795,2669.3850487665795,4089630,2673.570938220778,2683.8984286922228,2654.221350144772,2666.640634835355,2683.9232947908654,1,1,0,0,0,0,TCS
2016-09-20,2670.236412128265,2670.6082525406887,2669.837693157787,2670.475705353285,2670.475705353285,2238984,2673.628621367169,2683.769603600161,2654.473056928512,2667.9700468005394,2683.6800597966535,1,0,0,1,0,0,TCS
2016-09-21,2669.697699159926,2672.9328326056143,2666.100291252203,2671.9474100654747,2671.9474100654747,1202134,2673.598634913323,2683.6839552734664,2654.714060425769,2668.816731894089,2683.4663532994787,1,0,0,1,0,0,TCS
2016-09-22,2671.0038337501364,2671.7517261385005,2670.7664226803754,2670.427932530672,2670.427932530672,1925858,2673.17322030611,2683.54316140891,2654.9306862278554,2668.9849390886484,2683.2503225285323,1,1,0,0,0,0,TCS
2016-09-23,2664.398855422552,2666.7976272064457,2663.624085854712,2663.3566038700437,2663.3566038700437,2190115,2672.0024212019994,2683.2073484175025,2655.0889826069815,2668.1862266909843,2682.9604671767866,1,1,0,0,0,0,TCS
2016-09-26,2670.869016861001,2671.0018648628006,2670.4614825462554,2669.8691529108714,2669.8691529108714,1281775,2670.956892218842,2683.0040489255653,2655.259741528475,2668.1568192079267,2682.69184934919,1,0,0,1,0,0,TCS
2016-09-27,2678.9373565324204,2679.8096522439823,2676.4139163813243,2677.033887859801,2677.033887859801,4399244,2670.649388855108,2682.8579933998235,2655.472316008651,2668.929446478427,2682.486068289515,1,1,0,1,0,0,TCS
2016-09-28,2678.621266130677,2685.816316576984,2674.411046027451,2678.798846919716,2678.798846919716,1327702,2670.4650699333424,2682.7432865194,2655.6804345183014,2670.522764595709,2682.2819831258976,1,0,0,1,0,0,TCS
2016-09-29,2675.960355458021,2676.277850285655,2675.0746833198573,2675.394499314298,2675.394499314298,2892459,2670.0446340826056,2682.6028397564332,2655.8708449409396,2671.8530770975717,2682.0049204661264,1,1,0,0,0,0,TCS
2016-09-30,2668.945029664529,2670.9865465735925,2666.626244751917,2669.966993592089,2669.966993592089,1581700,2669.303682922085,2682.413730235697,2656.031091784609,2671.665608118283,2681.6413764343743,1,0,0,0,0,0,TCS
2016-10-03,2671.684442575381,2672.4729184467783,2669.818829246087,2670.9270842594383,2670.9270842594383,2392960,2669.230223251462,2682.175125164182,2656.198495120557,2671.819811667569,2681.404316969657,1,1,0,1,0,0,TCS
2016-10-04,2667.6323882987954,2667.840265053564,2666.816917578881,2666.8092235074755,2666.8092235074755,4773693,2669.7116051417634,2681.854397116333,2656.346430988184,2671.453163482988,2681.1691509216366,1,1,0,0,0,0,TCS
2016-10-05,2675.118893362103,2677.6139497457434,2672.412455834271,2675.0857209862106,2675.0857209862106,2811069,2670.2918632345754,2681.616653201273,2656.5079784169375,2671.7669945750613,2680.991338645612,1,0,0,1,0,0,TCS
2016-10-06,2680.5667179836714,2680.5931260879365,2679.582438183811,2679.72976982824,2679.72976982824,4071817,2670.8410586967334,2681.4110978391614,2656.697858891845,2672.6971783048184,2680.8874095457713,1,1,0,1,0,0,TCS
2016-10-07,2683.701162009939,2684.146355228173,2682.437464571497,2684.583277687042,2684.583277687042,4402801,2671.503036188751,2681.252978860581,2656.927349569823,2674.8198456865184,2680.7585336019074,0,1,0,1,0,0,TCS
2016-10-10,2683.2045198186934,2687.0530278465058,2681.979610676479,2683.890035523642,2683.890035523642,1204667,2672.189376577861,2681.1927725032115,2657.1544975283855,2676.221933947795,2680.6006461228662,1,0,0,0,0,0,TCS
2016-10-11,2690.5156022446613,2693.5920994861785,2690.0401076552007,2689.372761314976,2689.372761314976,4141792,2673.19263388587,2681.254348555786,2657.4281903734222,2677.4558212933125,2680.6561745858357,1,1,0,1,0,0,TCS
2016-10-12,2692.307287429218,2694.1905329086057,2691.2135973136496,2693.3801692192824,2693.3801692192824,4503634,2674.718359059489,2681.3163301499258,2657.6972857254686,2678.9139535232694,2680.7205983686486,0,1,0,1,0,0,TCS
2016-10-13,2694.6494144695243,2695.950701556434,2690.6382019693306,2692.777724148716,2692.777724148716,1552845,2676.252676552141,2681.3819960478313,2657.951491514854,2680.6522760067114,2680.7907226593984,1,0,0,0,0,0,TCS
2016-10-14,2694.6771216122343,2696.4581791174346,2690.2252108436915,2694.165416474296,2694.165416474296,2181009,2677.368863206608,2681.3809515853,2658.172040373041,2683.072118294932,2680.7667518664484,1,1,0,1,0,0,TCS
2016-10-17,2692.8856863665646,2694.96062087362,2691.0573875412147,2691.623311933266,2691.623311933266,1606418,2678.4807763649414,2681.329598028819,2658.365005857626,2685.1417410623144,2680.597042660167,1,0,0,0,0,0,TCS
2016-10-18,2689.6803386111296,2692.151266724161,2688.9673923458035,2690.262655670016,2690.262655670016,1481727,2679.4701238807784,2681.392779642291,2658.585561907955,2687.4870842785685,2680.5225416030194,0,0,0,0,0,0,TCS
2016-10-19,2686.547016831101,2689.060273404191,2683.479910482853,2685.70057205677,2685.70057205677,4037904,2680.1577819803433,2681.3571819741464,2658.789320895216,2688.548569385625,2680.458162513772,1,1,0,0,0,0,TCS
2016-10-20,2683.579563829193,2685.459603897069,2681.828462934446,2682.614390135762,2682.614390135762,3628658,2680.7671048605976,2681.295881821562,2658.9762112307503,2688.8370314163767,2680.3468192633813,1,0,0,0,0,0,TCS
2016-10-21,2680.271541589445,2682.4810130924843,2678.571005628404,2679.1773916713028,2679.1773916713028,4023217,2681.5581442506605,2681.0860588931346,2659.1688507659997,2688.296442814803,2680.2435231315544,1,1,0,0,0,0,TCS
2016-10-24,2685.7130599495936,2687.3389420463063,2683.831380276116,2685.028679321544,2685.028679321544,2139721,2682.316120571194,2680.844523604599,2659.360903693563,2688.4103071945933,2680.2212654596024,1,0,0,1,0,0,TCS
2016-10-25,2691.1927974186888,2691.997604840434,2690.6792437846566,2688.6710807489826,2688.6710807489826,4004012,2682.897980215653,2680.75478417701,2659.578372311626,2688.3401391379934,2680.2619901027833,1,1,0,1,0,0,TCS
2016-10-26,2683.845136861507,2686.114702141312,2681.948603686525,2682.225713936521,2682.225713936521,2506213,2683.0693235664935,2680.650993054338,2659.777669741689,2687.224693609717,2680.3101608735014,1,0,0,0,0,0,TCS
2016-10-27,2692.6354379201557,2693.333858360822,2692.583574858206,2692.191503599081,2692.191503599081,1468948,2683.909173780733,2680.666322675388,2660.0542987672,2687.166071554754,2680.478770574779,1,0,0,1,0,0,TCS
2016-10-28,2697.354458208556,2698.024128295356,2696.89525907451,2698.218148772427,2698.218148772427,2185366,2685.3217315397496,2680.807492015564,2660.351043699799,2687.5713447845674,2680.7516166057308,1,1,0,1,0,0,TCS
2016-10-31,2703.79049845956,2706.278735157,2702.632072857676,2701.495164036462,2701.495164036462,1003160,2686.8501355286007,2680.9924565070455,2660.6489217873736,2688.558529994887,2681.0642227967132,1,0,0,1,0,0,TCS
2016-11-01,2697.3299156048324,2697.499932404462,2696.902272123967,2697.683629763179,2697.683629763179,2520754,2688.3938558413856,2681.143292722705,2660.894743414313,2689.300627404203,2681.23840884259,1,1,0,0,0,0,TCS
2016-11-02,2693.126095314712,2693.597496983579,2692.501331558185,2692.878331551685,2692.878331551685,1829941,2689.28348636966,2681.3216105404426,2661.1501183632527,2690.0184033536943,2681.3442349367683,1,0,0,0,0,0,TCS
2016-11-03,2693.60835435499,2695.958130043549,2691.5585350329934,2693.3299417799512,2693.3299417799512,1384306,2689.9634949672454,2681.493912612652,2661.41789828288,2691.0899585181132,2681.4598337414513,1,0,0,1,0,0,TCS
2016-11-04,2696.289180486474,2700.6444607439007,2694.255060988163,2695.651089247457,2695.651089247457,3467434,2690.5168855452657,2681.717617522607,2661.6706540114606,2692.737328275729,2681.6120440341515,1,1,0,1,0,0,TCS
2016-11-07,2686.497528966087,2687.45733975144,2684.693948153398,2685.9302406459374,2685.9302406459374,2559389,2690.618895801381,2681.8161242842716,2661.8688999761507,2692.8274844081684,2681.5730424430453,1,0,0,0,0,0,TCS
2016-11-08,2684.179367459654,2684.2871915017995,2680.114333459171,2684.6538364272037,2684.6538364272037,2888692,2690.3829495569926,2681.816551285581,2662.0751701173945,2692.4257599759903,2681.5913000905375,1,1,0,0,0,0,TCS
2016-11-09,2685.2921095410343,2685.8915303532185,2684.0344331310557,2683.976145255247,2683.976145255247,4389951,2689.91274835879,2681.8044859201677,2662.2519963956756,2692.600803107863,2681.5068414319426,1,1,0,0,0,0,TCS
2016-11-10,2690.6690649471457,2690.9202227413466,2690.437264584031,2689.7509923508383,2689.7509923508383,2434455,2689.7614117688963,2681.868122931694,2662.4279062824558,2692.3567519830385,2681.529015980502,1,0,0,1,0,0,TCS
2016-11-11,2693.6864184331957,2694.8545165997407,2692.2359569231367,2694.18721731026,2694.18721731026,2127375,2689.7625018106946,2681.9925216818856,2662.6308729312896,2691.953658836822,2681.551315757259,1,0,0,1,0,0,TCS
2016-11-14,2687.783475663512,2689.4672226924204,2687.661306149655,2689.039149152553,2689.039149152553,4238209,2689.633293671659,2681.9948190465566,2662.807735616546,2690.708057348431,2681.5468704205323,1,1,0,0,0,0,TCS
2016-11-15,2681.430723365819,2682.6621561714924,2677.8342964751496,2682.549211528181,2682.549211528181,3088761,2689.247621464567,2681.985627779842,2662.9529709349713,2689.194615524931,2681.455430953693,1,0,0,0,0,0,TCS
2016-11-16,2683.388249585493,2686.0205423184216,2681.687408293254,2683.0399296126684,2683.0399296126684,2288817,2689.1145893423623,2681.8947450918777,2663.091672846267,2688.2107753310297,2681.2575154702186,1,0,0,1,0,0,TCS
2016-11-17,2679.251310594041,2679.945762698203,2678.969131380532,2679.390272302568,2679.390272302568,4819029,2688.953383450703,2681.786024730549,2663.2026205607854,2686.8168083832916,2681.015359787332,1,1,0,0,0,0,TCS
2016-11-18,2683.4507755068107,2684.431861178418,2681.3077485173235,2684.3341895176327,2684.3341895176327,2000364,2689.211223343019,2681.68376792385,2663.354398262743,2685.685118410309,2680.8475315314754,1,0,0,1,0,0,TCS
2016-11-21,2682.0272526120634,2682.6067671774795,2680.6176091326665,2681.667867082568,2681.667867082568,1711336,2689.0431827310704,2681.5874593947947,2663.525227114248,2685.258881053972,2680.683187397726,1,0,0,0,0,0,TCS
2016-11-22,2690.730638291927,2694.76333030214,2687.7887609997388,2690.1251399563457,2690.1251399563457,2951232,2689.115885691438,2681.596433999984,2663.7432447625038,2685.8060114068862,2680.619047129032,1,1,0,1,0,0,TCS
2016-11-23,2689.9212468554456,2691.297385363305,2689.386721432217,2690.8319818230184,2690.8319818230184,2508278,2689.546199085763,2681.508288886857,2663.966432368778,2686.491595063663,2680.6637087757736,1,0,0,1,0,0,TCS
2016-11-24,2705.936048706911,2708.13334214208,2702.0248575431788,2704.8822305877784,2704.8822305877784,2970505,2690.180735435198,2681.599917412715,2664.25082131016,2688.0047188873573,2680.899096126524,1,1,0,1,0,0,TCS
2016-11-25,2698.875870993605,2699.649627901593,2697.155803312108,2699.178794695327,2699.178794695327,1926576,2690.228767731343,2681.628135987571,2664.507068453587,2688.503876625864,2681.1717330797896,1,0,0,0,0,0,TCS
2016-11-28,2702.211677111189,2702.346337317376,2701.3984181997425,2703.8105466477728,2703.8105466477728,1547474,2690.3445368619086,2681.750846856746,2664.8044546972496,2689.9810163753855,2681.509774642899,1,0,0,1,0,0,TCS
2016-11-29,2701.7734898329186,2703.7156246999803,2701.3443399484463,2702.909109967037,2702.909109967037,2849717,2690.6058108721018,2681.850514979979,2665.1150457291305,2692.0170062192715,2681.8449322810725,1,1,0,0,0,0,TCS
2016-11-30,2700.75048188932,2703.6426734682545,2698.5074379575626,2700.386573496929,2700.386573496929,2704958,2690.9812229693634,2682.011817669723,2665.38461569577,2693.7516706076976,2682.169995293383,0,0,0,0,0,0,TCS
2016-12-01,2698.6969117063345,2701.2622315509807,2697.8685770432558,2699.8757082967604,2699.8757082967604,3764384,2691.308511295204,2682.1699117824146,2665.6512622615587,2695.800214207117,2682.4506191393507,1,1,0,0,0,0,TCS
2016-12-02,2706.9000187731085,2710.7604136152418,2704.550671706431,2707.0619126588203,2707.0619126588203,2802747,2691.8790524657725,2682.5240479006443,2665.957068222959,2698.0729865212356,2682.8551452831825,1,0,0,1,0,0,TCS
2016-12-05,2703.459764062391,2705.087001963076,2701.547669445672,2703.490096500356,2703.490096500356,4349663,2692.7570452584932,2682.8369562392168,2666.24109195412,2700.2552094630146,2683.2964497309513,1,1,0,0,0,0,TCS
2016-12-06,2704.117441948776,2705.195710503128,2702.950667759147,2704.63212271248,2704.63212271248,4521809,2693.755959572757,2683.1727041843224,2666.544156221017,2701.705907738628,2683.767250801445,0,1,0,1,0,0,TCS
2016-12-07,2698.790262487974,2699.9130960925304,2698.7336467709065,2698.4673931813763,2698.4673931813763,4086191,2694.4805219690634,2683.4534610044193,2666.8476686275244,2702.4694488744635,2684.1128541886314,0,0,0,0,0,0,TCS
2016-12-08,2694.953270040391,2698.0426187982644,2691.250536612373,2694.234484483247,2694.234484483247,3601969,2694.704696575684,2683.646030562345,2667.1551771560503,2701.4046742640103,2684.3168309860753,1,0,0,0,0,0,TCS
2016-12-09,2695.7542058194704,2697.517650917528,2695.5247253629777,2695.9198964916573,2695.9198964916573,2670451,2694.791330534754,2683.885998620098,2667.492082642974,2701.0787844436436,2684.438795126601,1,0,0,1,0,0,TCS
2016-12-12,2699.68102347004,2701.6427954195296,2699.6688227849286,2699.3230533092824,2699.3230533092824,3105237,2695.3055257425904,2684.2476334999924,2667.8110789828515,2700.6300351097943,2684.5527060697377,1,1,0,1,0,0,TCS
2016-12-13,2705.117745328154,2706.81806291073,2701.4532626076875,2704.0187319336974,2704.0187319336974,2128881,2696.379001762866,2684.6813421188454,2668.1669176489795,2700.7409973064605,2684.830503093727,1,0,0,1,0,0,TCS
2016-12-14,2703.225371377787,2706.1590067729144,2702.891868066023,2703.5631033259174,2703.5631033259174,3519171,2697.4051604485285,2685.0690416711395,2668.5004738644047,2701.0586502893593,2685.1115414666724,1,1,0,0,0,0,TCS
2016-12-15,2699.987026452293,2704.2024546717043,2695.713379836508,2700.6734692802206,2700.6734692802206,3504080,2698.4693202974113,2685.3407572287056,2668.843893613457,2701.1384263877053,2685.336478172688,0,0,0,0,0,0,TCS
2016-12-16,2705.703863991818,2706.615650396386,2700.7093469178208,2705.440721949365,2705.440721949365,4775436,2699.524646918998,2685.5741089286694,2669.207605956179,2700.97630731676,2685.611874241313,1,1,0,1,0,0,TCS
2016-12-19,2712.9339169676323,2715.35933365168,2708.9902480577334,2711.9852456282747,2711.9852456282747,3551167,2701.040515846283,2685.8391778418472,2669.570705530426,2701.8258222295517,2686.139727147398,1,0,0,1,0,0,TCS
2016-12-20,2712.210832698737,2715.567797434615,2712.1270462635703,2713.491422273036,2713.491422273036,4041665,2702.2088299621178,2686.218021181079,2669.9220723498133,2702.7117521856076,2686.8905249683526,1,1,0,1,0,0,TCS
2016-12-21,2719.355118909812,2720.865157399153,2714.9513885872693,2719.6061399144924,2719.6061399144924,2440320,2703.6475378666914,2686.682032613073,2670.295501915052,2704.825626858919,2687.6388660454795,1,0,0,1,0,0,TCS
2016-12-22,2725.504373390468,2728.105236079195,2724.8013727089847,2724.490487856855,2724.490487856855,2323261,2704.627950730145,2687.19062350717,2670.6704828399606,2707.85122719628,2688.3821277424368,0,0,0,1,0,0,TCS
2016-12-23,2723.59160113797,2727.3152866176,2721.3267450999047,2723.7425119884897,2723.7425119884897,1774133,2705.8561365948035,2687.677579696995,2671.0091953419123,2710.633488745963,2689.0807781976605,1,0,0,0,0,0,TCS
2016-12-26,2729.933944909902,2732.023339398111,2729.47835784711,2729.6937683020537,2729.6937683020537,3783098,2707.1502976775173,2688.393798329872,2671.3399564552637,2713.6705602452403,2689.8745187384684,1,1,0,1,0,0,TCS
2016-12-27,2727.3561299404496,2728.8632382213373,2724.8709340437285,2727.589915647138,2727.589915647138,2892893,2708.3843379615223,2689.2739024541934,2671.631679089623,2716.027678616584,2690.6516160783663,1,0,0,0,0,0,TCS
2016-12-28,2731.7705873269133,2732.8197258128807,2729.200933666215,2731.1227494890213,2731.1227494890213,3784317,2709.921146761127,2690.1194298336814,2671.912974905912,2718.7836432328945,2691.5617105282613,1,1,0,1,0,0,TCS
2016-12-29,2734.411043943843,2736.2520044336434,2734.3377461871914,2734.8355975935247,2734.8355975935247,3503286,2711.669141225965,2690.9455515462873,2672.2268545272955,2722.199856064225,2692.5316335055663,0,0,0,1,0,0,TCS
2016-12-30,2739.058800959752,2740.268920593281,2735.6405207207204,2739.578980304565,2739.578980304565,3909633,2713.2949946082526,2691.7984922020105,2672.5518889158398,2725.6136818997447,2693.434797464494,1,1,0,1,0,0,TCS
