Date,Open,High,Low,Close,Adj Close,Volume,ma_4w,ma_16w,ma_52w,roll_mean_10,roll_mean_75,vol_shock,vol_shock_dir,price_shock,price_shock_dir,black_swan,price_no_vol,symbol
2015-01-01,1206.2194902721044,1207.2386324194704,1204.9718189413152,1205.6143758117112,1205.6143758117112,1290293,1205.6143758117112,1205.6143758117112,1205.6143758117112,1205.6143758117112,1205.6143758117112,0,0,0,0,0,0,INFY
2015-01-02,1203.3106790044935,1205.7179245056489,1201.08011681101,1203.0839396708627,1203.0839396708627,4411784,1204.349157741287,1204.349157741287,1204.349157741287,1204.349157741287,1204.349157741287,1,1,0,0,0,0,INFY
2015-01-05,1199.4686983637034,1202.8054008287877,1198.17293927192,1199.93480334193,1199.93480334193,2704754,1202.8777062748347,1202.8777062748347,1202.8777062748347,1202.8777062748347,1202.8777062748347,1,0,0,0,0,0,INFY
2015-01-06,1201.7501995792877,1202.0422804793711,1200.877212207797,1200.9806384653136,1200.9806384653136,2206287,1202.4034393224545,1202.4034393224545,1202.4034393224545,1202.4034393224545,1202.4034393224545,1,0,0,1,0,0,INFY
2015-01-07,1195.1097505076532,1196.932276807411,1192.0859012790004,1194.7690159823176,1194.7690159823176,2285593,1200.8765546544269,1200.8765546544269,1200.8765546544269,1200.8765546544269,1200.8765546544269,0,1,0,0,0,0,INFY
2015-01-08,1193.4008890346795,1194.8853753535593,1191.5824257077693,1193.4687416249817,1193.4687416249817,3532626,1199.6419191495195,1199.6419191495195,1199.6419191495195,1199.6419191495195,1199.6419191495195,1,1,0,0,0,0,INFY
2015-01-09,1183.1595372262686,1184.5897721241722,1182.3182222717817,1184.281845828728,1184.281845828728,1347360,1197.4476229608351,1197.4476229608351,1197.4476229608351,1197.4476229608351,1197.4476229608351,1,0,0,0,0,0,INFY
2015-01-12,1182.233566176165,1183.4873426095742,1181.164714594105,1183.377189593257,1183.377189593257,1674803,1195.6888187898878,1195.6888187898878,1195.6888187898878,1195.6888187898878,1195.6888187898878,1,1,0,0,0,0,INFY
2015-01-13,1179.4021297981126,1182.5242303188982,1179.34729740164,1179.2436570064117,1179.2436570064117,3579734,1193.8615785917236,1193.8615785917236,1193.8615785917236,1193.8615785917236,1193.8615785917236,1,1,0,0,0,0,INFY
2015-01-14,1185.050370313075,1188.180859850071,1183.3682259903435,1184.7432575629844,1184.7432575629844,1541321,1192.9497464888498,1192.9497464888498,1192.9497464888498,1192.9497464888498,1192.9497464888498,1,0,0,1,0,0,INFY
2015-01-15,1183.8957297617364,1185.2524978414842,1178.602617018884,1183.9053791119568,1183.9053791119568,2128233,1192.1275312727687,1192.1275312727687,1192.1275312727687,1190.7788468188744,1192.1275312727687,1,1,0,0,0,0,INFY
2015-01-16,1180.5918233642374,1182.6439216843792,1176.3744535487235,1181.5148934993942,1181.5148934993942,4801531,1191.243144791654,1191.243144791654,1191.243144791654,1188.6219422017275,1191.243144791654,1,1,0,0,0,0,INFY
2015-01-19,1185.4402461000743,1186.2783281534698,1185.4220981264723,1185.9118407895585,1185.9118407895585,4284193,1190.8330444838007,1190.8330444838007,1190.8330444838007,1187.2196459464903,1190.8330444838007,1,0,0,1,0,0,INFY
2015-01-20,1178.056347082632,1182.619876612922,1177.5060700705408,1179.3544439368854,1179.3544439368854,2152355,1190.0131444447354,1190.0131444447354,1190.0131444447354,1185.0570264936475,1190.0131444447354,1,0,0,0,0,0,INFY
2015-01-21,1179.943283937148,1180.446087203184,1179.5678942924349,1178.346469976423,1178.346469976423,1541637,1189.2353661468478,1189.2353661468478,1189.2353661468478,1183.414771893058,1189.2353661468478,1,0,0,0,0,0,INFY
2015-01-22,1176.470733589386,1176.525586760664,1174.3394106985918,1178.733456778174,1178.733456778174,3284979,1188.5789968113056,1188.5789968113056,1188.5789968113056,1181.9412434083774,1188.5789968113056,1,1,0,1,0,0,INFY
2015-01-23,1179.6390854370543,1180.2926682324112,1177.9017888664316,1178.6570785996723,1178.6570785996723,1728694,1187.9953545635626,1187.9953545635626,1187.9953545635626,1181.3787666854716,1187.9953545635626,1,0,0,0,0,0,INFY
2015-01-26,1183.0731964287804,1184.81744044854,1181.631233724485,1182.259151983126,1182.259151983126,3995545,1187.676676642427,1187.676676642427,1187.676676642427,1181.2669629244585,1187.676676642427,1,1,0,1,0,0,INFY
2015-01-27,1178.0209477531644,1179.081222456076,1173.5848620484442,1177.399786180571,1177.399786180571,4130857,1187.1357876707505,1187.1357876707505,1187.1357876707505,1181.0825758418746,1187.1357876707505,0,1,0,0,0,0,INFY
2015-01-28,1167.5706419152432,1169.5246271654669,1164.1981647491266,1167.7806862442792,1167.7806862442792,4898045,1186.168032599427,1186.168032599427,1186.168032599427,1179.386318710004,1186.168032599427,1,1,0,0,0,0,INFY
2015-01-29,1165.2077165119915,1165.2335648788394,1161.7463091907896,1164.448329876125,1164.448329876125,4476345,1184.1097303026477,1185.1337610411745,1185.1337610411745,1177.440613786421,1185.1337610411745,0,0,0,0,0,0,INFY
2015-01-30,1162.6468917831205,1163.3044089419675,1161.7164111665356,1161.853510894716,1161.853510894716,4686816,1182.0482088638405,1184.0755678526991,1184.0755678526991,1175.474475525953,1184.0755678526991,0,1,0,0,0,0,INFY
2015-02-02,1161.5794940674248,1163.5344373879311,1159.160239492528,1160.891625359072,1160.891625359072,2041996,1180.0960499646976,1183.0675703529762,1183.0675703529762,1172.9724539829044,1183.0675703529762,1,0,0,0,0,0,INFY
2015-02-03,1175.796510798389,1177.7461287991864,1175.228242027453,1176.227311121138,1176.227311121138,2342746,1178.8583835974885,1182.7825595516495,1182.7825595516495,1172.6597407013296,1182.7825595516495,1,1,0,1,0,0,INFY
2015-02-04,1182.5922531223998,1182.7067894176696,1178.1940246264671,1181.7898685336413,1181.7898685336413,3333396,1178.2094262250546,1182.7428519109292,1182.7428519109292,1173.0040805570516,1182.7428519109292,1,1,0,1,0,0,INFY
2015-02-05,1180.0421630323406,1180.8120876437342,1177.565620128859,1181.2235546118557,1181.2235546118557,4235353,1177.5971668743985,1182.6844173994264,1182.6844173994264,1173.2530903404197,1182.6844173994264,1,1,0,0,0,0,INFY
2015-02-06,1182.2814280393434,1183.8179915388152,1179.2093424577752,1180.421162376244,1180.421162376244,4521928,1177.4041327017742,1182.6005931393086,1182.6005931393086,1173.429498718077,1182.6005931393086,0,1,0,0,0,0,INFY
2015-02-09,1174.869641698119,1175.8224392585632,1173.0960365666688,1175.6718698978048,1175.6718698978048,2394555,1177.0188667170019,1182.3531387378262,1182.3531387378262,1172.7707705095447,1182.3531387378262,1,0,0,0,0,0,INFY
2015-02-10,1170.849106930172,1173.756125255358,1170.759997028804,1170.1797802940948,1170.1797802940948,1871539,1176.5656728813858,1181.933367757008,1181.933367757008,1172.048769920897,1181.933367757008,1,0,0,0,0,0,INFY
2015-02-11,1163.9046099304758,1166.529428623226,1162.03248074327,1164.967559018612,1164.967559018612,2864712,1175.5768879541672,1181.3678407990615,1181.3678407990615,1171.7674571983302,1181.3678407990615,1,1,0,0,0,0,INFY
2015-02-12,1164.7353662519952,1165.6554487713677,1164.5825174381737,1165.0875925424784,1165.0875925424784,1660367,1174.6359986256932,1180.8426715004618,1180.8426715004618,1171.8313834649657,1180.8426715004618,1,0,0,1,0,0,INFY
2015-02-13,1166.3258752274603,1167.3303807956418,1164.7078087826144,1167.5071620995352,1167.5071620995352,4447497,1173.9356120557004,1180.425936831683,1180.425936831683,1172.3967485854478,1180.425936831683,1,1,0,1,0,0,INFY
2015-02-16,1169.2139397985184,1170.4470315647725,1166.0279257925138,1169.3120960411077,1169.3120960411077,2687829,1173.1056248182779,1180.0891537774232,1180.0891537774232,1173.2387956536513,1180.0891537774232,1,0,0,1,0,0,INFY
2015-02-17,1179.705699476677,1181.354533343769,1176.6817331219436,1177.056758186458,1177.056758186458,3205868,1172.9907405307563,1179.9999656718064,1179.9999656718064,1173.3217403601834,1179.9999656718064,1,1,0,1,0,0,INFY
2015-02-18,1177.939533635093,1178.1739281895464,1174.8995811551183,1178.1463186424523,1178.1463186424523,2697266,1172.9807329640578,1179.9470043281106,1179.9470043281106,1172.9573853710642,1179.9470043281106,1,0,0,1,0,0,INFY
2015-02-19,1177.8408570755375,1180.018899385137,1177.811146074334,1179.1189685606196,1179.1189685606196,3188040,1173.0000085531801,1179.9240033345693,1179.9240033345693,1172.7469267659405,1179.9240033345693,1,1,0,1,0,0,INFY
2015-02-20,1178.1614760796542,1178.2130888046977,1178.1226169156078,1176.950533559766,1176.950533559766,1848982,1172.9146813011848,1179.8436392866015,1179.8436392866015,1172.3998638842927,1179.8436392866015,1,0,0,0,0,0,INFY
2015-02-23,1174.612834167342,1174.9594873063002,1172.7242474343914,1176.6418281580434,1176.6418281580434,3996241,1172.6338151099305,1179.7593810990081,1179.7593810990081,1172.4968597103168,1179.7593810990081,1,1,0,0,0,0,INFY
2015-02-24,1177.3796999822853,1178.14950418971,1175.8127585840764,1177.9034617808609,1177.9034617808609,4980615,1172.6589988899452,1179.7117934241837,1179.7117934241837,1173.2692278589934,1179.7117934241837,1,1,0,1,0,0,INFY
2015-02-25,1170.5070431119057,1170.9802865353945,1170.2786070699324,1171.527576362461,1171.527576362461,4357048,1172.8463433958543,1179.5071879976406,1179.5071879976406,1173.9252295933784,1179.5071879976406,1,0,0,0,0,0,INFY
2015-02-26,1169.8814497219223,1174.0355581313809,1169.3875340190812,1170.3354732581677,1170.3354732581677,2967308,1173.1407005649567,1179.2834876381412,1179.2834876381412,1174.4500176649472,1179.2834876381412,1,0,0,0,0,0,INFY
2015-02-27,1183.3077085968573,1186.1710537058375,1182.3848450385055,1182.0130538997776,1182.0130538997776,4287412,1174.1486777152095,1179.3484773110374,1179.3484773110374,1175.9006068449714,1179.3484773110374,1,1,0,1,0,0,INFY
2015-03-02,1170.0511369783196,1171.4555608120413,1169.6615693402125,1171.4436745542391,1171.4436745542391,3997658,1174.6762801749678,1179.1646446887862,1179.1646446887862,1176.1137646962848,1179.1646446887862,0,0,0,0,0,0,INFY
2015-03-03,1170.5638981142429,1171.8787353198231,1168.835556927636,1170.754181838539,1170.754181838539,4959267,1174.4026237108378,1178.9734978058261,1178.9734978058261,1175.4835070614927,1178.9734978058261,1,1,0,0,0,0,INFY
2015-03-04,1164.2631346509393,1165.9195369603187,1163.313460110422,1165.3321410726678,1165.3321410726678,2068356,1173.5797373377893,1178.6703565450894,1178.6703565450894,1174.2020893045142,1178.6703565450894,1,0,0,0,0,0,INFY
2015-03-05,1165.5446845021736,1165.9362578977211,1163.4731590683011,1167.2412143392266,1167.2412143392266,4783642,1172.880620324158,1178.4218969319184,1178.4218969319184,1173.014313882375,1178.4218969319184,1,1,0,1,0,0,INFY
2015-03-06,1165.8769245241158,1166.346253177276,1165.44533422897,1166.5116609484674,1166.5116609484674,3593642,1172.185145252769,1178.1684876556747,1178.1684876556747,1171.9704266212452,1178.1684876556747,1,0,0,0,0,0,INFY
2015-03-09,1167.8334456031955,1169.79701521143,1165.8014013531742,1167.7113444422184,1167.7113444422184,4356726,1171.7871189799896,1177.9506305053944,1177.9506305053944,1171.0773782496624,1177.9506305053944,1,1,0,1,0,0,INFY
2015-03-10,1165.0462554625406,1165.9962538173736,1163.9747518405732,1164.161463561744,1164.161463561744,4302466,1171.4862031433722,1177.6692189351159,1177.6692189351159,1169.7031784277508,1177.6692189351159,0,0,0,0,0,0,INFY
2015-03-11,1168.33749373992,1168.694258186164,1163.336099469463,1167.950798223938,1167.950798223938,2650809,1171.6353651036384,1177.4748505208922,1177.4748505208922,1169.3455006138986,1177.4748505208922,1,0,0,1,0,0,INFY
2015-03-12,1178.0689316353178,1182.2048986530667,1174.2369538690132,1177.232748909665,1177.232748909665,2139878,1172.2426229219977,1177.470103430476,1177.470103430476,1170.0352281790483,1177.470103430476,1,0,0,1,0,0,INFY
2015-03-13,1177.4610684576228,1182.8098021218716,1177.0893238123515,1177.8730062364848,1177.8730062364848,1739469,1172.7609151288452,1177.4778515613607,1177.4778515613607,1169.621223412719,1177.4778515613607,1,0,0,1,0,0,INFY
2015-03-16,1180.5262216737017,1182.2309899872926,1179.0698974791696,1181.4628039978134,1181.4628039978134,2827937,1173.3684505266806,1177.5530393431807,1177.5530393431807,1170.6231363570764,1177.5530393431807,1,1,0,1,0,0,INFY
2015-03-17,1185.7812148113956,1186.4868037415176,1185.0684094552737,1187.0818623305438,1187.0818623305438,3969084,1173.8697057338848,1177.7294990281318,1177.7294990281318,1172.2559044062768,1177.7294990281318,1,1,0,1,0,0,INFY
2015-03-18,1191.1650063005177,1191.8216130950705,1189.142229843134,1191.3360162651074,1191.3360162651074,3903613,1174.5291906150173,1177.9768902506223,1177.9768902506223,1174.8562919255207,1177.9768902506223,0,0,0,1,0,0,INFY
2015-03-19,1188.9938326949386,1190.3622701602076,1187.7938149874085,1188.861040606149,1188.861040606149,2586250,1175.0162942172942,1178.1712500783995,1178.1712500783995,1177.0182745522131,1178.1712500783995,1,0,0,0,0,0,INFY
2015-03-20,1192.608328144382,1194.843151716885,1191.491532120182,1192.1472193524244,1192.1472193524244,1177041,1175.7761285069269,1178.4164425218034,1178.4164425218034,1179.5818303926087,1178.4164425218034,1,0,0,1,0,0,INFY
2015-03-23,1203.302085616197,1204.7881523598278,1201.6519116473778,1201.8512897079947,1201.8512897079947,1185888,1177.0366015844245,1178.8204916112206,1178.8204916112206,1182.9958249191864,1178.8204916112206,0,1,0,1,0,0,INFY
2015-03-24,1204.4602807299098,1208.245321580977,1203.294261175144,1202.6147320561208,1202.6147320561208,4685433,1178.2721650981875,1179.223783822151,1179.223783822151,1186.841151768624,1179.223783822151,1,1,0,1,0,0,INFY
2015-03-25,1203.0006094402208,1203.1582731181663,1200.566135546606,1204.1282057640533,1204.1282057640533,2245821,1179.902196568267,1179.6388575211827,1179.6388575211827,1190.4588925226356,1179.6388575211827,1,0,0,1,0,0,INFY
2015-03-26,1205.158270107053,1208.8872945331418,1204.5744472790395,1205.6930722600227,1205.6930722600227,2057982,1181.6700765183598,1180.06597579559,1180.06597579559,1193.3049248576713,1180.06597579559,0,0,0,1,0,0,INFY
2015-03-27,1209.3478405557998,1210.8391568808206,1207.861827057603,1209.3416899206004,1209.3416899206004,2076569,1183.036508319401,1180.53816473309,1180.53816473309,1196.4517932260828,1180.53816473309,0,1,0,1,0,0,INFY
2015-03-30,1206.3183645890892,1207.0157626973703,1205.1340978565229,1207.3045841701944,1207.3045841701944,4275134,1184.829553800199,1180.963028533679,1180.963028533679,1199.0359712433212,1180.963028533679,1,1,0,0,0,0,INFY
2015-03-31,1208.1630337571146,1208.658066992155,1206.087849005847,1206.3538848900466,1206.3538848900466,4092606,1186.609538952774,1181.3597606642475,1181.3597606642475,1200.9631734992713,1181.3597606642475,0,0,0,0,0,0,INFY
2015-04-01,1205.1741011627084,1207.7423665345696,1204.5825385852818,1204.9327905001448,1204.9327905001448,2647895,1188.589571424148,1181.7224226617227,1181.7224226617227,1202.3228509227752,1181.7224226617227,1,0,0,0,0,0,INFY
2015-04-02,1205.9728824326578,1206.981645817511,1205.154561090383,1205.3543156496146,1205.3543156496146,4346477,1190.4952264896674,1182.0804816463879,1182.0804816463879,1203.9721784271217,1182.0804816463879,1,1,0,1,0,0,INFY
2015-04-03,1203.212002037968,1206.393968049965,1201.6894835196483,1203.1134328968878,1203.1134328968878,1841528,1192.3253150870885,1182.3944062919174,1182.3944062919174,1205.068799781568,1182.3944062919174,1,0,0,0,0,0,INFY
2015-04-06,1202.659417814352,1202.872208703733,1202.498164801499,1203.1695071066429,1203.1695071066429,3363075,1194.0982232203096,1182.6999224803694,1182.6999224803694,1205.2006215214328,1182.6999224803694,1,1,0,1,0,0,INFY
2015-04-07,1202.760433078718,1203.4614173167267,1202.4719078715018,1202.210146599198,1202.210146599198,1698363,1196.0006573721823,1182.9826793516568,1182.9826793516568,1205.1601629757406,1182.9826793516568,1,0,0,0,0,0,INFY
2015-04-08,1209.1965771646985,1210.731415406276,1208.2339543369674,1209.626140273641,1209.626140273641,3100800,1198.0844244746675,1183.363300221971,1183.363300221971,1205.7099564266994,1183.363300221971,1,1,0,1,0,0,INFY
2015-04-09,1208.6484522988908,1209.324308627876,1206.06347400217,1209.5273988135389,1209.5273988135389,4681811,1199.6991569698612,1183.731808652838,1183.731808652838,1206.093389082051,1183.731808652838,1,1,0,0,0,0,INFY
2015-04-10,1213.008225466568,1213.144205238318,1212.5003851282947,1211.579324880158,1211.579324880158,1845688,1201.3844729020448,1184.1185797115509,1184.1185797115509,1206.3171525780067,1184.1185797115509,1,0,0,1,0,0,INFY
2015-04-13,1216.3845775893374,1217.9485326566205,1215.877639986444,1213.9073349087294,1213.9073349087294,3327905,1203.0066994475906,1184.5266448512382,1184.5266448512382,1206.9774276518601,1184.5266448512382,1,1,0,1,0,0,INFY
2015-04-14,1214.3406826059063,1214.9078936275178,1213.6919045122245,1213.302562781241,1213.302562781241,1149098,1204.3177344701255,1184.915508607049,1184.915508607049,1207.6722954409797,1184.915508607049,1,0,0,0,0,0,INFY
2015-04-15,1217.701929946967,1219.5625461816846,1216.9238549904392,1218.4810025753388,1218.4810025753388,3502484,1205.6749837856373,1185.3630485266262,1185.3630485266262,1209.027116648499,1185.3630485266262,1,1,0,1,0,0,INFY
2015-04-16,1215.2881188578283,1217.0869909002186,1211.7060132442882,1214.328563345278,1214.328563345278,2472239,1206.9483599225937,1185.7441737216086,1185.7441737216086,1209.9245414180655,1185.4792376937405,1,0,0,0,0,0,INFY
2015-04-17,1218.323981593048,1219.8633512579513,1216.7418303417105,1219.117185316118,1219.117185316118,4997263,1208.2968582207782,1186.1775894566022,1186.1775894566022,1211.5249166599883,1185.693014302344,1,1,0,1,0,0,INFY
2015-04-20,1224.011209156248,1227.6227235795736,1222.7563453254234,1222.451521819855,1222.451521819855,4695309,1209.3268698263714,1186.6426398715157,1186.6426398715157,1213.4531181313096,1185.9932372153828,0,0,0,1,0,0,INFY
2015-04-21,1220.4714294658263,1221.2132030224238,1219.3190283589672,1220.0417105338413,1220.0417105338413,4520314,1210.1982187502572,1187.0654129178743,1187.0654129178743,1215.236274524774,1186.2473848429634,0,0,0,0,0,0,INFY
2015-04-22,1223.0937388527243,1223.7272741012775,1222.8976231334111,1222.3288284997964,1222.3288284997964,4901860,1211.1082498870444,1187.5062056126483,1187.5062056126483,1216.5065433473897,1186.6148490098628,0,1,0,1,0,0,INFY
2015-04-23,1219.588836407675,1221.1432898287037,1218.3471631904672,1220.172417313578,1220.172417313578,2676327,1211.8322171397222,1187.6881811314215,1187.9094921768572,1217.5710451973932,1186.9708980190442,1,0,0,0,0,0,INFY
2015-04-24,1220.2198142115328,1220.5971685253649,1218.914004453115,1220.8138932851796,1220.8138932851796,3866449,1212.405827307951,1187.9098055516006,1188.310765361105,1218.4945020378955,1187.4579919851303,1,1,0,1,0,0,INFY
2015-04-27,1231.2728957809832,1232.3158511892616,1230.144693753816,1230.4369810241433,1230.4369810241433,2066216,1213.5624471506485,1188.291082772628,1188.8183101281295,1220.147466649437,1188.0854558708754,1,0,0,1,0,0,INFY
2015-04-28,1233.0379900822577,1234.6820606776898,1231.1903849069847,1233.6199063904864,1233.6199063904864,1410894,1214.9257482256705,1188.6990736216928,1189.3516624645863,1222.1792010103613,1188.8104725293297,1,0,0,1,0,0,INFY
2015-04-29,1230.7796672192967,1231.0962979745498,1228.734949219611,1232.1077886261096,1232.1077886261096,4772191,1216.2844981319688,1189.16580827974,1189.8546757135452,1223.5418796154386,1189.4419996101715,1,1,0,0,0,0,INFY
2015-04-30,1231.1883291330494,1235.0313917868189,1228.9539455916213,1231.1066357770492,1231.1066357770492,3199668,1217.5721141383406,1189.636281956641,1190.3343496677721,1225.2196868586157,1190.0713496990393,1,0,0,0,0,0,INFY
2015-05-01,1232.503926546789,1235.4426495948196,1232.2117731012752,1231.700657928806,1231.700657928806,1857710,1219.0014753899363,1190.229017107892,1190.8098244753703,1226.4780341198843,1190.7404932247648,1,0,0,1,0,0,INFY
2015-05-04,1228.4523042500457,1229.7719800861437,1227.114095321694,1228.4497215668805,1228.4497215668805,2456410,1220.2654861129483,1190.7924237575623,1191.2375505786829,1227.077854094587,1191.3076649684624,1,1,0,0,0,0,INFY
2015-05-05,1223.41634595247,1223.8360236854228,1222.9975526963376,1223.6350776516815,1223.6350776516815,3123550,1221.3367326655725,1191.347316515628,1191.6015677368064,1227.437190806371,1191.898073417993,1,1,0,0,0,0,INFY
2015-05-06,1225.973074998568,1228.9847955500825,1221.5391016553403,1224.8207140276486,1224.8207140276486,4914921,1222.0964613532728,1191.8482847214366,1191.9706693622602,1227.6863793591563,1192.5177300053429,1,1,0,1,0,0,INFY
2015-05-07,1219.0122528988716,1222.4218984741117,1218.6658947493631,1219.987924696634,1219.987924696634,2156437,1222.6194876474278,1192.299316541245,1192.2785512890116,1227.6679300974617,1193.0677895775887,1,0,0,0,0,0,INFY
2015-05-08,1218.6046790596536,1219.5612075975434,1215.8571689155417,1218.5086092078675,1218.5086092078675,2627488,1222.9659518638132,1192.7617379876008,1192.5636606142166,1227.4374016897307,1193.5991433190313,1,1,0,0,0,0,INFY
2015-05-11,1211.5233899574923,1212.233868774911,1210.1846935917122,1211.218249833635,1211.218249833635,3053818,1222.8314976100585,1193.0780681006518,1192.7642475950704,1225.5155285706799,1193.985264623705,1,1,0,0,0,0,INFY
2015-05-12,1219.4083980920143,1221.1676906943728,1217.5672961275106,1218.8971127415325,1218.8971127415325,2195420,1223.1112251080729,1193.5723514607098,1193.0422567987562,1224.0432492057844,1194.5385623111843,1,0,0,1,0,0,INFY
2015-05-13,1205.591705571546,1205.9806744032187,1203.650925922253,1205.4404499111167,1205.4404499111167,1760190,1222.4591974748619,1193.9110262098936,1193.1727640946758,1221.3765153342852,1195.0406924934089,1,0,0,0,0,0,INFY
2015-05-14,1214.4646451564452,1215.0338196878022,1214.4018004915167,1215.5226410486457,1215.5226410486457,2751146,1222.5189013600302,1194.3708910132743,1193.4055753129462,1219.8181158614448,1195.7216833090424,1,1,0,1,0,0,INFY
2015-05-15,1216.4765455477632,1218.3801719540895,1216.0776324181406,1215.5991580621878,1215.5991580621878,4344891,1222.3429999973337,1194.8326670065558,1193.6343751351035,1218.207965874783,1196.438291937942,1,1,0,1,0,0,INFY
2015-05-18,1224.928560013059,1227.8571077505376,1224.9240351038654,1224.2869798442723,1224.2869798442723,2960211,1222.4347728985545,1195.3580148548203,1193.9471568158092,1217.7916917025223,1197.283563331078,1,0,0,1,0,0,INFY
2015-05-19,1228.2000272300902,1229.2208362618906,1227.6093289422124,1228.384836004528,1228.384836004528,3247432,1222.851929172089,1195.9953279776198,1194.29501216115,1218.2666675378068,1197.97899699619,0,1,0,1,0,0,INFY
2015-05-20,1231.7598271459926,1231.9821306751778,1231.50922432481,1230.2622292282397,1230.2622292282397,3775113,1223.248599208511,1196.7763472649192,1194.6546843318208,1218.810819057866,1198.6252951387846,1,1,0,1,0,0,INFY
2015-05-21,1230.7018960792504,1232.461746622267,1230.4449150470944,1231.6055648050817,1231.6055648050817,1370229,1223.8202565830863,1197.615812701531,1195.0205346335363,1219.9725830687107,1199.2970552746945,1,0,0,1,0,0,INFY
2015-05-22,1238.531540913763,1239.0510480486282,1234.2485538146482,1237.6891196919212,1237.6891196919212,2736307,1224.6640179034234,1198.563757811496,1195.4388540948928,1221.8906341171162,1200.0606280389031,1,1,0,1,0,0,INFY
2015-05-25,1235.9253580182112,1237.552441010051,1233.9376380833958,1236.0296223959788,1236.0296223959788,1479302,1224.9436499720152,1199.5029827744577,1195.8329392240298,1224.3717713733504,1200.8653980722122,1,0,0,0,0,0,INFY
2015-05-26,1234.6862569607747,1236.0780827513645,1233.211432412338,1234.5945236567447,1234.5945236567447,4799761,1224.992380835328,1200.2325729311526,1196.2056467666519,1225.9415124648717,1201.7242613170476,1,1,0,0,0,0,INFY
2015-05-27,1225.500032924474,1228.6356381954415,1225.4972938898763,1227.3031976036962,1227.3031976036962,1965864,1224.7521512842075,1200.8014895445283,1196.501813917481,1228.1277872341298,1202.5554031648487,1,0,0,0,0,0,INFY
2015-05-28,1223.059655967363,1224.1872442328795,1222.1740717567995,1223.688807436733,1223.688807436733,1015557,1224.3812598671916,1201.3323052048395,1196.7582949884172,1228.9444038729384,1203.336752696772,1,0,0,0,0,0,INFY
2015-05-29,1228.329578222873,1228.3777624196368,1225.7488906986296,1226.5511972883332,1226.5511972883332,2678527,1224.123786835168,1201.9089306412404,1197.0367333276688,1230.0396077955527,1204.1240064992896,1,1,0,1,0,0,INFY
2015-06-01,1220.2928869177929,1220.7175801750118,1220.2916288437425,1220.4432685258723,1220.4432685258723,4989993,1223.7234641831176,1202.468573124091,1197.25346050543,1229.655236663713,1204.805755465753,1,1,0,0,0,0,INFY
2015-06-02,1215.9175978447531,1218.180580481476,1215.2045589618492,1217.301777465689,1217.301777465689,2048834,1223.406799173818,1203.0575980887363,1197.4373900188268,1228.5469308098288,1205.3423557228095,1,0,0,0,0,0,INFY
2015-06-03,1215.7454346978627,1218.271216133337,1213.8280279338985,1214.3712747332552,1214.3712747332552,4929780,1222.8843272090983,1203.6751445351692,1197.5913344253217,1226.9578353603306,1205.8253551373537,1,1,0,0,0,0,INFY
2015-06-04,1220.0503198458248,1220.8645326236629,1217.9877865527626,1219.8645899661894,1219.8645899661894,2614603,1222.878160472576,1204.3598570029656,1197.7919943851493,1225.7837378764414,1206.3686300894276,1,0,0,1,0,0,INFY
2015-06-05,1218.387484351862,1220.134907621714,1217.7694652396494,1219.4611854962277,1219.4611854962277,1773248,1222.925789286994,1205.0092822954243,1197.985469305784,1223.9609444568719,1206.935438781914,1,0,0,0,0,0,INFY
2015-06-08,1223.8104153845204,1224.062876703524,1222.2501309829993,1223.1958848473566,1223.1958848473566,4932201,1223.52467103768,1205.6828296555025,1198.2085703282758,1222.67757070201,1207.5561595377715,1,1,0,1,0,0,INFY
2015-06-09,1213.2889604123766,1214.98317201537,1212.0822671288583,1214.5325733085508,1214.5325733085508,2191838,1223.306444066031,1206.1512773445286,1198.3517633368747,1220.6713756671902,1208.0445476914738,1,0,0,0,0,0,INFY
2015-06-10,1211.914326314777,1215.2533888728522,1211.7680230194303,1212.2548634722084,1212.2548634722084,3717876,1223.6471647440856,1206.5776341549006,1198.4726598597906,1219.1665422540414,1208.5875781862705,1,1,0,0,0,0,INFY
2015-06-11,1216.682768631367,1218.3229240775863,1215.0319544977344,1214.562487842571,1214.562487842571,1785124,1223.5991570837818,1207.0206781459249,1198.6113652734352,1218.2539102946253,1209.1772717140627,1,0,0,1,0,0,INFY
2015-06-12,1209.5914704635356,1211.13982273065,1209.390322030816,1208.986788159852,1208.986788159852,3210006,1223.268538588665,1207.421131328426,1198.7000441015243,1216.4974693817774,1209.536921504197,1,1,0,0,0,0,INFY
2015-06-15,1215.4728124794478,1216.4904659748815,1215.3386920840685,1213.7457804633134,1213.7457804633134,1817172,1222.7414786196173,1207.884930732242,1198.8275503418784,1215.8277205755214,1210.1009495829846,1,0,0,1,0,0,INFY
2015-06-16,1210.3927937898152,1212.537556279421,1207.2392387476807,1212.44065055669,1212.44065055669,1020748,1221.9442693472251,1208.3166455919397,1198.941946142003,1215.3416078846215,1210.6567691658931,1,0,0,0,0,0,INFY
2015-06-17,1208.8703852743415,1213.314249765279,1205.0628711689028,1209.9180087201385,1209.9180087201385,2720241,1220.9270583218201,1208.7965259964108,1199.033413330154,1214.8962812833097,1211.2512474011928,1,1,0,0,0,0,INFY
2015-06-18,1217.0582590603908,1220.2200305023368,1216.8476585336073,1217.321434918305,1217.321434918305,3065710,1220.2128518274815,1209.3838505171623,1199.1845540044362,1214.6419657785214,1211.9189836755804,1,1,0,1,0,0,INFY
2015-06-19,1216.1853773277148,1218.8138884844452,1214.2770922646423,1215.3124113209522,1215.3124113209522,4692464,1219.094016408933,1209.800092484927,1199.316749556211,1214.2270883609938,1212.5696603472136,1,1,0,0,0,0,INFY
2015-06-22,1217.7254416389185,1218.9324070665025,1217.1432685068446,1216.714749314436,1216.714749314436,4559475,1218.1282727548555,1210.3659809194296,1199.458196708717,1213.5789748077018,1213.2230390788432,0,0,0,1,0,0,INFY
2015-06-23,1224.9768929904062,1228.9389341666035,1223.5869665671603,1224.2754769583428,1224.2754769583428,4865353,1217.6123204199357,1211.034997108427,1199.6583360655688,1214.553265172681,1214.0245592574645,0,1,0,1,0,0,INFY
2015-06-24,1229.7413771815727,1230.2277065283918,1227.619907777784,1229.107302291592,1229.107302291592,3540754,1217.7025256543304,1211.8321866236636,1199.8939277953768,1216.2385090546193,1214.8399793117,1,0,0,1,0,0,INFY
2015-06-25,1224.3351296733454,1225.6908756999865,1218.4393174546108,1224.8297134800755,1224.8297134800755,2996054,1217.7595709564976,1212.5520428629243,1200.0918308563666,1217.2652316183699,1215.4746055059722,1,0,0,0,0,0,INFY
2015-06-26,1217.1514186295096,1217.345582062753,1216.8856453987778,1215.7581297246509,1215.7581297246509,1433137,1217.2199175783132,1213.1676237226266,1200.2151875403688,1217.9423657748496,1215.9797404858143,1,0,0,0,0,0,INFY
2015-06-29,1216.719348052835,1217.1681378610756,1215.5789821384733,1217.0162391715007,1217.0162391715007,4898535,1217.0485661105947,1213.7839349067426,1200.346445756237,1218.2694116456682,1216.4537862881302,1,1,0,1,0,0,INFY
2015-06-30,1219.6852100826577,1222.0359442989602,1217.09804602051,1220.906026368245,1220.906026368245,1658425,1217.2287785557226,1214.493241941824,1200.5058223501285,1219.115949226824,1216.9047751419664,1,0,0,1,0,0,INFY
2015-07-01,1210.6138274030477,1212.4055362921251,1209.3459804504928,1209.7099381889398,1209.7099381889398,3261349,1216.995711728507,1215.0152311913864,1200.5766232411963,1219.095142173704,1217.1497607676172,1,1,0,0,0,0,INFY
2015-07-02,1201.422839681437,1202.0030247285058,1201.2304024328798,1202.4199512072626,1202.4199512072626,2571972,1216.1234797905606,1215.3300712201064,1200.5906944470441,1217.6049938025997,1217.3305462422989,1,0,0,0,0,0,INFY
2015-07-03,1208.4007905959363,1209.833946377681,1207.597361762276,1207.2333676898393,1207.2333676898393,4308164,1215.5120889002412,1215.6970757382733,1200.6410177291866,1216.7970894394884,1217.5316948867978,1,1,0,1,0,0,INFY
2015-07-06,1205.9858535274618,1208.3863057599517,1205.3138161001232,1206.4429758373913,1206.4429758373913,3868488,1214.6744434497427,1216.009327886268,1200.684641474361,1215.769912091784,1217.5929173685229,1,0,0,0,0,0,INFY
2015-07-07,1204.26212572235,1208.9936915965602,1202.7334267351946,1203.898061220198,1203.898061220198,1218031,1214.1427178453255,1216.2195303723888,1200.708622218733,1213.7321705179695,1217.610028424044,1,0,0,0,0,0,INFY
2015-07-08,1204.7446785097002,1208.66186570423,1203.621733646688,1204.5258903379893,1204.5258903379893,1465784,1213.7562691886142,1216.3844037982997,1200.7368982788755,1211.2740293226093,1217.6153308850298,1,1,0,1,0,0,INFY
2015-07-09,1209.431492458511,1214.016516231531,1206.7423858107684,1208.0957161672432,1208.0957161672432,4948473,1213.432930604848,1216.6248372428133,1200.791007233937,1209.600629591326,1217.647366137126,1,1,0,1,0,0,INFY
2015-07-10,1205.4750814194886,1206.564148326186,1203.4533864698426,1204.6193749066724,1204.6193749066724,3919432,1213.2145599421888,1216.7807391872416,1200.818951523519,1208.4867541095282,1217.5844019369404,1,0,0,0,0,0,INFY
2015-07-13,1206.2319224430955,1207.7003696558083,1204.5685441691296,1206.427794624713,1206.427794624713,1554948,1212.8486606502588,1216.8379454987003,1200.8595953141075,1207.4279096548494,1217.5727114096671,1,0,0,1,0,0,INFY
2015-07-14,1209.1761489915923,1209.6446425972897,1208.62263424744,1208.395053899526,1208.395053899526,1088801,1212.6463808174008,1216.910199521743,1200.9138072463768,1206.1768124079774,1217.5999269964602,1,0,0,1,0,0,INFY
2015-07-15,1199.8045215332804,1202.766498767808,1195.0430883694312,1202.445171808311,1202.445171808311,4620254,1212.2727389718093,1216.8891615972964,1200.9247455646762,1205.4503357699145,1217.5667587472358,1,1,0,0,0,0,INFY
2015-07-16,1196.5644346248062,1196.8343713118054,1195.8034532359727,1196.3095622039957,1196.3095622039957,1034867,1211.2221453360937,1216.771867721596,1200.892013767792,1204.839296869588,1217.4461620346276,1,0,0,0,0,0,INFY
2015-07-17,1193.6168696000314,1194.12753325746,1192.69197051593,1193.3413700749682,1193.3413700749682,2641666,1210.1235932737948,1216.5718637235254,1200.8388402206592,1203.4500971081009,1217.315867863669,1,1,0,0,0,0,INFY
2015-07-20,1188.426956003187,1189.020836584097,1187.2377499670813,1188.2442443416342,1188.2442443416342,4273476,1208.7000680251545,1216.3336094756685,1200.7507661236034,1201.630223958525,1217.1168643601354,1,1,0,0,0,0,INFY
2015-07-21,1188.9551909212178,1188.9939762544543,1188.369361899023,1188.1960802611995,1188.1960802611995,4110282,1206.8960981902974,1216.1066369178077,1200.6635808051144,1200.0600258626253,1216.930010142295,0,0,0,0,0,0,INFY
2015-07-22,1189.9556823349524,1190.9664381009436,1188.7365323440945,1191.77089846919,1191.77089846919,2402623,1205.0292779991773,1215.942113267421,1200.6022519614182,1198.7845266757454,1216.6919402515691,1,0,0,1,0,0,INFY
2015-07-23,1202.784052871086,1203.223743116799,1202.1797173864654,1201.8697999051071,1201.8697999051071,4509570,1203.881282320429,1215.8985568206147,1200.610933796649,1198.1619350495316,1216.5898389327901,1,1,0,1,0,0,INFY
2015-07-24,1210.9896743213094,1213.095296276027,1209.5651371977187,1209.931815895713,1209.931815895713,1136484,1203.589966628982,1215.9837866081,1200.674341157867,1198.6931791484355,1216.5678721463307,1,0,0,1,0,0,INFY
2015-07-27,1202.9749460570802,1203.7424316009194,1200.3633959270103,1202.9635677868005,1202.9635677868005,4184919,1202.8873330597469,1215.981212366602,1200.68980890536,1198.3467564646444,1216.4219552513719,1,1,0,0,0,0,INFY
2015-07-28,1207.908665999789,1208.644525005063,1206.9328225360432,1206.885608140629,1206.885608140629,4599593,1202.1863121483661,1216.0396556358696,1200.731391450563,1198.1958118887549,1216.3363958561636,0,1,0,1,0,0,INFY
2015-07-29,1202.6122752109893,1204.5934994920922,1196.055165328318,1201.3376072510528,1201.3376072510528,1011182,1201.7676956014716,1215.9360489730875,1200.735432889233,1198.085055433029,1216.1078172518398,1,0,0,0,0,0,INFY
2015-07-30,1195.0257969887218,1196.4130182473662,1193.866522160529,1195.339615155761,1195.339615155761,4468160,1201.4136787988966,1215.7587016773653,1200.6996989969584,1197.9880607282055,1215.8546312759795,1,1,0,0,0,0,INFY
2015-07-31,1196.9922844066707,1198.4590967754714,1195.075807394538,1196.4871221896174,1196.4871221896174,4239087,1200.8763665238855,1215.5700491437333,1200.6719846758576,1198.3026359396704,1215.5528971009594,0,0,0,1,0,0,INFY
2015-08-03,1206.59579679849,1208.1567545894015,1204.2733570426374,1206.0907588357054,1206.0907588357054,2179285,1200.8587556738014,1215.4723419428205,1200.7074015004316,1200.0872873890773,1215.3347535945043,1,0,0,1,0,0,INFY
2015-08-04,1208.017201292262,1210.9056825136204,1207.79804663431,1206.7029473165803,1206.7029473165803,1428396,1200.9989999786203,1215.3898467495123,1200.7463336161209,1201.9379740946156,1215.1569034182742,1,0,0,1,0,0,INFY
2015-08-05,1215.7276213681826,1216.439409106928,1215.7200578145798,1216.179527817906,1216.179527817906,3200586,1201.5816818526164,1215.3610783150446,1200.845902610971,1204.3788370294874,1215.0749127425156,1,1,0,1,0,0,INFY
2015-08-06,1218.770841701872,1220.616505857249,1215.4459176845794,1217.8437885695882,1217.8437885695882,1238263,1202.0690854727334,1215.4050186303484,1200.9548634183982,1205.9762358959354,1215.0438643592624,1,0,0,1,0,0,INFY
2015-08-07,1224.725070954389,1227.2382457350966,1222.6118154509084,1225.3440943114765,1225.3440943114765,2919365,1203.1053214429737,1215.4828549927902,1201.1102088380994,1207.5174637375117,1215.104267039613,1,1,0,1,0,0,INFY
2015-08-10,1229.7837870153223,1230.9579567261826,1227.178294081543,1229.145391066454,1229.145391066454,3237486,1204.2412012650607,1215.5665283583728,1201.287646700304,1210.1356460654772,1215.0870458401773,1,1,0,1,0,0,INFY
2015-08-11,1226.9074284341978,1227.3014060857972,1226.2583890519695,1227.2712781786363,1227.2712781786363,3442843,1205.1850124790165,1215.656897953933,1201.4510657662056,1212.1742130692778,1215.0023974640192,0,1,0,0,0,0,INFY
2015-08-12,1222.5561687893555,1224.3177094310622,1221.8175016533507,1224.08204703418,1224.08204703418,3976764,1206.2668562403098,1215.6788131856124,1201.5925093991304,1214.4486570475906,1214.8953875761267,1,1,0,0,0,0,INFY
2015-08-13,1222.8348818168024,1224.0011435981828,1221.7681310918035,1222.997896081405,1222.997896081405,3064055,1207.6012729341803,1215.7141316702105,1201.7254621114428,1217.214485140155,1214.7872710468516,1,0,0,0,0,0,INFY
2015-08-14,1217.0278290950748,1220.053844957748,1215.7113416999755,1217.2629417112698,1217.2629417112698,2179570,1208.7973515159952,1215.6697447755364,1201.821372479343,1219.2920670923202,1214.5947681639511,1,0,0,0,0,0,INFY
2015-08-17,1213.1919306356092,1216.220253170962,1212.3904381588975,1213.33070614959,1213.33070614959,2233025,1210.0516746063931,1215.4559163396048,1201.8919818883628,1220.0160618237087,1214.3931812917203,0,1,0,0,0,0,INFY
2015-08-18,1215.376581838162,1219.1579145390451,1214.230480179805,1217.3128227772704,1217.3128227772704,1231490,1211.5075117321967,1215.2520777944394,1201.986011405978,1221.0770493697778,1214.3088845600616,1,0,0,1,0,0,INFY
2015-08-19,1223.8508379470936,1225.3987159506864,1222.043665701983,1221.959272151176,1221.959272151176,3726595,1213.016930416296,1215.1252213385028,1202.1070614711005,1221.6550238031045,1214.2707320017087,1,1,0,1,0,0,INFY
2015-08-20,1218.6565604371233,1218.9253024197144,1217.894382706251,1218.963480844799,1218.963480844799,3036895,1213.8716144632806,1214.9734319018496,1202.2086061661228,1221.7669930306258,1214.257072750351,1,0,0,0,0,0,INFY
2015-08-21,1217.6512459167654,1217.9845095299238,1217.0404414281006,1217.9794898918526,1217.9794898918526,4233757,1214.2739981630875,1214.8019173013877,1202.303042595618,1221.0305325886634,1214.2500178261373,1,1,0,0,0,0,INFY
2015-08-24,1208.853434384861,1210.927588413522,1208.53573618956,1210.2712934218218,1210.2712934218218,1931660,1214.6393844448387,1214.5746869495745,1202.3504726600597,1219.1431228242002,1214.2373917406467,1,0,0,0,0,0,INFY
2015-08-25,1208.4980395647945,1209.228711885453,1208.2868772933214,1206.844845121706,1206.844845121706,3034642,1214.6373462938923,1214.36480904295,1202.3770665799511,1217.1004795185072,1214.076694839049,1,1,0,0,0,0,INFY
2015-08-26,1207.1122620766448,1208.7125274141372,1204.6520622762157,1206.9493250101818,1206.9493250101818,4732046,1214.917932181849,1214.1414166802315,1202.403962217776,1215.3872073161072,1214.0968131737031,1,1,0,1,0,0,INFY
2015-08-27,1207.34633550972,1207.7858753250848,1204.127860129884,1206.147696613401,1206.147696613401,2349087,1215.458336254731,1213.968413829191,1202.4258554013763,1213.702187369307,1213.9718139145664,1,0,0,0,0,0,INFY
2015-08-28,1202.2551044590218,1203.9862813290863,1202.026458728402,1202.794555736947,1202.794555736947,3039129,1215.7737079320973,1213.7719881608045,1202.4279990079783,1212.2553487718747,1213.8010858835632,1,1,0,0,0,0,INFY
2015-08-31,1207.125087693138,1208.9273570151788,1203.737171396362,1207.457562289254,1207.457562289254,3525427,1215.8420481047747,1213.7249795664998,1202.4570716281014,1211.668034385841,1213.5766936494963,1,1,0,1,0,0,INFY
2015-09-01,1209.3308670943131,1212.2097850007406,1207.840162017038,1207.8313435101988,1207.8313435101988,4700324,1215.8984679144558,1213.586657451108,1202.4879582481135,1210.719886459134,1213.3026470829052,1,1,0,1,0,0,INFY
2015-09-02,1214.3948099431009,1218.0445045062202,1212.6171298785102,1214.879064338052,1214.879064338052,4302907,1215.833444740463,1213.7046401314446,1202.5587645686273,1210.0118656778213,1213.0975382177028,0,0,0,1,0,0,INFY
2015-09-03,1209.4567453132136,1210.8067799982769,1207.6002993630757,1209.2620280764588,1209.2620280764588,1623017,1215.4043567158064,1213.6263824692926,1202.5968512931036,1209.0417204009875,1212.7996243946545,1,0,0,0,0,0,INFY
2015-09-04,1213.032904841548,1214.402981099228,1211.4237682030505,1213.0202394787848,1213.0202394787848,2986234,1214.788163974172,1213.5941459869998,1202.6557404918929,1208.5457953596806,1212.4707059918126,1,1,0,1,0,0,INFY
2015-09-07,1214.346174164868,1217.0812605955175,1213.756048253044,1213.4516245768768,1213.4516245768768,1002189,1214.0034756496932,1213.4587040461574,1202.716391526078,1208.863828475186,1212.169666020891,1,0,0,1,0,0,INFY
2015-09-08,1210.2130840762622,1213.187910187355,1210.170506719415,1210.2461784125874,1210.2461784125874,2449397,1213.1522206613906,1213.231970826258,1202.7584573746062,1209.203961804274,1211.845021417636,1,1,0,0,0,0,INFY
2015-09-09,1213.6014246405282,1214.8962873267844,1209.6514555071828,1213.679304561723,1213.679304561723,1328057,1212.6320835377678,1213.0246842679267,1202.819128747868,1209.8769597594285,1211.6633695104094,1,0,0,1,0,0,INFY
2015-09-10,1209.0287097148637,1209.0785574235028,1208.3183293577824,1209.7937601682806,1209.7937601682806,1932153,1211.9718767421116,1212.7520367099667,1202.8576626231188,1210.2415661149164,1211.4781022134969,1,1,0,0,0,0,INFY
2015-09-11,1214.7888609174302,1219.0806368839128,1212.2165903026084,1213.0850785799807,1213.0850785799807,1133072,1211.7629835855473,1212.4444861960676,1202.9138572162883,1211.2706183992198,1211.2985539640522,1,0,0,1,0,0,INFY
2015-09-14,1215.248816007908,1215.6379940477625,1214.203099066793,1216.027528470359,1216.027528470359,2198924,1211.8978247015855,1212.1944600219972,1202.9855166220484,1212.1276150173303,1211.2396774299787,1,1,0,1,0,0,INFY
2015-09-15,1212.876815731875,1212.9869781168768,1211.2579610871464,1213.4150427261134,1213.4150427261134,4867778,1211.7029356990276,1211.9297165103644,1203.0421988291355,1212.6859849389216,1211.1878543001176,1,1,0,0,0,0,INFY
2015-09-16,1213.071437072362,1215.8763167039483,1211.58054616701,1212.169508668095,1212.169508668095,2854276,1211.2134475248736,1211.7405453986694,1203.0915356390758,1212.4150293719258,1211.1584974192488,1,0,0,0,0,0,INFY
2015-09-17,1220.4792146188436,1223.9121890784545,1219.856871126009,1219.7812238042234,1219.7812238042234,1633180,1211.2543346728448,1211.6917006032631,1203.1812651453401,1213.4669489447024,1211.1573858704228,1,0,0,1,0,0,INFY
2015-09-18,1226.157245036375,1230.0733849235917,1222.27360205605,1225.8496143080863,1225.8496143080863,4788570,1211.6478408936566,1211.68293081601,1203.3024862638576,1214.7498864276326,1211.2425649212475,1,1,0,1,0,0,INFY
2015-09-21,1228.341632786967,1230.8926208735477,1226.7795287959684,1227.8176339521897,1227.8176339521897,4484192,1212.525157920175,1211.7751103838389,1203.432885985604,1216.1864873651639,1211.3041882426453,0,0,0,1,0,0,INFY
2015-09-22,1219.2570924357312,1221.21321528387,1217.1569796291735,1219.8690478222118,1219.8690478222118,2900292,1213.1763680552003,1211.8072012632954,1203.5198498048453,1217.1487743061264,1211.3753412361607,1,0,0,0,0,0,INFY
2015-09-23,1222.357482335014,1225.8534056662968,1219.4622679268257,1221.784317386757,1221.784317386757,4774101,1213.918117674029,1211.899864296464,1203.6159785815921,1217.9592755886297,1211.502400621688,1,1,0,1,0,0,INFY
2015-09-24,1231.3491032541774,1231.76319425879,1231.081794817593,1233.4335581371,1233.4335581371,1376683,1215.282410750214,1212.0694763986007,1203.7720915635582,1220.3232553855116,1211.7540148922817,1,0,0,1,0,0,INFY
2015-09-25,1232.0945018670757,1234.5415864067334,1230.5700355789102,1232.2570081804645,1232.2570081804645,3689220,1216.75553337239,1212.2294241821535,1203.9204505042712,1222.2404483455598,1212.0642844925565,1,1,0,0,0,0,INFY
2015-09-28,1241.741480406864,1242.0343468008284,1239.3359472159746,1242.0591867529597,1242.0591867529597,1799659,1218.485614595575,1212.4652154559735,1204.1180605366478,1224.84361417382,1212.4417965764185,1,0,0,1,0,0,INFY
2015-09-29,1244.0568046290186,1247.5807194538454,1242.4368887663406,1244.600339830232,1244.600339830232,4651443,1220.3240644115767,1212.8410625374947,1204.3267320793982,1227.9621438842319,1212.870592433399,1,1,0,1,0,0,INFY
2015-09-30,1241.373523853043,1241.8150995836584,1238.6597272069946,1241.558179495475,1241.558179495475,2870666,1221.658020169448,1213.2073539877852,1204.517662578968,1230.90101096697,1213.2924613770701,1,0,0,0,0,0,INFY
2015-10-01,1233.2960542538317,1236.1729908693044,1233.053784026146,1232.3631841233553,1232.3631841233553,2697496,1222.8130779717928,1213.429862691295,1204.6597315664392,1232.159206998883,1213.4930180331376,0,0,0,0,0,0,INFY
2015-10-02,1229.9233972247573,1230.5099432321845,1229.4568076539338,1231.4173645789588,1231.4173645789588,1189129,1223.7329342268015,1213.7102448965338,1204.795557114726,1232.7159820259703,1213.707750743244,1,0,0,0,0,0,INFY
2015-10-05,1234.0634014334637,1234.9606382749373,1233.1366400422096,1235.124156873345,1235.124156873345,4508832,1224.8165608416248,1213.9774746016594,1204.9487318609818,1233.446634318086,1213.9532095106965,1,1,0,1,0,0,INFY
2015-10-06,1229.2076001132434,1229.6988004752502,1227.7994464723497,1229.2367259239631,1229.2367259239631,2795348,1225.7660882171936,1214.1874255437501,1205.0707820824039,1234.383402128261,1214.0193594969046,1,0,0,0,0,0,INFY
2015-10-07,1226.2570541848409,1227.1190397613118,1225.5566289223534,1225.2644787096372,1225.2644787096372,4234603,1226.3453469245894,1214.379256418619,1205.17175056554,1234.7314182605492,1213.9681218491453,1,1,0,0,0,0,INFY
2015-10-08,1226.3907762837243,1228.6788270567804,1226.0466827164366,1225.9759485259187,1225.9759485259187,4635945,1227.1544563424713,1214.4874378387144,1205.2752540379797,1233.9856572994308,1213.9834049830897,0,1,0,1,0,0,INFY
2015-10-09,1229.099649374043,1230.17486096885,1226.2070234675198,1229.6296132730902,1229.6296132730902,3454310,1227.9816830771267,1214.666402863116,1205.395820172807,1233.7229178086934,1214.1683580970691,1,0,0,1,0,0,INFY
2015-10-12,1239.7781969395878,1241.2846666611806,1239.1857047016065,1242.1933763098205,1242.1933763098205,2555525,1229.2899754691,1214.9848857005584,1205.5770889222504,1233.7363367643798,1214.5040532589132,1,0,0,1,0,0,INFY
2015-10-13,1244.094324677379,1245.7887143558294,1241.4225814015492,1244.7718573131708,1244.7718573131708,2538934,1230.8578161984528,1215.2410904549938,1205.769220139853,1233.7534885126736,1214.822264338179,0,0,0,1,0,0,INFY
2015-10-14,1244.0655872277732,1244.9567775093003,1241.199569723229,1242.3255675853875,1242.3255675853875,4667532,1232.3656191443174,1215.406318771166,1205.9475437859287,1233.8302273216646,1215.2571393967985,1,1,0,0,0,0,INFY
2015-10-15,1250.7688172473518,1251.5518342036262,1250.5964442682491,1251.9816836283742,1251.9816836283742,4302020,1233.9756421355248,1215.7457183980198,1206.171010484193,1235.7920772721668,1215.9179624957465,0,0,0,1,0,0,INFY
2015-10-16,1251.919028086251,1252.3222985582213,1251.0830187837546,1251.690541815544,1251.690541815544,1995164,1235.2676885108976,1216.1948735491558,1206.3909116017358,1237.8193949958252,1216.5107248174224,1,0,0,0,0,0,INFY
2015-10-19,1250.299137346154,1252.5867634229637,1245.4334885422115,1250.353137702038,1250.353137702038,4304158,1236.3944636983902,1216.6115847807876,1206.6022684579873,1239.3422930786942,1217.0961936422846,1,1,0,0,0,0,INFY
2015-10-20,1240.519260202209,1240.544540503077,1239.665503769946,1239.9120422222986,1239.9120422222986,3414362,1237.3966134183945,1216.8491599789634,1206.7616453659505,1240.409824708528,1217.5763800556458,1,0,0,0,0,0,INFY
2015-10-21,1238.4156545237247,1239.1296157854383,1237.145896561684,1238.988308882292,1238.988308882292,1450599,1238.2568129931713,1217.2151396126303,1206.9151056684093,1241.7822077257933,1218.03587896957,1,0,0,0,0,0,INFY
2015-10-22,1232.4811115881537,1233.7185083167058,1230.678491860731,1230.3303297897307,1230.3303297897307,1760054,1238.1016515758029,1217.5640193449112,1207.0260782945766,1242.2176458521747,1218.3323404845364,1,1,0,0,0,0,INFY
2015-10-23,1233.5777038153424,1234.0567102741145,1230.5262211855568,1232.03432634064,1232.03432634064,3844699,1238.0905174838115,1217.8740313280462,1207.1440417287563,1242.4581171589298,1218.6978731703227,1,1,0,1,0,0,INFY
2015-10-26,1240.636254173482,1241.494293893005,1240.6237402554202,1238.5992084683824,1238.5992084683824,1672843,1237.9175185695826,1218.2759842359335,1207.2917185679094,1242.0987003747857,1219.126825354905,1,0,0,1,0,0,INFY
2015-10-27,1242.8457410051096,1244.2336688870653,1241.6955145522106,1243.2000792919384,1243.2000792919384,4422351,1237.8475055426682,1218.7672594618302,1207.459514646059,1241.9415225726627,1219.590892360137,1,1,0,1,0,0,INFY
2015-10-28,1242.067659310092,1242.5722936599327,1239.3905027635649,1242.5964852384366,1242.5964852384366,4064645,1237.899420829816,1219.243141898086,1207.6229424162561,1241.9686143379677,1220.126243205872,0,0,0,0,0,0,INFY
2015-10-29,1244.3630518008829,1245.9181509251891,1242.7895190308177,1244.827753135177,1244.827753135177,3930931,1238.5226492804072,1219.702292360185,1207.7951869103251,1241.2532212886476,1220.7731524182877,0,0,0,1,0,0,INFY
2015-10-30,1259.053107049683,1259.9871484518158,1256.4404079521069,1257.210559980486,1257.210559980486,3889767,1239.8123090504837,1220.3596821736078,1208.0229075235518,1241.805223105142,1221.624741617028,0,0,0,1,0,0,INFY
2015-11-02,1258.421456708602,1263.2853009236276,1257.3036725201562,1258.980417113847,1258.980417113847,2304657,1241.0051220625087,1221.016589954722,1208.2566575675437,1242.667951046323,1222.5678905873242,1,0,0,1,0,0,INFY
2015-11-03,1258.1415365206992,1259.1364451142383,1257.9478222981663,1257.324851293657,1257.324851293657,1481486,1242.4095283309932,1221.6282124221484,1208.4807132466588,1244.4092319534589,1223.4896075344236,1,0,0,0,0,0,INFY
2015-11-04,1252.0824233580292,1253.1855006011715,1251.6857544278855,1252.743757487695,1252.743757487695,3486038,1243.7834922698962,1222.2569447431408,1208.6819089022997,1245.784776813999,1224.3025789880037,1,1,0,0,0,0,INFY
2015-11-05,1246.270150406223,1246.388778853897,1245.116698917537,1246.7116734128565,1246.7116734128565,4283244,1244.820278514243,1222.8869711332513,1208.8539892847004,1247.4229111763118,1224.9004706347735,1,1,0,0,0,0,INFY
2015-11-06,1238.5003840167526,1239.7849718483708,1237.11201363878,1237.966203238863,1237.966203238863,2772325,1245.2371080125317,1223.4447815478002,1208.985125383593,1248.016098866134,1225.274262466016,1,0,0,0,0,0,INFY
2015-11-09,1235.0596650226937,1235.5561221328912,1232.4718618731,1234.7251495056596,1234.7251495056596,4765645,1244.8636966723238,1224.0257928623505,1209.1005515007323,1247.6286929698615,1225.6977502222671,1,1,0,0,0,0,INFY
2015-11-10,1230.6400132627627,1231.986134254001,1230.1856721084737,1229.9394196949677,1229.9394196949677,3735140,1244.1220747914135,1224.5475846052727,1209.1935821623138,1246.3026270101645,1226.005134376325,1,0,0,0,0,0,INFY
2015-11-11,1230.4240561332365,1232.3123325304578,1229.9751950232126,1230.5372281417594,1230.5372281417594,1740582,1243.532657819232,1225.0321637261798,1209.2884428111113,1245.0967013004968,1226.3944626548678,1,0,0,1,0,0,INFY
2015-11-12,1231.9595386762264,1234.9071017959216,1229.8215464922334,1232.5598628437187,1232.5598628437187,2648872,1242.5615667799996,1225.4157895129124,1209.3914136962112,1243.869912271351,1226.8907326240405,1,1,0,1,0,0,INFY
2015-11-13,1238.4126441290755,1239.7928099400222,1238.0340766314712,1237.9639771232794,1237.9639771232794,4727584,1241.8752385453863,1225.7661915282572,1209.5172840196788,1241.9452539856302,1227.4437573564894,1,1,0,1,0,0,INFY
2015-11-16,1229.9698866706497,1234.7660708445658,1228.4351553474903,1230.9703304781376,1230.9703304781376,1944251,1240.906098184191,1226.1162760618986,1209.611376328707,1239.1442453220593,1227.7754849783885,1,0,0,0,0,0,INFY
2015-11-17,1227.360806777029,1231.2444408653205,1226.8577597378685,1227.596824754476,1227.596824754476,3302115,1240.2903373108,1226.3751662695718,1209.689915404802,1236.1714426681415,1228.0540700108936,1,1,0,0,0,0,INFY
2015-11-18,1230.50304448448,1235.973046327721,1229.7651414386526,1229.994198670454,1229.994198670454,2266248,1239.8406318002083,1226.7333736623143,1209.7781948972613,1233.8964867864172,1228.238265622261,1,0,0,1,0,0,INFY
2015-11-19,1242.8465804504683,1244.1328309689025,1242.369130926546,1242.848633494546,1242.848633494546,3570383,1240.4665469854488,1227.3272363915491,1209.921356969111,1233.510182794586,1228.5716635545937,1,1,0,1,0,0,INFY
2015-11-20,1241.7353924618665,1241.854349661933,1240.539659370568,1242.836511358612,1242.836511358612,2742362,1241.0066562363475,1227.9066037561618,1210.063232634583,1233.997213606561,1228.804895781889,1,0,0,0,0,0,INFY
2015-11-23,1231.1855329700834,1232.500730017457,1228.1722145406632,1230.778142331229,1230.778142331229,2496101,1240.6156029294898,1228.2151960498556,1210.1521378264142,1233.602512889118,1228.8266657987526,0,0,0,0,0,0,INFY
2015-11-24,1222.6932682329198,1223.6525591093975,1219.8287025465802,1224.0967871386338,1224.0967871386338,3441472,1239.6604383218246,1228.432619047631,1210.2117303448424,1233.0182496334844,1228.7843392515524,1,1,0,0,0,0,INFY
2015-11-25,1227.668518248312,1229.310175708654,1225.694087808683,1227.1778693260892,1227.1778693260892,4061133,1238.8895075262074,1228.5700983164836,1210.2839266809328,1232.6823137519175,1228.8256168821115,1,1,0,1,0,0,INFY
2015-11-26,1222.2930624083567,1226.348753690507,1219.816607508268,1221.6749698677052,1221.6749698677052,2928059,1237.7318683628337,1228.6179880827099,1210.33219381308,1231.5938244543163,1228.8079778659287,1,0,0,0,0,0,INFY
2015-11-27,1219.5184618401763,1219.8160455588868,1218.0897102738843,1219.9104485120038,1219.9104485120038,4248168,1235.8668627894097,1228.5500675102166,1210.3726083898687,1229.7884715931887,1228.843277956605,1,1,0,0,0,0,INFY
2015-11-30,1216.3896722920274,1219.020497570438,1216.2351538766936,1217.014184843925,1217.014184843925,4630312,1233.7685511759132,1228.398427432435,1210.4005141732891,1228.3928570297674,1228.892391005863,0,1,0,0,0,0,INFY
2015-12-01,1211.653260408381,1213.6399332001624,1211.097510775378,1210.7298902392909,1210.7298902392909,3892595,1231.4388031231952,1228.1916600831933,1210.4018923158249,1226.7061635782488,1228.8046185720232,1,0,0,0,0,0,INFY
2015-12-02,1211.9954400746817,1212.9892891218572,1211.5251972116023,1210.5048944265948,1210.5048944265948,1301063,1229.32685997014,1228.0219456755983,1210.4023214912863,1224.757233153863,1228.6518935356955,1,0,0,0,0,0,INFY
2015-12-03,1214.641407346639,1218.8014883513686,1212.1873785891023,1214.5433609758002,1214.5433609758002,4403807,1227.7184443482872,1227.9162639867784,1210.4195042277368,1221.9267059019883,1228.5929586041088,1,1,0,1,0,0,INFY
2015-12-04,1208.5892680989302,1211.0418566202711,1208.202942757261,1208.9214327585198,1208.9214327585198,3658253,1226.2662058242702,1227.8119951248689,1210.4133138497646,1218.5351980419794,1228.4721845089978,1,0,0,0,0,0,INFY
2015-12-07,1200.3118614357195,1201.0848934045275,1199.316605586248,1200.0106967630988,1200.0106967630988,3125014,1224.530483187142,1227.6454950075379,1210.3705047259514,1215.458453485166,1228.335376553548,1,0,0,0,0,0,INFY
2015-12-08,1204.9646052928003,1208.150432079104,1201.2719539486768,1206.9565844485878,1206.9565844485878,3366144,1223.381341424823,1227.5160420284294,1210.3565132494048,1213.7444332161617,1228.3368664112397,0,1,0,1,0,0,INFY
2015-12-09,1213.2945678436447,1217.3275482658305,1209.0571752956178,1211.6715569225337,1211.6715569225337,1582868,1222.4380578638616,1227.3874455880714,1210.361880774601,1212.193801975806,1228.3998295034046,1,0,0,1,0,0,INFY
2015-12-10,1208.2539230321397,1210.2338613740455,1207.5090303831605,1208.0073315919194,1208.0073315919194,2391188,1221.210431301272,1227.2504937224103,1210.3523094364602,1210.8270381482275,1228.4246246364514,1,1,0,0,0,0,INFY
2015-12-11,1212.4260895484351,1212.853725378552,1209.330467872081,1212.4463941801075,1212.4463941801075,1612036,1219.9345521541131,1227.1813300260135,1210.3607875123453,1210.0806327150378,1228.5533158156936,1,0,0,1,0,0,INFY
2015-12-14,1217.073855830665,1218.3430998110157,1215.074687209624,1215.4671523924535,1215.4671523924535,4639851,1219.159393249829,1227.2462782631462,1210.3813776933137,1209.9259294698907,1228.6601103504029,1,1,0,1,0,0,INFY
2015-12-15,1215.8566533975998,1218.988545163936,1213.9476821702383,1214.0575043427789,1214.0575043427789,1022070,1218.482427229244,1227.3364365034097,1210.3961412541546,1210.2586908802396,1228.7431258281706,1,0,0,0,0,0,INFY
2015-12-16,1212.213759447529,1213.1234249357972,1211.112168646271,1212.847101166302,1212.847101166302,4834558,1217.6250723540365,1227.4101587053613,1210.4059450938034,1210.4929115542102,1228.7160329858807,1,1,0,0,0,0,INFY
2015-12-17,1211.1411515996745,1212.2900167304665,1208.8960149928084,1211.13425660419,1211.13425660419,4236068,1216.0393535095186,1227.4724907052462,1210.408846733287,1210.1520011170492,1228.7409960329169,1,0,0,0,0,0,INFY
2015-12-18,1209.0467530647934,1211.65352318264,1208.0314546560687,1209.6250240199104,1209.6250240199104,4600131,1214.3787791425837,1227.557871558783,1210.405736325694,1210.2223602431882,1228.6957264934654,0,1,0,0,0,0,INFY
2015-12-21,1216.5922735139466,1218.211341144768,1212.5718257298124,1217.7355395843128,1217.7355395843128,1155575,1213.7266490052377,1227.6863462749714,1210.434707880076,1211.9948445253096,1228.7528453602313,1,0,0,1,0,0,INFY
2015-12-22,1225.7381091950665,1228.5594257702385,1224.4606336629397,1228.189363085179,1228.189363085179,4494503,1213.931277802565,1227.9408215196586,1210.5046080974191,1214.1181223889687,1228.9920878225325,1,1,0,1,0,0,INFY
2015-12-23,1236.35784975737,1238.4266837065477,1236.1280676040135,1234.779394184884,1234.779394184884,2420901,1214.3113540455047,1228.189575642744,1210.5998033369776,1216.4289061152037,1229.2734223508412,1,0,0,1,0,0,INFY
2015-12-24,1227.0939798656475,1228.7109983790392,1224.948918743628,1229.4018232032367,1229.4018232032367,2069126,1214.6976967122814,1228.4413230818286,1210.6732487270804,1218.5683552763355,1229.5348631913073,1,0,0,0,0,0,INFY
2015-12-25,1231.3836900972572,1232.412520791138,1229.6844729593297,1230.6976077747177,1230.6976077747177,2265054,1215.237054675417,1228.662290185528,1210.75116452104,1220.3934766357966,1229.7696969139038,0,1,0,1,0,0,INFY
2015-12-28,1231.3783644037755,1232.8477984495566,1229.1002515318892,1230.928703708183,1230.928703708183,1289146,1215.93278061863,1228.8807536746694,1210.8293720372692,1221.9396317673695,1229.9683792504081,1,0,0,1,0,0,INFY
2015-12-29,1225.3394093199067,1227.6261290937157,1222.487433396489,1226.1720407989235,1226.1720407989235,2715742,1216.7048881466117,1229.0798269544985,1210.888610140596,1223.151085412984,1230.1384725580456,1,1,0,0,0,0,INFY
2015-12-30,1221.677697887753,1222.61729129262,1219.884958760249,1223.887646909971,1223.887646909971,4244445,1217.3740257707805,1229.2074312338516,1210.9386064358628,1224.2551399873507,1230.2947144012705,1,1,0,0,0,0,INFY
2015-12-31,1226.4755605949763,1229.6154677800348,1226.121941730938,1226.152063085745,1226.152063085745,4438587,1217.9544608762776,1229.41191002032,1211.017597540763,1225.7569206355063,1230.3796589250242,0,1,0,1,0,0,INFY
2016-01-01,1219.7190025636228,1223.784900525291,1219.239997977086,1221.138271187565,1221.138271187565,1981171,1218.56530279773,1229.5125749279146,1211.0870372773657,1226.908245352272,1230.3168410167505,1,0,0,0,0,0,INFY
2016-01-04,1226.5900139231896,1229.6797117248168,1223.1126993735008,1225.9682907205813,1225.9682907205813,1736647,1219.8631824956042,1229.6368344560426,1211.187166074976,1227.7315204658985,1230.292183106996,1,0,0,1,0,0,INFY
2016-01-05,1228.2597372316416,1228.7421162910068,1227.61817833395,1229.7865431404423,1229.7865431404423,3392454,1221.004680430197,1229.8414782112216,1211.297958016034,1227.891238471425,1230.4244163779056,1,1,0,1,0,0,INFY
2016-01-06,1227.5800445886516,1228.8354901029163,1226.5504592744462,1226.9323714617556,1226.9323714617556,2751504,1221.767721157158,1230.0260139961424,1211.4216632294167,1227.106536199112,1230.4930570989056,1,0,0,0,0,0,INFY
2016-01-07,1230.2746811558015,1231.5248879346598,1227.8881765305416,1228.8223243212267,1228.8223243212267,4773893,1222.8084707936232,1230.1390277526048,1211.5576385474787,1227.048586310911,1230.4315739813605,1,1,0,1,0,0,INFY
2016-01-08,1234.798759034192,1236.5717326668976,1233.0629786946042,1235.5265751155043,1235.5265751155043,1424330,1223.9624798403931,1230.2599897626974,1211.7547336601203,1227.53148304499,1230.475168207161,1,0,0,1,0,0,INFY
2016-01-11,1238.574283666382,1240.9585125761846,1236.9449684309668,1240.0535275657844,1240.0535275657844,3843496,1225.1917985990597,1230.4129384328676,1211.9727195753994,1228.44396543075,1230.4484260846655,1,1,0,1,0,0,INFY
2016-01-12,1235.663600482245,1238.6657429917582,1234.4396341276197,1235.7954088335914,1235.7954088335914,2746069,1226.2786938236004,1230.6120179455097,1212.1902263131963,1229.4063022342166,1230.33102700471,1,0,0,0,0,0,INFY
2016-01-13,1238.3411783848676,1241.186488879797,1236.891880982355,1238.947743837668,1238.947743837668,1754688,1227.5837259571686,1230.8265607761462,1212.3987051065603,1230.9123119269864,1230.2962211959396,1,0,0,1,0,0,INFY
2016-01-14,1239.7040178804257,1242.2656005336569,1237.5909416424847,1240.3256792558018,1240.3256792558018,2177731,1229.0432970897493,1230.9127122901298,1212.61570626096,1232.3296735439922,1230.4023877977054,1,1,0,1,0,0,INFY
2016-01-15,1233.323989901137,1233.6936966020207,1232.984483191358,1234.5647936659657,1234.5647936659657,2488723,1230.290285572052,1230.9415596086988,1212.8197443385234,1233.6723257918322,1230.4443535188655,1,1,0,0,0,0,INFY
2016-01-18,1243.7806579224136,1245.3625090978817,1243.420380179029,1244.493650535398,1244.493650535398,4612678,1231.6281911196063,1230.971990405979,1213.0450589913921,1235.524861773314,1230.5692801010262,1,1,0,1,0,0,INFY
2016-01-19,1241.0318388630835,1243.0237540092658,1240.5947411184625,1242.3875226110702,1242.3875226110702,4290489,1232.3380990959008,1230.9443301907395,1213.2874939093697,1236.7849597203767,1230.7446240568543,0,0,0,0,0,0,INFY
2016-01-20,1251.7412216648436,1255.697331292832,1250.6300483326631,1253.819832158693,1253.819832158693,2007922,1233.2901209945912,1231.09760084903,1213.5777760716092,1239.4737057900702,1231.1253621028418,1,0,0,1,0,0,INFY
2016-01-21,1251.0154896173412,1251.5490413159737,1247.697446614187,1251.8201504727356,1251.8201504727356,2621066,1234.4110373580663,1231.340812928397,1213.8588787396654,1241.7734884052213,1231.4699514621325,1,1,0,0,0,0,INFY
2016-01-22,1246.8878268527574,1247.0858631177182,1245.7092985454235,1247.5097172489448,1247.5097172489448,2821839,1235.2516428317774,1231.541967336772,1214.123696580624,1242.971802618565,1231.7083528484773,0,1,0,0,0,0,INFY
2016-01-25,1243.649080544,1245.3358267103574,1243.1022023385524,1244.5340775199445,1244.5340775199445,2239645,1235.9319115223657,1231.6595913448543,1214.3632155249963,1243.4198576139813,1231.7395621979456,1,0,0,0,0,0,INFY
2016-01-26,1245.3488006983132,1246.3606597684868,1244.236962073972,1244.351156388812,1244.351156388812,2785078,1236.84086730186,1231.8485217256653,1214.620720795028,1244.2754323695033,1231.7339528522875,1,1,0,0,0,0,INFY
2016-01-27,1247.7337712018714,1248.8339272423414,1247.011380922729,1245.8057740303384,1245.8057740303384,4971839,1237.9367736578783,1232.1052879171739,1214.9208172865128,1244.9612353887703,1231.7803556048868,1,1,0,1,0,0,INFY
2016-01-28,1242.3058319038792,1243.6576159236072,1237.5203972695172,1242.3152579429643,1242.3152579429643,4234449,1238.7449334007395,1232.3095292848868,1215.2203054713855,1245.1601932574865,1231.6514699290813,1,0,0,0,0,0,INFY
2016-01-29,1247.1452819752226,1251.1443359535206,1247.1226907025798,1244.7101348842448,1244.7101348842448,3217648,1239.9235265855734,1232.4980358050263,1215.5389847944223,1246.1747273793146,1231.5583978366642,1,0,0,1,0,0,INFY
2016-02-01,1239.54526780701,1243.3733041584048,1236.6261215360748,1238.5856507500912,1238.5856507500912,3328568,1240.5543945870488,1232.4529392355296,1215.837807969003,1245.5839274007838,1231.401498010638,0,1,0,0,0,0,INFY
2016-02-02,1242.8798053868338,1243.3620693007367,1242.8679739988738,1243.0454111586748,1243.0454111586748,2734959,1241.2173379879603,1232.4313586585984,1216.094800661455,1245.6497162555445,1231.4432762631232,1,0,0,1,0,0,INFY
2016-02-03,1244.3932141081032,1245.3974244243846,1241.103173083028,1243.843047604224,1243.843047604224,1891459,1242.062871795084,1232.450327158834,1216.3334667348033,1244.6520378000973,1231.508006112749,1,0,0,1,0,0,INFY
2016-02-04,1250.0914415035295,1251.060102988208,1249.1867545253776,1250.872624331066,1250.872624331066,4427932,1243.165386795576,1232.4364639176176,1216.601347772185,1244.5572851859304,1231.7819033733,1,1,0,1,0,0,INFY
2016-02-05,1243.8100393089328,1244.107915331274,1241.6330661594411,1244.492831927951,1244.492831927951,2555205,1243.6136996361981,1232.3464925440226,1216.8477772704607,1244.2555966538312,1231.9480167811307,1,0,0,0,0,0,INFY
2016-02-08,1248.2606248846052,1250.5721930565958,1246.9216773182789,1248.4959099644493,1248.4959099644493,3830721,1244.0358187561314,1232.323277197303,1217.1278697322557,1244.6517798982818,1232.0799728010786,1,1,0,1,0,0,INFY
2016-02-09,1241.334540251289,1245.1989451485383,1238.9927519243065,1241.3240348672175,1241.3240348672175,3713770,1244.3122500578127,1232.3409271053642,1217.4015014806137,1244.349067746122,1232.0549588754154,0,0,0,0,0,0,INFY
2016-02-10,1234.7047356966807,1235.9707145253535,1232.906744176952,1235.6999218522812,1235.6999218522812,3845594,1244.1498589585433,1232.2998222674892,1217.673549029974,1243.3384825283165,1231.9630046969335,0,1,0,0,0,0,INFY
2016-02-11,1234.7164252568073,1237.8813814990738,1234.5278360686043,1235.033601762222,1235.033601762222,4676609,1243.8852550838644,1232.3586131671452,1217.9425721423574,1242.610316910242,1231.8324160119605,1,1,0,0,0,0,INFY
2016-02-12,1230.4917662659698,1231.973314942466,1227.297036833355,1230.096409567844,1230.096409567844,4518576,1243.6618358789583,1232.3343892074854,1218.1833000172358,1241.1489443786022,1231.4708940064588,0,0,0,0,0,0,INFY
2016-02-15,1235.0688661041895,1236.2390525332414,1232.4506325238187,1234.8822893968957,1234.8822893968957,1118590,1243.1812678220333,1232.2879277190918,1218.435493068604,1240.7786082432826,1231.1495856368995,1,0,0,1,0,0,INFY
2016-02-16,1238.5851169564737,1240.5228153638996,1237.0153401199657,1237.6523110147084,1237.6523110147084,3471570,1242.9445072422152,1232.2185806156263,1218.6685528871744,1240.239298228886,1230.8872850998468,1,1,0,1,0,0,INFY
2016-02-17,1232.2024466115793,1233.793779944638,1232.1978179764362,1232.5375890951234,1232.5375890951234,1766022,1241.8803950890367,1232.0928444138349,1218.877750081223,1239.1087523779759,1230.617869521279,1,0,0,0,0,0,INFY
2016-02-18,1226.9909635305369,1228.96553077795,1226.8540490904966,1226.2969791803976,1226.2969791803976,4979171,1240.6042365244198,1231.8612097394002,1219.0592039682222,1236.651187862909,1230.3456735981797,1,1,0,0,0,0,INFY
2016-02-19,1230.8707485745892,1233.599663904505,1229.725258281668,1229.7488083541052,1229.7488083541052,4818783,1239.7161910796779,1231.5179378440705,1219.2622742558929,1235.1767855055245,1230.2361083330495,0,0,0,1,0,0,INFY
2016-02-22,1231.815082143776,1232.2034104923464,1231.135171344783,1232.2884128543549,1232.2884128543549,1302700,1239.1039078463984,1231.1842877908268,1219.476299581648,1233.5560357945149,1230.2036185110321,1,0,0,1,0,0,INFY
2016-02-23,1230.6901876367497,1231.0756029971149,1227.4924764275888,1232.4693968766687,1232.4693968766687,2031528,1238.509819870791,1230.8735946106144,1219.6861685627855,1232.6705719954603,1230.2373515401214,1,1,0,1,0,0,INFY
2016-02-24,1216.8184155649058,1217.8060188118068,1216.1858721319911,1216.8926108947892,1216.8926108947892,1931169,1237.0641617140136,1230.4254552782031,1219.8606494648332,1230.789840899711,1230.055423310162,0,0,0,0,0,0,INFY
2016-02-25,1220.2989410885025,1223.2756380125093,1218.216062604025,1220.1405610923275,1220.1405610923275,3078938,1235.9554268714817,1230.0933163741965,1220.0522074949643,1229.3005368327215,1229.8898326201434,1,1,0,1,0,0,INFY
2016-02-26,1220.407194862176,1222.8543907786511,1219.061424869156,1220.766872068369,1220.766872068369,2815720,1234.758263730688,1229.8783247345652,1220.2012606417666,1228.3675830827738,1229.660537886078,0,0,0,1,0,0,INFY
2016-02-29,1216.913367794007,1218.892801546055,1216.7819582330435,1216.08645766191,1216.08645766191,4460387,1233.6333040762788,1229.6453410865183,1220.3729636537191,1226.4879999092755,1229.4620862485283,1,1,0,0,0,0,INFY
2016-03-01,1211.4435320087543,1213.198300676245,1211.196847532364,1210.95338923894,1210.95338923894,4109215,1232.0287029802923,1229.4080157058181,1220.5275759898745,1223.8181077316985,1229.2401737749876,0,0,0,0,0,0,INFY
2016-03-02,1214.633255511669,1217.1814178162788,1212.5228118350617,1213.4924728077615,1213.4924728077615,4117383,1230.511174240469,1229.1949562641432,1220.7128080350096,1221.9135961029624,1229.0201507634852,0,1,0,1,0,0,INFY
2016-03-03,1210.6370757771765,1214.3718153050384,1206.8960879155509,1211.3072011435172,1211.3072011435172,4573895,1228.5329030810915,1228.9292979928907,1220.8822925996417,1220.4146182992743,1228.5995983321382,1,1,0,0,0,0,INFY
2016-03-04,1209.963020316851,1213.9861791628994,1206.4946778852482,1209.5842876911845,1209.5842876911845,3514897,1226.7874758692533,1228.5745518749895,1221.0479565486519,1218.398166232982,1228.1562353499057,1,0,0,0,0,0,INFY
2016-03-07,1212.9254356182523,1214.7575603464254,1212.4024222838768,1213.236901222895,1213.236901222895,2741289,1225.0245254321758,1228.352884009299,1221.223054843962,1216.4930150698362,1227.9223521351278,1,0,0,1,0,0,INFY
2016-03-08,1212.1719787805985,1214.2083730511304,1211.834905118597,1213.8225384340988,1213.8225384340988,1845033,1223.6494506105196,1228.1807054302942,1221.4140589780866,1214.6283292255791,1227.785362152401,1,0,0,1,0,0,INFY
2016-03-09,1211.8073773888775,1213.0946444798217,1211.122692028967,1211.7880886194887,1211.7880886194887,1409731,1222.45385894888,1227.9531290546572,1221.5826639411464,1214.1178769980493,1227.5801650763128,1,0,0,0,0,0,INFY
2016-03-10,1207.0526395999625,1210.5230323121796,1206.7030577562546,1207.7691778951937,1207.7691778951937,3803201,1221.0906377555286,1227.5146358596653,1221.7001117449367,1212.880738678336,1227.3947545166793,1,1,0,0,0,0,INFY
2016-03-11,1210.9368333097434,1211.7548855375794,1210.8545664076316,1212.0477814222074,1212.0477814222074,3199985,1220.1882063482467,1227.1297767354602,1221.831553187959,1212.0088296137196,1227.289918955482,1,0,0,1,0,0,INFY
2016-03-14,1210.3686487146367,1211.876630389435,1209.2463733078805,1211.9851524986757,1211.9851524986757,4528072,1219.043349503336,1226.894864362553,1221.948946836039,1211.5986990973963,1227.2228651908788,1,1,0,0,0,0,INFY
2016-03-15,1208.149087455238,1210.5201020426657,1207.611149601995,1206.8329528179063,1206.8329528179063,2232493,1217.5023815934958,1226.6790664335442,1222.0249125686828,1211.186655455293,1227.1709060252601,1,0,0,0,0,0,INFY
2016-03-16,1211.0450979229074,1213.0375050791172,1209.5184511266225,1211.6102463445152,1211.6102463445152,2050655,1216.456014455965,1226.4844711462745,1222.1028903766805,1210.9984328089681,1227.1856440508327,0,0,0,1,0,0,INFY
2016-03-17,1206.9178486117482,1208.6861800199963,1206.857117731104,1209.1975354939068,1209.1975354939068,2271234,1215.6010422716408,1226.328503216602,1222.1811076647102,1210.7874662440072,1227.1143663777407,1,1,0,0,0,0,INFY
2016-03-18,1213.5671400619667,1214.097474961168,1211.3639149310388,1212.3731458205734,1212.3731458205734,4844533,1214.7322591449642,1226.234286932959,1222.2588996895877,1211.0663520569462,1227.160389218568,1,1,0,1,0,0,INFY
2016-03-21,1213.3680386965902,1214.7621498999715,1210.3151949630062,1212.7278268897817,1212.7278268897817,2815202,1213.7542298467356,1226.1807074585324,1222.3007325249023,1211.0154446236347,1227.3299509535905,1,0,0,1,0,0,INFY
2016-03-22,1202.0437047634082,1202.1333354243147,1199.287387505573,1201.528871714005,1201.528871714005,1027948,1212.2072035886024,1226.0656947269663,1222.2965561389713,1209.7860779516254,1227.2575814504626,1,0,0,0,0,0,INFY
2016-03-23,1206.59004287864,1207.8823004760472,1206.5023659719086,1204.455844953936,1204.455844953936,1224386,1211.5853652915598,1225.990081608558,1222.2978162897016,1209.0528535850701,1227.161371957548,1,1,0,1,0,0,INFY
2016-03-24,1208.4524761187936,1209.851987235429,1207.4261162936189,1208.1092464556111,1208.1092464556111,1565118,1210.9837995597238,1225.9096551770558,1222.307109267377,1209.0868604411119,1227.1627308223972,1,1,0,1,0,0,INFY
2016-03-25,1212.1812647213203,1213.9301216104263,1205.8342435148063,1211.8701091220214,1211.8701091220214,1821310,1210.5389614124065,1225.9465136315994,1222.316833956613,1209.0690932110933,1227.1550470216227,1,1,0,1,0,0,INFY
2016-03-28,1201.0346779495053,1201.4889577379458,1199.992358767279,1201.258316018153,1201.258316018153,4020673,1209.7975543302186,1225.9621088722874,1222.2935790791053,1207.996409563041,1226.9655958699655,1,1,0,0,0,0,INFY
2016-03-29,1202.1199163145643,1202.1430795503625,1201.1930184359342,1202.4169051065262,1202.4169051065262,4737135,1209.370730123598,1225.9053628805118,1222.2784368491687,1207.554804791903,1226.8103878801487,1,1,0,1,0,0,INFY
2016-03-30,1207.352794226921,1208.115948428752,1202.9194476260714,1206.2141394764094,1206.2141394764094,4832705,1209.0068134570304,1225.8371451624353,1222.283365114462,1207.0151941050924,1226.7219483909503,0,1,0,1,0,0,INFY
2016-03-31,1205.5837261103366,1206.870613167559,1205.041839043545,1206.8961085056296,1206.8961085056296,2053171,1208.786258825136,1225.8232548738565,1222.2892950869852,1206.7850514062648,1226.6654397496359,1,0,0,1,0,0,INFY
2016-04-01,1208.3220430235194,1209.6567103215305,1207.3265625075817,1208.7111753254749,1208.7111753254749,4782619,1208.7426032068504,1225.7765646381738,1222.3108248655565,1206.4188543567548,1226.653255100377,1,1,0,1,0,0,INFY
2016-04-04,1208.990887362461,1211.6128608980882,1208.6544333455852,1209.0627079985366,1209.0627079985366,3091724,1208.5338935456325,1225.6965090832498,1222.3334910228332,1206.0523424676303,1226.5376173459,1,0,0,1,0,0,INFY
2016-04-05,1202.6713333851578,1205.600176686319,1201.3823392442416,1202.7802805396936,1202.7802805396936,4683179,1207.9817806509122,1225.5555437857113,1222.3356838456814,1206.1774833501993,1226.1988295786266,1,1,0,0,0,0,INFY
2016-04-06,1204.5820417562963,1205.388917098329,1203.0120013368544,1203.6380570634387,1203.6380570634387,2388685,1207.57427907311,1225.4404307344253,1222.3126527564111,1206.0957045611494,1225.7836117503407,1,0,0,1,0,0,INFY
2016-04-07,1192.0407535569277,1192.5781279565692,1191.8120745648378,1192.9303808308732,1192.9303808308732,1373488,1206.8323392198938,1225.212882287259,1222.2488180718624,1204.5778179986758,1225.2973258520426,1,0,0,0,0,0,INFY
2016-04-08,1193.6388254481408,1195.2614444821716,1193.422082277582,1193.1708992013191,1193.1708992013191,4259188,1205.8884951088494,1225.0072057270265,1222.178016434636,1202.7078970066054,1224.7969697377305,1,1,0,1,0,0,INFY
2016-04-11,1191.3222556330763,1192.0720468384134,1189.1079164225368,1190.7836136638166,1190.7836136638166,3597932,1204.8284181671065,1224.6703066530204,1222.0890790452327,1201.6604267711718,1224.2617018704723,1,0,0,0,0,0,INFY
2016-04-12,1187.5069550733947,1191.4322781677608,1186.647075681419,1187.6439401916984,1187.6439401916984,3899283,1203.868967535796,1224.1634888668518,1221.9903920352729,1200.1831302796888,1223.7479938623762,0,1,0,0,0,0,INFY
2016-04-13,1189.0092455025824,1191.784053024943,1188.0432575433176,1189.6799714408978,1189.6799714408978,1962566,1202.7724537906151,1223.5997460825522,1221.879618838602,1198.5297134761379,1223.2918915227883,1,0,0,1,0,0,INFY
2016-04-14,1192.766670734545,1193.3664133419095,1191.2312561059014,1191.6442644215244,1191.6442644215244,2056897,1201.894790236996,1223.1277765977807,1221.792371535049,1197.0045290677274,1222.831787540599,0,1,0,1,0,0,INFY
2016-04-15,1187.1702303722348,1188.9120641920763,1186.5326281763284,1187.0194201094157,1187.0194201094157,4385088,1200.6271039514381,1222.5817992519644,1221.6689185919463,1194.8353535461215,1222.3768695262236,1,1,0,0,0,0,INFY
2016-04-18,1195.663568945866,1196.6440132643886,1194.7417080471678,1193.9928713002969,1193.9928713002969,4115870,1199.690356171964,1222.1201013468658,1221.559462243794,1193.3283698762975,1221.9505306006197,0,0,0,1,0,0,INFY
2016-04-19,1196.781762234809,1197.1008063880704,1194.1173758848977,1198.6209244125864,1198.6209244125864,3494113,1199.544958806893,1221.7757123920367,1221.4770746048664,1192.9124342635869,1221.5349890175817,1,0,0,1,0,0,INFY
2016-04-20,1195.8794413891865,1197.91666975476,1195.0500214276833,1196.6226572594112,1196.6226572594112,2735556,1199.1532994221666,1221.4349000214047,1221.3782047154803,1192.2108942831842,1221.1308594948837,1,0,0,0,0,0,INFY
2016-04-21,1191.6479190517584,1192.3614118339074,1191.3339850575774,1190.4592146877765,1190.4592146877765,3528215,1198.2707978337749,1220.98873941643,1221.2639231669193,1191.9637776688742,1220.6193513664375,1,1,0,0,0,0,INFY
2016-04-22,1188.6667145500348,1189.570099815297,1186.260725942495,1188.5920743366464,1188.5920743366464,3160317,1197.1068960945063,1220.5819119557934,1221.1399930940404,1191.5058951824071,1219.9935580227195,1,0,0,0,0,0,INFY
2016-04-25,1191.192374654696,1192.348889647745,1189.3937889118956,1192.1071540130474,1192.1071540130474,4238067,1196.6493379942508,1220.1586477469493,1220.9925706824595,1191.6382492173302,1219.3542730420165,1,1,0,1,0,0,INFY
2016-04-26,1189.2548715781818,1192.1666931337045,1187.564311061613,1190.1140403134664,1190.1140403134664,3359564,1196.034194754598,1219.662741461612,1220.825240428317,1191.885259229507,1218.7451881284148,1,0,0,0,0,0,INFY
2016-04-27,1186.6397114771778,1186.901481947715,1184.487827994996,1188.3134123030163,1188.3134123030163,3157756,1195.1391583959285,1219.1800044721278,1220.656800519382,1191.7486033157188,1218.0700637079526,0,0,0,0,0,0,INFY
2016-04-28,1186.8583890339485,1187.3261203041543,1186.1239534319136,1186.2863044847345,1186.2863044847345,1947449,1194.1086681948836,1218.6483042241716,1220.4844146297962,1191.2128073220397,1217.3495387110052,1,0,0,0,0,0,INFY
2016-04-29,1186.039182374231,1187.4388811217675,1185.1554328116024,1186.081968196307,1186.081968196307,3974976,1192.9772078384253,1218.0302466376818,1220.308958130825,1191.119062130729,1216.7031010380763,1,1,0,0,0,0,INFY
2016-05-02,1181.7425406948478,1183.6825605598133,1180.9756690273384,1183.4732978178645,1183.4732978178645,2236339,1191.6977373293917,1217.3229937658327,1220.1359718856365,1190.0671047824858,1215.8894963351759,1,0,0,0,0,0,INFY
2016-05-03,1180.8024413513135,1182.3648695948666,1180.1701592459913,1181.3209165277196,1181.3209165277196,4462107,1190.6247691287929,1216.6420626120093,1219.9732251120827,1188.3371039939989,1215.0752749207313,1,1,0,0,0,0,INFY
2016-05-04,1186.4752564303706,1187.0681307723155,1185.0992179727411,1185.8976720714109,1185.8976720714109,1014070,1189.7377498791914,1215.978936714931,1219.823521104559,1187.264605475199,1214.1696461195675,1,0,0,1,0,0,INFY
2016-05-05,1180.5984392267978,1182.7456914818074,1178.6773228586585,1180.1599196792206,1180.1599196792206,4035430,1189.099226821609,1215.226864720224,1219.6703364698765,1186.2346759743432,1213.214176375654,1,1,0,0,0,0,INFY
2016-05-06,1190.6244394737462,1196.015539458675,1189.363667453139,1190.7701090706037,1190.7701090706037,1809812,1188.979187315073,1214.6794311627818,1219.5636499308869,1186.452479447739,1212.4576482666093,1,0,0,1,0,0,INFY
2016-05-09,1188.918861586555,1190.2830311178636,1187.3513373289647,1189.7694571985196,1189.7694571985196,1364179,1188.9284794918083,1213.9953787460709,1219.481154574598,1186.2187097662863,1211.7274533289904,1,0,0,0,0,0,INFY
2016-05-10,1197.6114732155395,1200.6208830726157,1196.9658166356326,1197.5855772975224,1197.5855772975224,4610609,1189.4255613470993,1213.4353544296516,1219.3991871305827,1186.965863464692,1211.1039122744398,1,1,0,1,0,0,INFY
2016-05-11,1189.0821132656497,1190.2136312831408,1188.9185711746038,1190.0875898551474,1190.0875898551474,2313762,1189.445942267812,1212.6387014008574,1219.340137668829,1187.143281219905,1210.361003152104,1,0,0,0,0,0,INFY
2016-05-12,1186.0717578596136,1187.2296774459244,1183.149601120061,1184.4188147073817,1184.4188147073817,3144189,1189.0846697821048,1211.7961847037902,1219.2205075675163,1186.9565322421697,1209.5890505756297,1,1,0,0,0,0,INFY
2016-05-13,1173.296172669553,1173.6366543301665,1171.8948954882665,1173.784696605955,1173.784696605955,3447932,1188.4229336069318,1210.874621945753,1219.0596827157617,1185.7268050831344,1208.6433780652524,0,1,0,0,0,0,INFY
2016-05-16,1180.7694174855428,1181.4903529643673,1180.2661992780172,1181.180531526327,1181.180531526327,1979636,1187.7823166182332,1210.0827026208328,1218.8938886837695,1185.497528453981,1207.8779764756023,1,0,0,1,0,0,INFY
2016-05-17,1183.5801168902194,1184.8347635090445,1183.2852506721974,1184.200802371225,1184.200802371225,4814240,1187.0613105161651,1209.330823195613,1218.7239500928722,1185.7855170383314,1207.0933816917698,1,1,0,1,0,0,INFY
2016-05-18,1187.7906331602733,1189.0764100472652,1186.5164920500338,1185.934531603947,1185.934531603947,2807022,1186.526904233392,1208.582432665283,1218.553458948163,1185.789202991585,1206.321268145099,1,0,0,1,0,0,INFY
2016-05-19,1183.7524820106764,1184.2234621387718,1182.3992128517468,1183.5946614653326,1183.5946614653326,2139410,1186.1836765722696,1207.8484252093126,1218.3688016276258,1186.1326771701963,1205.4242286402227,1,0,0,0,0,0,INFY
2016-05-20,1180.1217408625166,1180.554291618848,1177.7715110570198,1179.2736214218282,1179.2736214218282,3595154,1185.717753926529,1207.0304687910325,1218.1441266342792,1184.9830284053185,1204.5546391668079,1,1,0,0,0,0,INFY
2016-05-23,1173.686924448528,1175.3965031418657,1173.2115744770244,1173.238538853684,1173.238538853684,4806816,1184.7743231685606,1206.2136298923274,1217.9026224668091,1183.329936570835,1203.5512075519975,1,1,0,0,0,0,INFY
2016-05-24,1178.7879284687883,1180.0687573053451,1177.6516833295248,1178.7666661555452,1178.7666661555452,1025850,1184.2069544606645,1205.4101455797881,1217.6878999379583,1181.4480454566371,1202.7171093025086,1,0,0,1,0,0,INFY
2016-05-25,1178.9148651598657,1181.3014706949073,1176.4070621874146,1178.565015215562,1178.565015215562,3484492,1183.7195346062917,1204.59417017493,1217.5004453903116,1180.295787992679,1201.9553105473524,1,1,0,0,0,0,INFY
2016-05-26,1174.7399301942917,1177.4790183887628,1174.6089776525291,1175.0102362981395,1175.0102362981395,2689112,1183.1557311969623,1203.6458903245182,1217.3132201167014,1179.3549301517546,1201.1549990078313,1,0,0,0,0,0,INFY
2016-05-27,1176.9933311191796,1180.9615090874097,1175.8506038216196,1176.0432353967503,1176.0432353967503,1868667,1182.6537945569842,1202.7902703678785,1217.118958724811,1179.5807840308341,1200.4342900188833,1,0,0,1,0,0,INFY
2016-05-30,1167.382538907682,1169.1270565625273,1163.2100754455655,1166.846160521836,1166.846160521836,2717454,1181.8224376921828,1201.7696484998455,1216.9128160017183,1178.147346930385,1199.5271416338826,1,1,0,0,0,0,INFY
2016-05-31,1163.058949561164,1164.101530917475,1159.8274474307825,1163.3870887461924,1163.3870887461924,4207178,1180.9257463031065,1200.795436673333,1216.7054518143357,1176.0659755678819,1198.5369386703023,1,1,0,0,0,0,INFY
2016-06-01,1163.6386177792847,1165.809144134292,1163.173754995575,1165.0968572500094,1165.0968572500094,1234780,1179.8857055620365,1199.9128983658043,1216.5159348240156,1173.982208132488,1197.6377289123675,1,0,0,1,0,0,INFY
2016-06-02,1165.20684294909,1166.730045655304,1161.8144621381975,1166.407449790633,1166.407449790633,1817302,1179.198082067607,1199.0550714661597,1216.310330438725,1172.263486965018,1196.8392018538375,1,1,0,1,0,0,INFY
2016-06-03,1171.7798503463223,1172.3159262709344,1166.391199365711,1171.0645340860638,1171.0645340860638,4986143,1178.21280331838,1198.3171730226372,1216.1241894717627,1171.4425782314415,1196.0567448635968,1,1,0,1,0,0,INFY
2016-06-06,1172.5668386485495,1172.6236858903528,1170.7187739039896,1172.5006748982992,1172.5006748982992,4964894,1177.349364203369,1197.5374028414049,1215.9292078950355,1171.3687918359033,1195.2595750241828,0,0,0,1,0,0,INFY
2016-06-07,1168.6061988338329,1169.9024119655269,1166.9893165862495,1167.754989442098,1167.754989442098,2285292,1175.857834810598,1196.6636863217473,1215.7492941109338,1170.2676241645584,1194.3967162583886,1,0,0,0,0,0,INFY
2016-06-08,1172.4073311888983,1175.9920290632126,1170.7358472197686,1172.579314792618,1172.579314792618,3674271,1174.9824210574714,1195.9142078929658,1215.5966958467818,1169.6690541222638,1193.8058723103595,1,1,0,1,0,0,INFY
2016-06-09,1171.3897619039633,1172.977910981611,1168.9424638284363,1171.2235170474785,1171.2235170474785,2753789,1174.3226561744762,1195.2257896163044,1215.4300074975697,1169.290382197198,1193.153645056428,1,0,0,0,0,0,INFY
2016-06-10,1166.057187235303,1166.490943539868,1165.3534194779347,1165.6735060508272,1165.6735060508272,1379276,1173.9170966467198,1194.4248483375136,1215.2634179509967,1168.2534092626056,1192.419066842861,1,0,0,0,0,0,INFY
2016-06-13,1163.0027069651476,1164.0248794551264,1162.4965830297822,1164.1402656684963,1164.1402656684963,3511416,1173.0650833538282,1193.5729964976904,1215.072627509478,1167.9828197772715,1191.7264509496156,1,1,0,0,0,0,INFY
2016-06-14,1164.9848453933394,1167.0254661339086,1162.8803109602543,1164.7604597743482,1164.7604597743482,4804539,1172.0930662239844,1192.7266347839113,1214.8892421603152,1168.120156880087,1191.1105452234208,1,1,0,1,0,0,INFY
2016-06-15,1162.1521031865454,1165.4711975676385,1161.443370585504,1162.775035851335,1162.775035851335,4542565,1170.9350914363538,1192.0501650958681,1214.7079230338966,1167.8879747402198,1190.4343127306684,0,0,0,0,0,0,INFY
2016-06-16,1164.1112762516702,1164.6077978496985,1163.0208402495955,1163.7261959967727,1163.7261959967727,2617299,1169.941668162926,1191.3449855321737,1214.5017874995833,1167.6198493608335,1189.799899328712,1,0,0,1,0,0,INFY
2016-06-17,1159.036176000961,1161.4839422072578,1157.3330976600614,1159.0080246046643,1159.0080246046643,1827520,1168.9283883220676,1190.5729999388773,1214.285232166059,1166.4141984126938,1189.125549154225,1,0,0,0,0,0,INFY
2016-06-20,1158.726806737145,1161.252140635891,1158.6560526632156,1159.1292672608429,1159.1292672608429,2145538,1168.2229247424257,1189.861035058864,1214.063749542776,1165.077057648948,1188.404114034731,1,1,0,1,0,0,INFY
2016-06-21,1164.7381094471018,1169.058371317586,1162.990227842791,1163.7262501324635,1163.7262501324635,3982019,1167.4709039412714,1189.2706958200329,1213.830867901138,1164.6741837179848,1187.7361635240422,1,1,0,1,0,0,INFY
2016-06-22,1160.0079380941652,1162.2760028495804,1158.084337662909,1161.997020532341,1161.997020532341,2480600,1166.6425042071105,1188.6270026665902,1213.572751432833,1163.615954291957,1187.0722826162137,1,0,0,0,0,0,INFY
2016-06-23,1155.7073887499453,1157.500767134194,1153.030863555332,1156.7121213454118,1156.7121213454118,1917320,1165.727598459474,1187.944564169114,1213.3107606938536,1162.1648147217502,1186.3915218622167,1,0,0,0,0,0,INFY
2016-06-24,1154.1156766379536,1154.176570356272,1153.8572331372034,1153.6381371465106,1153.6381371465106,3882589,1164.607343546962,1187.2452372873054,1213.0718376454763,1160.9612778313185,1185.6127266052074,1,1,0,0,0,0,INFY
2016-06-27,1157.5180219310969,1161.2949889959098,1154.5169326229154,1159.0418525739972,1159.0418525739972,2941188,1164.2171281495703,1186.5677991791943,1212.8488592354859,1160.4514365218688,1184.9068159395451,1,0,0,1,0,0,INFY
2016-06-28,1156.6816590398107,1160.3590916444723,1156.146936685322,1157.2084387408129,1157.2084387408129,1438402,1163.9081956493012,1185.8601229330282,1212.6038685138417,1159.6962344185154,1184.2451557518505,1,0,0,0,0,0,INFY
2016-06-29,1151.2412739531187,1154.4488161806996,1149.374844266041,1150.6885458485945,1150.6885458485945,1576016,1163.1877800792304,1185.0963786483921,1212.3768631586865,1158.4875854182412,1183.4328664119048,0,1,0,0,0,0,INFY
2016-06-30,1155.2872998681537,1156.7400357729252,1155.1410628928752,1153.3830205988245,1153.3830205988245,4057038,1162.53655861964,1184.4165516821874,1212.1882595794234,1157.4532678784465,1182.6886728799705,1,1,0,1,0,0,INFY
2016-07-01,1153.8899308374007,1154.3559897773323,1151.3903988275702,1153.785268798379,1153.785268798379,2070357,1161.6725953552557,1183.6882702743897,1211.9826899683023,1156.9309922978177,1181.9075011863413,1,0,0,1,0,0,INFY
2016-07-04,1157.9898424583337,1158.4201190553497,1156.1208258722677,1156.3520230590173,1156.3520230590173,2119582,1160.8651627632917,1182.9928561563938,1211.7900324576162,1156.6532678776352,1181.1558238019309,0,1,0,1,0,0,INFY
2016-07-05,1156.0410110126452,1158.162981552433,1155.6404537018486,1155.4081850725386,1155.4081850725386,1568721,1160.2478225448135,1182.3500465595769,1211.6035329339716,1155.8214613716427,1180.5408813133781,1,0,0,0,0,0,INFY
2016-07-06,1161.907715470314,1164.5649487365467,1160.6146231822613,1160.3318078726509,1160.3318078726509,1226230,1159.6354471988154,1181.7090660786785,1211.43355569372,1155.6549401056739,1179.952560818961,1,0,0,1,0,0,INFY
2016-07-07,1156.1172212455742,1156.837990108178,1156.0845680010011,1154.8193627870155,1154.8193627870155,2497369,1158.8152394857923,1181.0293389198423,1211.2286466422577,1155.4656642498342,1179.2420290367131,1,1,0,0,0,0,INFY
2016-07-08,1153.7560962369273,1155.6895011458394,1152.022426686205,1154.064510521879,1154.064510521879,2161405,1158.2347897093446,1180.3004809786084,1211.0342048561624,1155.508301587371,1178.4712877220445,1,0,0,0,0,0,INFY
2016-07-11,1161.4529270645414,1161.8738174684513,1159.7761819948792,1160.960308033764,1160.960308033764,2716423,1158.075791827608,1179.6533869929085,1210.8593299077359,1155.7001471333476,1177.9339809489195,1,1,0,1,0,0,INFY
2016-07-12,1155.1574385056615,1158.8948200819402,1154.7053503350364,1156.3177435135765,1156.3177435135765,1881964,1157.6536560145696,1179.088247890403,1210.6590325600973,1155.6110776106239,1177.3193254610132,1,0,0,0,0,0,INFY
2016-07-13,1154.7635400655022,1154.9897985659557,1154.477341359921,1156.4604413152654,1156.4604413152654,4401791,1157.337926287766,1178.4883053449198,1210.482168212047,1156.188267157291,1176.6559428188648,1,1,0,1,0,0,INFY
2016-07-14,1158.9190369093374,1159.903060318626,1157.8349111704288,1157.333679676569,1157.333679676569,4289519,1157.018300471756,1177.8536107601817,1210.3322609715572,1156.5833330650653,1175.9951104344773,0,0,0,1,0,0,INFY
2016-07-15,1158.889093338899,1159.9596483205082,1158.3200195890015,1158.683381778792,1158.683381778792,4857833,1157.0020683304624,1177.1887766683913,1210.1989610165717,1157.0731443631068,1175.328073187188,1,1,0,1,0,0,INFY
2016-07-18,1158.7482161800374,1159.666908306209,1157.938841041734,1158.1491353415342,1158.1491353415342,4679480,1156.9530617344967,1176.6499119099335,1210.083210597341,1157.2528555913584,1174.6492255517614,0,0,0,0,0,0,INFY
2016-07-19,1161.788627440287,1163.8232130060528,1161.6404825062664,1161.6970409049277,1161.6970409049277,1653220,1156.8516012731202,1176.1409136074137,1209.9812912152013,1157.8817411745974,1174.1014490232978,1,0,0,1,0,0,INFY
2016-07-20,1161.362311704517,1162.922044890315,1160.936830035129,1161.5056002320132,1161.5056002320132,3324512,1156.8270302581036,1175.5820568668585,1209.8648862219814,1157.9991204105336,1173.5396829322121,1,1,0,0,0,0,INFY
2016-07-21,1168.0971833966876,1168.5165910010649,1166.7922159738569,1167.8133091229188,1167.8133091229188,1662647,1157.382089646979,1175.093521874575,1209.7338997189727,1159.298515044124,1173.2047886427729,1,0,0,1,0,0,INFY
2016-07-22,1166.8991601739913,1170.8578910749384,1166.737542674728,1168.6213844448282,1168.6213844448282,2151103,1158.131252011895,1174.5923994885666,1209.5750134441619,1160.7542024364188,1172.8774617793529,1,1,0,1,0,0,INFY
2016-07-25,1170.778029418518,1171.0455758815556,1166.7497629636416,1170.7959984282677,1170.7959984282677,4406840,1158.7189593046082,1174.1140656189384,1209.451292023552,1161.7377714758693,1172.610960242879,1,1,0,1,0,0,INFY
2016-07-26,1168.5305595451268,1168.837477606492,1165.5567876377982,1168.4106121649952,1168.4106121649952,1913286,1159.2790679758177,1173.6844447642545,1209.3033112697995,1162.9470583410111,1172.3545158691895,1,0,0,0,0,0,INFY
2016-07-27,1174.6844403486807,1174.724728537775,1170.925157694501,1173.9051615332553,1173.9051615332553,2503844,1160.4398987600505,1173.3127835701273,1209.1978018631928,1164.6915303628102,1172.144185070421,1,1,0,1,0,0,INFY
2016-07-28,1170.8622943758594,1176.15287268745,1169.632850313479,1169.701402748568,1169.701402748568,1880867,1161.2558178675379,1173.0224213440983,1209.0991933539342,1165.92830267001,1171.8516135814482,1,0,0,0,0,0,INFY
2016-07-29,1169.6984578828597,1170.7211089368066,1169.2180678239397,1169.888634144685,1169.888634144685,1322644,1162.060986134853,1172.7313930308906,1208.9968914768383,1167.0488279065994,1171.6232031019185,1,0,0,1,0,0,INFY
2016-08-01,1174.4626898055403,1174.7943327244252,1171.7410797056127,1173.6291766017478,1173.6291766017478,1029282,1162.9248438119896,1172.5169625676147,1208.8720392374769,1168.5968320326206,1171.3516871726044,1,0,0,1,0,0,INFY
2016-08-02,1174.7190782726168,1175.1829521152013,1174.080661671006,1175.3113009639403,1175.3113009639403,3289116,1163.9199996065597,1172.3628045772678,1208.7513021361206,1169.9582580385218,1171.0408921932892,1,1,0,1,0,0,INFY
2016-08-03,1175.043282765027,1178.528168684409,1173.5509988853814,1174.692588913474,1174.692588913474,2340390,1164.6380386586009,1172.1754622956748,1208.591736986488,1171.2769569066681,1170.74849128201,1,0,0,0,0,0,INFY
2016-08-04,1176.107885706389,1178.4346850350084,1175.0138899872682,1176.4087422919365,1176.4087422919365,4465952,1165.7175076338467,1171.9850182690548,1208.432371423882,1172.1365002235698,1170.5611516500655,1,1,0,1,0,0,INFY
2016-08-05,1169.937553777002,1170.6974637523822,1169.8550843791916,1170.4057392851769,1170.4057392851769,1474240,1166.534569072012,1171.777347258752,1208.2210700583962,1172.3149357076047,1170.3186671827127,1,0,0,0,0,0,INFY
2016-08-08,1168.736176754496,1169.2590251304846,1168.6043837234322,1168.4461870734124,1168.4461870734124,3278874,1166.9088630239942,1171.458013705916,1207.9876115815,1172.079954572119,1170.0031876235173,1,1,0,0,0,0,INFY
2016-08-09,1163.996388088652,1164.1224509905685,1163.1938604363145,1165.214741193407,1165.214741193407,2454922,1167.3537129079857,1171.0404364156761,1207.748932593095,1171.7603674749603,1169.6711969685834,1,0,0,0,0,0,INFY
2016-08-10,1164.3998118170975,1164.5986575295717,1161.6398883600643,1165.4911063212994,1165.4911063212994,2178514,1167.8052461582874,1170.6512920289497,1207.5235828211225,1170.9189619537647,1169.3668995554938,1,0,0,1,0,0,INFY
2016-08-11,1162.3049550707872,1164.8029041585048,1159.6382116865168,1162.5940952056928,1162.5940952056928,4850043,1168.0682669347436,1170.3029780354238,1207.291260510062,1170.2082311994773,1169.0510034317733,1,1,0,0,0,0,INFY
2016-08-12,1164.5860498092122,1165.2484387525376,1162.2156724385752,1165.047654635813,1165.047654635813,4571621,1168.3864805775945,1170.0086727891635,1207.0904324828489,1169.72413324859,1168.7705459176334,0,0,0,1,0,0,INFY
2016-08-15,1154.6374652766524,1155.6888414369253,1154.4201137870198,1155.1548932269434,1155.1548932269434,2433020,1168.2367684718652,1169.546769529337,1206.866679356223,1167.8767049111098,1168.3929671897545,1,0,0,0,0,0,INFY
2016-08-16,1155.810852969379,1158.1441022813883,1154.5259958413794,1154.3845300847215,1154.3845300847215,3184137,1167.8711429308548,1169.1001506514779,1206.6246474612517,1165.7840278231877,1168.0338153705145,1,1,0,0,0,0,INFY
2016-08-17,1158.4860114030282,1161.021715786542,1156.1294432693446,1158.7909834834843,1158.7909834834843,2067155,1167.7354120934283,1168.7311202912338,1206.3816925048377,1164.1938672801887,1167.6723928560089,1,0,0,1,0,0,INFY
2016-08-18,1162.4397033269447,1162.5772155309287,1162.2175447951245,1162.3895994457482,1162.3895994457482,1705079,1167.46422660957,1168.4324114782462,1206.1641006533027,1162.79195299557,1167.4354552528957,1,0,0,1,0,0,INFY
2016-08-19,1162.3162637231364,1164.9422706716523,1159.2738497971498,1162.5983806320314,1162.5983806320314,3327532,1167.16307641893,1168.138866633693,1205.9510963869188,1162.0112171302553,1167.0598322070482,1,1,0,1,0,0,INFY
2016-08-22,1169.8963101062106,1170.0674365477178,1164.4218517862366,1167.44440827823,1167.44440827823,1940352,1166.9954969114283,1167.9385055144473,1205.7863775979051,1161.911039250737,1166.7621648881109,1,0,0,1,0,0,INFY
2016-08-23,1165.2389674096778,1167.4436149603052,1163.823768825369,1164.7677166510562,1164.7677166510562,3538518,1166.813352135731,1167.7315905159892,1205.6245424884028,1161.8663367965019,1166.3245934128247,1,1,0,0,0,0,INFY
2016-08-24,1156.1416356290606,1157.826330216611,1154.4508864958943,1156.5686150965448,1156.5686150965448,1098318,1165.9465248138956,1167.3649773038032,1205.4307705271963,1160.9740876740266,1165.8776737493765,1,0,0,0,0,0,INFY
2016-08-25,1152.323515765238,1157.2681435441389,1150.2324382534905,1152.0973654057389,1152.0973654057389,4335506,1165.066322946754,1167.0141953753848,1205.2228846379362,1159.9244146940312,1165.4467210920216,1,1,0,0,0,0,INFY
2016-08-26,1150.7301285032916,1151.9640447429374,1149.9523471618545,1150.1248698379557,1150.1248698379557,3476114,1164.0781347314175,1166.5061298849766,1205.0203089229399,1158.4321362142452,1165.1312567351147,1,0,0,0,0,0,INFY
2016-08-29,1150.9986327654522,1152.6054236825814,1150.425921549209,1151.4235034469662,1151.4235034469662,2971320,1162.9678510736787,1166.0268054630824,1204.804793312008,1158.0589972362477,1164.7344963607234,1,0,0,1,0,0,INFY
2016-08-30,1151.9864541870943,1153.9700215931168,1151.6304456962923,1151.719325581391,1151.719325581391,2357987,1161.7882523045512,1165.4534773166306,1204.5889778584356,1157.7924767859147,1164.3014100035255,1,0,0,1,0,0,INFY
2016-08-31,1142.6153920619304,1144.0030205339328,1141.569162850184,1143.739540796044,1143.739540796044,3112963,1160.2405998986796,1164.8741267033918,1204.3153643063508,1156.2873325171706,1163.738810126087,1,1,0,0,0,0,INFY
2016-09-01,1143.0873244313736,1144.8137684634305,1140.4590776742632,1144.017339212911,1144.017339212911,3992839,1158.6210297447283,1164.369108259711,1204.0644231953374,1154.4501064938868,1163.2111124960545,1,1,0,1,0,0,INFY
2016-09-02,1138.91237713172,1141.179239317447,1137.7146322567492,1138.685906250225,1138.685906250225,3903462,1157.0350380929808,1163.9303733802642,1203.778521913689,1152.0588590557063,1162.669942960433,0,0,0,0,0,0,INFY
2016-09-05,1141.1994886350308,1142.906645740525,1140.0443087738208,1141.8691849171005,1141.8691849171005,3854147,1155.7061879851653,1163.4389815476488,1203.5032048380745,1149.5013367195932,1162.2516849079452,0,0,0,1,0,0,INFY
2016-09-06,1146.3849178151067,1146.7678543513648,1144.1487685066468,1146.467451317734,1146.467451317734,1563925,1154.7688234913817,1162.9673146594803,1203.2579020415558,1147.671310186261,1161.821028710108,1,0,0,1,0,0,INFY
2016-09-07,1159.5278488477943,1161.1873416968606,1157.8617825629492,1160.957183324925,1160.957183324925,4631895,1154.5421273415627,1162.6550978059927,1203.0551246521836,1148.1101670090989,1161.5862576182326,1,1,0,1,0,0,INFY
2016-09-08,1163.1577317630174,1165.6792790181316,1162.8485023363562,1162.298493185287,1162.298493185287,4191645,1154.5273472405424,1162.388895702492,1202.8724505484029,1149.130279787054,1161.4167677100613,0,0,0,1,0,0,INFY
2016-09-09,1161.423686895037,1163.0831338877388,1158.506782425218,1162.2300061119356,1162.2300061119356,1005209,1154.3864648143488,1162.1758505111181,1202.6768541158335,1150.340793414452,1161.232591319597,1,0,0,0,0,0,INFY
2016-09-12,1155.4863833454474,1159.206329363558,1155.0284947701764,1156.961535294545,1156.961535294545,2277807,1154.4767969177287,1161.9723879666292,1202.4496772190034,1150.8945965992098,1161.1007963165666,1,1,0,0,0,0,INFY
2016-09-13,1159.858314958948,1160.845016627209,1156.0585794540527,1160.7423541610908,1160.7423541610908,3989742,1154.794688121547,1161.7470840666986,1202.2470899552918,1151.7968994571797,1161.0655331887651,1,1,0,1,0,0,INFY
2016-09-14,1158.302126019009,1159.245721032103,1156.3151285978006,1158.5155363378574,1158.5155363378574,3017028,1154.780915764266,1161.496465580727,1202.0407285232523,1153.274499011361,1160.97778224327,1,0,0,0,0,0,INFY
2016-09-15,1161.9636979030931,1165.3610012712352,1160.7606587408268,1162.2816086018408,1162.2816086018408,3311837,1154.7755162220706,1161.3373577345235,1201.8195761570894,1155.1009259502541,1160.9227710274192,0,1,0,1,0,0,INFY
2016-09-16,1166.6740161434625,1167.330784540025,1166.6082320312446,1165.7319995791488,1165.7319995791488,4045920,1154.9321971694264,1161.2084672868034,1201.5883545619783,1157.8055352831466,1160.8516705673271,1,1,0,1,0,0,INFY
2016-09-19,1163.5568691513467,1164.751844394535,1160.1852779247074,1164.408866880343,1164.408866880343,2526455,1154.780420099532,1161.1780011162846,1201.344474688625,1160.0595034794708,1160.7437797937541,1,0,0,0,0,0,INFY
2016-09-20,1164.341990652622,1169.368168473559,1163.811302036466,1163.597493595607,1163.597493595607,1071356,1154.7219089467596,1161.1806311769024,1201.128045633907,1161.772507707258,1160.6883465158012,1,0,0,0,0,0,INFY
2016-09-21,1162.5954038993132,1165.2819397446058,1159.749452625371,1161.1465434901515,1161.1465434901515,4081157,1154.95080536644,1161.1312522549042,1200.8948234266124,1161.7914437237807,1160.5359095651015,1,1,0,0,0,0,INFY
2016-09-22,1158.3683529423236,1161.0494783388,1156.6109075385348,1158.75220806705,1158.75220806705,1124764,1155.2835474995054,1161.0355617333594,1200.6075874648045,1161.436815211957,1160.3696254453625,1,0,0,0,0,0,INFY
2016-09-23,1159.7271239703562,1161.0819408475627,1157.1151781077565,1158.8876786561254,1158.8876786561254,1895699,1155.7216879404139,1160.8833510404852,1200.3253977358647,1161.1025824663761,1160.2791477467665,1,1,0,1,0,0,INFY
2016-09-26,1164.1863306464145,1165.6020497285845,1162.1782783634742,1163.9041109561244,1163.9041109561244,4484556,1156.3457183158719,1160.7758939912078,1200.0248012904924,1161.796840032534,1160.275999017268,1,1,0,1,0,0,INFY
2016-09-27,1162.3569981650137,1163.8438578214475,1161.6895474941966,1163.318564372716,1163.318564372716,2697115,1156.925680255438,1160.7204386778408,1199.7121790771944,1162.0544610536963,1160.2567737452464,1,0,0,0,0,0,INFY
2016-09-28,1158.589534976912,1161.70460454725,1154.486936204888,1157.3272508522386,1157.3272508522386,2868520,1157.6050657582477,1160.529787878586,1199.388213967028,1161.9356325051347,1160.1841366119252,0,1,0,0,0,0,INFY
2016-09-29,1158.565667157698,1161.3108039609904,1156.167243014761,1157.757675558326,1157.757675558326,3403884,1158.2920825755186,1160.3614648599716,1199.1012697033161,1161.4832392007831,1160.1045563394125,1,1,0,1,0,0,INFY
2016-09-30,1157.595081744005,1158.8421264261012,1157.5740871579635,1157.489466646996,1157.489466646996,2258348,1159.2322605953573,1160.2591643674236,1198.8169316343474,1160.6589859075677,1160.0843088999768,1,0,0,0,0,0,INFY
2016-10-03,1151.5006261962192,1152.9830810308126,1149.4302505584387,1152.331902293961,1152.331902293961,1320626,1159.7553964642002,1160.111559825242,1198.4984998859652,1159.4512894489296,1159.9936773670852,1,0,0,0,0,0,INFY
2016-10-04,1162.4118359839786,1164.614746017383,1158.6435804949274,1162.5798525819714,1162.5798525819714,3180223,1160.561016527412,1160.0843022353372,1198.2421272961878,1159.3495253475662,1159.9783920664122,1,1,0,1,0,0,INFY
2016-10-05,1166.1988543321106,1166.3313437672928,1164.9926490649386,1166.5468792339343,1166.5468792339343,4129368,1160.8405013228626,1160.1314502776197,1198.0162903751277,1159.8895589219442,1160.0390568490998,1,1,0,1,0,0,INFY
2016-10-06,1165.4348620714777,1166.2821045497974,1163.5421137422068,1165.764515650097,1165.764515650097,3446025,1161.0138024461032,1160.1569292732863,1197.7847079409898,1160.590789680249,1160.159755439829,1,0,0,0,0,0,INFY
2016-10-07,1157.2843061149936,1157.6473261028336,1156.5856671076274,1156.411588463433,1156.411588463433,2278139,1160.7228815636777,1160.1244738215207,1197.5031001532604,1160.34318066098,1160.1967347907214,1,0,0,0,0,0,INFY
2016-10-10,1156.7654594750188,1158.301096865394,1155.7622543880605,1155.18008244572,1155.18008244572,2384746,1160.6338089212366,1160.075109011332,1197.1684336383987,1159.4707778099394,1160.1452445223445,0,1,0,0,0,0,INFY
2016-10-11,1160.1319551104862,1160.4957939287629,1159.6342128543383,1159.7699610951072,1159.7699610951072,4462453,1160.5851892679375,1160.025655398365,1196.841503268329,1159.1159174821785,1160.1793981537348,1,1,0,1,0,0,INFY
2016-10-12,1158.2489671656056,1158.7523476944918,1156.7315276655709,1157.7336741761858,1157.7336741761858,2966368,1160.5460961598537,1159.972363568913,1196.51614983214,1159.156559814573,1160.2733331981028,1,0,0,0,0,0,INFY
2016-10-13,1160.1566410581995,1162.2012914222714,1160.0659850484813,1160.9435393662225,1160.9435393662225,4425703,1160.479192698073,1160.025256294173,1196.1660031234394,1159.4751461953629,1160.3741401150014,1,1,0,1,0,0,INFY
2016-10-14,1155.7343623419526,1159.6066293277852,1151.6018740974075,1156.2691204418795,1156.2691204418795,1397602,1160.0060487412097,1160.058143585365,1195.7989976566175,1159.3531115748513,1160.4072581369146,1,0,0,0,0,0,INFY
2016-10-17,1163.789875521858,1164.0815697492856,1161.194020717972,1164.3524929996324,1164.3524929996324,2634325,1160.003230047174,1160.1245265906857,1195.4682259462236,1160.5551706454185,1160.5139310694562,1,1,0,1,0,0,INFY
2016-10-18,1166.6829243236689,1167.055791393169,1165.7497660319757,1166.9028804937127,1166.9028804937127,3412582,1160.1684993920792,1160.2457071125968,1195.1874214780369,1160.9874734365926,1160.6671936750718,1,1,0,1,0,0,INFY
2016-10-19,1162.5899838430828,1167.43661954521,1162.0904366588038,1161.738515521792,1161.738515521792,1953511,1160.1980979936611,1160.383831733512,1194.8903068881884,1160.506637065378,1160.6859497770604,1,0,0,0,0,0,INFY
2016-10-20,1164.640498162436,1166.999954224001,1162.6217554768746,1165.6918857139483,1165.6918857139483,4375336,1160.5450818760062,1160.537692547451,1194.641697487897,1160.4993740717632,1160.8309167494197,1,1,0,1,0,0,INFY
2016-10-21,1164.7384529908527,1164.9124701349915,1164.48316529117,1163.4805644251987,1163.4805644251987,1021600,1160.77472616446,1160.658883742786,1194.378029172838,1161.2062716679397,1160.9564641347972,1,0,0,0,0,0,INFY
2016-10-24,1159.0777206631362,1161.3375817817896,1155.29847216514,1160.0708419510688,1160.0708419510688,3620252,1160.5830627142072,1160.7053689789368,1194.0759969939252,1161.695347618475,1160.944604587028,1,1,0,0,0,0,INFY
2016-10-25,1166.8868754119776,1167.9196413983957,1161.988578929469,1165.6586583582357,1165.6586583582357,1133748,1160.700067413483,1160.833499895008,1193.7777607595647,1162.2842173447875,1161.06915011829,1,0,0,1,0,0,INFY
2016-10-26,1165.519346691433,1165.9446780901326,1163.1553988359628,1166.027308413976,1166.027308413976,4701419,1161.13507029157,1160.9046936517746,1193.4832639256244,1163.1135807685666,1161.1967083462728,1,1,0,1,0,0,INFY
2016-10-27,1164.0306457275497,1164.4782720817489,1161.701694855741,1164.5371050314525,1164.5371050314525,1539078,1161.4740417652263,1161.02616542983,1193.17445374061,1163.4729373350897,1161.2927540176713,1,0,0,0,0,0,INFY
2016-10-28,1156.435682112528,1158.4948298508336,1154.797767547205,1156.9893384670763,1156.9893384670763,4153130,1161.44903535623,1161.062725779145,1192.78898750402,1163.5449591376096,1161.270166773515,1,1,0,0,0,0,INFY
2016-10-31,1155.0128454199976,1157.4517551842507,1154.6335384994263,1154.413250194175,1154.413250194175,2054526,1161.5531027512409,1160.98088755615,1192.3868060927907,1162.5510348570635,1161.2203549715503,1,0,0,0,0,0,INFY
2016-11-01,1154.6856951343652,1157.0580876060735,1154.3519436838328,1154.7947210994294,1154.7947210994294,1539231,1161.163846177114,1160.9618497759734,1191.992459438197,1161.3402189176352,1161.1283240408104,1,0,0,1,0,0,INFY
2016-11-02,1162.4317055965396,1164.364311217773,1160.5841990223355,1163.5513413773676,1163.5513413773676,2858337,1161.0140692842856,1161.0504860267497,1191.6494116839267,1161.521501503193,1161.1556005894151,1,1,0,1,0,0,INFY
2016-11-03,1160.828416635804,1161.1385922128168,1159.95245850606,1160.7019609722556,1160.7019609722556,1202328,1160.7609415503935,1161.0925895429457,1191.3186050976167,1161.0225090290237,1161.0607826140729,1,0,0,0,0,0,INFY
2016-11-04,1157.6512048672842,1160.4924206563412,1154.2296514845298,1156.5785018900312,1156.5785018900312,4646087,1160.7692872217235,1161.0662785443362,1191.0055754770444,1160.3323027755068,1160.9002108466757,1,1,0,0,0,0,INFY
2016-11-07,1156.9498123967644,1157.6143760878454,1156.310008159325,1155.2394017778247,1155.2394017778247,2628766,1160.7722531883287,1161.02990687479,1190.6998610627068,1159.8491587581825,1160.6927895580031,1,0,0,0,0,0,INFY
2016-11-08,1168.0888998914322,1170.604076991701,1167.8976729289204,1167.1436947962334,1167.1436947962334,4024227,1161.140939873385,1161.097990048431,1190.4583390438654,1159.9976624019823,1160.6758973264195,1,1,0,1,0,0,INFY
2016-11-09,1156.2675271047517,1156.4220214983318,1153.4359279000416,1156.1455455402654,1156.1455455402654,2979205,1161.061533441589,1161.0309893647843,1190.1722171877059,1159.009486114611,1160.439102446513,1,0,0,0,0,0,INFY
2016-11-10,1158.4474885063937,1159.0888881592196,1155.5381086037391,1158.006550052882,1158.006550052882,3549694,1160.914683975922,1160.9084048764087,1189.8854736769717,1158.356430616754,1160.283171077237,1,1,0,1,0,0,INFY
2016-11-11,1159.2887994397026,1161.2762773046263,1155.2034573366009,1159.642312683961,1159.642312683961,1841991,1161.0833435880259,1160.796166479398,1189.5842365060512,1158.6217280384426,1160.1465534577608,1,0,0,1,0,0,INFY
2016-11-14,1161.498776933169,1162.2662159508986,1160.6077804747606,1162.540101740878,1162.540101740878,1644630,1160.9927240250881,1160.6929677708054,1189.3210433186002,1159.434413193113,1159.9986991262826,1,0,0,1,0,0,INFY
2016-11-15,1168.3417889671382,1170.8341216149304,1165.1038705729773,1167.250948092409,1167.250948092409,1254402,1161.010127405023,1160.6784719698985,1189.088943792977,1160.6800358924108,1159.8912277546622,1,0,0,1,0,0,INFY
2016-11-16,1170.177182807039,1171.3630567636303,1167.5120978546,1171.8742951168983,1171.8742951168983,3012973,1161.5169163847784,1160.6530861396939,1188.8654057023864,1161.512331266364,1159.8536505040413,1,1,0,1,0,0,INFY
2016-11-17,1167.9551379519787,1168.1266992274705,1166.7670699526454,1167.3368997507189,1167.3368997507189,4809011,1161.5991670866167,1160.6235298522208,1188.5749759572177,1162.1758251442102,1159.7326926034918,1,1,0,0,0,0,INFY
2016-11-18,1163.9839697091877,1164.822488733895,1161.8461184667196,1164.1403253750673,1164.1403253750673,2520130,1161.6321551341102,1160.5516759926004,1188.2722983188196,1162.9320074927139,1159.6491537513568,1,0,0,0,0,0,INFY
2016-11-21,1167.2121887271985,1168.112444629019,1166.6558399614582,1166.968615170954,1166.968615170954,3772643,1161.9770437951045,1160.4684189747156,1188.0268770605107,1164.1049288320269,1159.6294527926575,1,1,0,1,0,0,INFY
2016-11-22,1169.8626142059202,1170.277699676992,1164.952694629296,1171.9275880852308,1171.9275880852308,1515391,1162.2904902814541,1160.4261225637315,1187.8262262949208,1164.5833181609264,1159.7189574178817,1,0,0,1,0,0,INFY
2016-11-23,1180.3908899058215,1182.798855785012,1180.3538050033617,1179.8643745992526,1179.8643745992526,4677695,1162.9823435907183,1160.490769884804,1187.6442513152022,1166.9552010668253,1159.9106009949212,1,1,0,1,0,0,INFY
2016-11-24,1181.104924768776,1181.9285247434464,1180.4601259918695,1181.767605255912,1181.767605255912,4151481,1163.8438686019413,1160.5577556718538,1187.4907614513108,1169.3313065871282,1160.1662477955906,1,0,0,1,0,0,INFY
2016-11-25,1191.9933693146618,1196.0755876836647,1189.535436766904,1191.3455215381607,1191.3455215381607,1164738,1165.5616777554956,1160.819502950016,1187.3808963475653,1172.501627472548,1160.5168860209553,1,0,0,1,0,0,INFY
2016-11-28,1191.0460023205253,1195.7376624325154,1190.8516263788729,1191.700504162853,1191.700504162853,4518289,1167.4260404539293,1161.110181913634,1187.2835360372533,1175.4176677147457,1161.004160833434,1,1,0,1,0,0,INFY
2016-11-29,1182.439240786501,1184.5664235419174,1182.428052575404,1182.748673176166,1182.748673176166,2616855,1168.8237380577661,1161.3293560634183,1187.175915971626,1176.9674402231215,1161.3823494079866,1,0,0,0,0,0,INFY
2016-11-30,1193.3104171283776,1195.7236396899907,1191.961643454266,1191.341304078427,1191.341304078427,4666907,1170.213236192819,1161.6524835353825,1187.1022098549022,1178.914141119274,1161.816353682586,1,1,0,1,0,0,INFY
2016-12-01,1197.6806397071475,1201.0711647995472,1197.2340592897613,1199.2790366496188,1199.2790366496188,3204357,1172.1420899766872,1162.1110453034316,1187.043500915186,1182.1083548091642,1162.3082128453043,1,0,0,1,0,0,INFY
2016-12-02,1198.615400033526,1198.7742118329274,1197.7061558793755,1196.7997582108906,1196.7997582108906,4616395,1174.1531527927302,1162.50794659812,1186.996879090003,1185.3742980927466,1162.7642312130224,1,1,0,0,0,0,INFY
2016-12-05,1197.8558154116158,1197.967673994411,1196.9568804514013,1197.8016169625257,1197.8016169625257,4502488,1176.2812635519654,1163.0410306448148,1186.9883826292314,1188.4575982719039,1163.1689939954797,0,0,0,1,0,0,INFY
2016-12-06,1199.4043181625564,1199.429936499192,1196.6692616544233,1197.964297143157,1197.964297143157,3675075,1177.8222936693114,1163.5857777330452,1186.953796908826,1191.0612691776964,1163.6116150687074,1,0,0,1,0,0,INFY
2016-12-07,1188.324589512121,1190.4890146783234,1187.4475091653455,1189.524967267356,1189.524967267356,3710069,1179.491264755666,1163.9699525303436,1186.8686177178445,1192.0273284445068,1164.051033097652,0,1,0,0,0,0,INFY
2016-12-08,1193.6390376729262,1193.6518736020398,1193.044160951956,1193.3991459305862,1193.3991459305862,3619185,1181.2608945495513,1164.3575718614043,1186.8124323883776,1193.190482511974,1164.6017235046497,0,0,0,1,0,0,INFY
2016-12-09,1194.8482510645522,1197.8134437568306,1193.7788154193263,1195.3789294161122,1195.3789294161122,2540971,1183.0477253861586,1164.767328721205,1186.7467882931317,1193.5938232997692,1165.2051109656918,1,0,0,1,0,0,INFY
2016-12-12,1199.0138891279016,1199.6377250370638,1198.024021997561,1200.268724625719,1200.268724625719,1805863,1184.9341565304007,1165.1776326755487,1186.6883328017211,1194.4506453460558,1165.8563805814083,1,0,0,1,0,0,INFY
2016-12-13,1201.2036112407077,1206.618374534425,1200.8515789070998,1202.2323531706563,1202.2323531706563,4655332,1186.6832267843133,1165.6459406320437,1186.6428514510592,1196.399013345505,1166.529887615932,1,1,0,1,0,0,INFY
2016-12-14,1199.2408945951267,1200.606031099077,1198.3239866663723,1200.3407234189294,1200.3407234189294,4901508,1188.1065481994146,1166.1930919860736,1186.5947499981846,1197.2989552795552,1167.2845700509038,0,1,0,0,0,0,INFY
2016-12-15,1197.3320959233893,1199.227880659778,1195.8812548113378,1198.4693990692988,1198.4693990692988,1280614,1189.6631731653438,1166.772742406868,1186.546039007666,1197.2179915215231,1168.0105975156557,1,0,0,0,0,0,INFY
2016-12-16,1193.8238334058049,1193.9705074269846,1193.1792696981022,1193.6255731607414,1193.6255731607414,4428334,1191.1374355546272,1167.3165011984029,1186.4845026582075,1196.9005730165081,1168.743126407796,1,1,0,0,0,0,INFY
2016-12-19,1185.3744507021677,1186.2385261557372,1181.043236854258,1185.5731631009046,1185.5731631009046,1942480,1192.067662951125,1167.7433719440771,1186.3608012101945,1195.677727630346,1169.3258461169135,1,0,0,0,0,0,INFY
2016-12-20,1187.447905981787,1191.9694598464564,1184.5433341885548,1187.163629005007,1187.163629005007,2257906,1192.8294649971135,1168.1864257368723,1186.2030099252706,1194.597660816531,1169.8684618194102,1,1,0,1,0,0,INFY
2016-12-21,1191.9211779746358,1193.097411362982,1190.755044552336,1190.980534649192,1190.980534649192,4273172,1193.3852729996106,1168.7769381600367,1186.0345527732102,1194.7432175547146,1170.2687731704004,1,1,0,1,0,0,INFY
2016-12-22,1195.9332461053189,1196.0948073330203,1195.779944755698,1196.822797591754,1196.822797591754,2727009,1194.1380326164028,1169.4370063897723,1185.9092488285505,1195.0855827208316,1170.7290972291535,1,0,0,1,0,0,INFY
2016-12-23,1184.582231409472,1186.093356750079,1182.2584531121877,1184.3838135531037,1184.3838135531037,3685956,1193.7899472171498,1170.0082302310582,1185.7311188507754,1193.9860711345304,1171.024481328369,1,1,0,0,0,0,INFY
2016-12-26,1188.4854898007864,1189.3023472107625,1187.0698699940283,1187.537426762034,1187.537426762034,1008663,1193.581793347109,1170.57908325412,1185.5642293240596,1192.712941348162,1171.4321598812687,1,0,0,1,0,0,INFY
2016-12-27,1183.3360213235512,1183.485994362999,1179.7147804277756,1185.468526256432,1185.468526256432,2111529,1193.7177860011222,1171.0665966908534,1185.4076773450497,1191.0365586567395,1171.7618421758732,1,1,0,0,0,0,INFY
2016-12-28,1188.6588245097796,1190.481138436084,1188.5501812728935,1187.9933335192763,1187.9933335192763,3965054,1193.5503874731648,1171.404548568283,1185.2696222935472,1189.8018196667742,1172.1548794716255,1,1,0,1,0,0,INFY
2016-12-29,1188.6704107637388,1189.2999285757064,1186.3347925765438,1188.1987652183095,1188.1987652183095,3319912,1192.9963739015993,1171.7283019686959,1185.12364807098,1188.7747562816753,1172.5004415598453,1,0,0,1,0,0,INFY
2016-12-30,1192.846093373346,1193.311736704547,1188.8053170741885,1193.230047411272,1193.230047411272,2728350,1192.8178883616183,1172.1158024849376,1185.0163087487635,1188.7352037067285,1172.8670821976068,1,0,0,1,0,0,INFY
