Date,Open,High,Low,Close,Adj Close,Volume,ma_4w,ma_16w,ma_52w,roll_mean_10,roll_mean_75,vol_shock,vol_shock_dir,price_shock,price_shock_dir,black_swan,price_no_vol,symbol
2015-01-01,8998.70555759757,8999.091419283883,8998.392268483429,8999.145999004693,8999.145999004693,1686388,8999.145999004693,8999.145999004693,8999.145999004693,8999.145999004693,8999.145999004693,0,0,0,0,0,0,NIFTYIT
2015-01-02,8997.18433539774,8998.081314548423,8995.353302365324,8996.314319495152,8996.314319495152,4563530,8997.730159249923,8997.730159249923,8997.730159249923,8997.730159249923,8997.730159249923,1,1,0,0,0,0,NIFTYIT
2015-01-05,8986.41819543761,8986.61034089235,8985.993796351468,8986.211793626377,8986.211793626377,4169536,8993.890704042075,8993.890704042075,8993.890704042075,8993.890704042075,8993.890704042075,0,0,0,0,0,0,NIFTYIT
2015-01-06,8988.89088326864,8989.439807740175,8988.06775808249,8989.414353648928,8989.414353648928,1589347,8992.771616443788,8992.771616443788,8992.771616443788,8992.771616443788,8992.771616443788,1,0,0,1,0,0,NIFTYIT
2015-01-07,8993.092519853424,8996.464465694786,8992.407707497096,8994.12586213341,8994.12586213341,3807456,8993.042465581711,8993.042465581711,8993.042465581711,8993.042465581711,8993.042465581711,1,1,0,1,0,0,NIFTYIT
2015-01-08,8991.030143286021,8991.353491106856,8988.10916515905,8991.171999845023,8991.171999845023,1789570,8992.730721292262,8992.730721292262,8992.730721292262,8992.730721292262,8992.730721292262,1,0,0,0,0,0,NIFTYIT
2015-01-09,8988.19307165408,8989.61786899559,8985.647233442394,8988.363026652345,8988.363026652345,3474628,8992.106764915132,8992.106764915132,8992.106764915132,8992.106764915132,8992.106764915132,1,1,0,0,0,0,NIFTYIT
2015-01-12,8983.625817279242,8986.573279555398,8981.652952225644,8984.13635127877,8984.13635127877,1358570,8991.110463210587,8991.110463210587,8991.110463210587,8991.110463210587,8991.110463210587,1,0,0,0,0,0,NIFTYIT
2015-01-13,8987.487274494557,8987.666300917563,8984.8718664999,8985.625434147956,8985.625434147956,3475958,8990.50101553696,8990.50101553696,8990.50101553696,8990.50101553696,8990.50101553696,1,1,0,1,0,0,NIFTYIT
2015-01-14,8986.54712195186,8989.004912576773,8983.855968462309,8986.942570058325,8986.942570058325,3767542,8990.145170989097,8990.145170989097,8990.145170989097,8990.145170989097,8990.145170989097,0,1,0,1,0,0,NIFTYIT
2015-01-15,8992.695739952242,8994.802565099011,8992.045332173702,8991.95999246367,8991.95999246367,3291721,8990.310154759512,8990.310154759512,8990.310154759512,8989.426570334996,8990.310154759512,1,0,0,1,0,0,NIFTYIT
2015-01-16,8995.795917843045,8998.793242144498,8993.909273279873,8994.620148127666,8994.620148127666,3134410,8990.669320873525,8990.669320873525,8990.669320873525,8989.257153198247,8990.669320873525,0,0,0,1,0,0,NIFTYIT
2015-01-19,8996.059488691653,8996.612300967969,8991.75439960343,8996.063006379864,8996.063006379864,3726612,8991.08421975863,8991.08421975863,8991.08421975863,8990.242274473596,8991.08421975863,1,1,0,1,0,0,NIFTYIT
2015-01-20,9000.035118934662,9001.354237991814,8997.169165500605,9001.876531587113,9001.876531587113,2833366,8991.855099174949,8991.855099174949,8991.855099174949,8991.488492267414,8991.855099174949,1,0,0,1,0,0,NIFTYIT
2015-01-21,8994.121051811066,8996.160951641747,8992.014988738041,8993.915455636032,8993.915455636032,3249046,8991.992456272355,8991.992456272355,8991.992456272355,8991.467451617676,8991.992456272355,1,1,0,0,0,0,NIFTYIT
2015-01-22,8996.932857995234,8997.342069632643,8995.478720962874,8995.340564891341,8995.340564891341,3618830,8992.201713061042,8992.201713061042,8992.201713061042,8991.884308122308,8992.201713061042,1,1,0,1,0,0,NIFTYIT
2015-01-23,9003.82529590299,9005.047951574694,9001.73714881275,9002.505730675408,9002.505730675408,1769166,8992.80783174424,8992.80783174424,8992.80783174424,8993.298578524615,8992.80783174424,1,0,0,1,0,0,NIFTYIT
2015-01-26,8996.060060320913,9000.76302617651,8994.770746539141,8996.258037194684,8996.258037194684,1771845,8992.99950982482,8992.99950982482,8992.99950982482,8994.510747116206,8992.99950982482,0,1,0,0,0,0,NIFTYIT
2015-01-27,8995.468893772966,8997.28992094776,8993.630346316539,8996.222774928476,8996.222774928476,3242452,8993.16915535659,8993.16915535659,8993.16915535659,8995.57048119426,8993.16915535659,1,1,0,0,0,0,NIFTYIT
2015-01-28,8991.68537781802,8992.640998476532,8988.660297082317,8991.306777869037,8991.306777869037,3174775,8993.076036482214,8993.076036482214,8993.076036482214,8996.006901975328,8993.076036482214,0,0,0,0,0,0,NIFTYIT
2015-01-29,8988.531214062894,8989.350025576072,8987.449810863958,8988.89181155973,8988.89181155973,2893844,8992.563327109965,8992.87678767638,8992.87678767638,8995.700083884936,8992.87678767638,0,0,0,0,0,0,NIFTYIT
2015-01-30,9001.229595856437,9003.869091515811,9000.304196193016,9001.550768076817,9001.550768076817,4465119,8992.825149539047,8993.271059512765,8993.271059512765,8996.39314587985,8993.271059512765,1,1,0,1,0,0,NIFTYIT
2015-02-02,9007.73431844667,9008.733187913796,9004.3720380812,9006.894413082478,9006.894413082478,2323083,8993.859280511853,8993.863379233186,8993.863379233186,8997.47628655011,8993.863379233186,1,0,0,1,0,0,NIFTYIT
2015-02-03,8999.036506102635,9000.887451517056,8998.863138710964,8999.164165706161,8999.164165706161,4026308,8994.346771114715,8994.084245336227,8994.084245336227,8997.205049962016,8994.084245336227,1,1,0,0,0,0,NIFTYIT
2015-02-04,8999.049606018974,9001.480437038037,8997.980753237973,9000.763232360108,9000.763232360108,4969497,8994.67863962605,8994.351404817182,8994.351404817182,8997.889827634423,8994.351404817182,1,1,0,1,0,0,NIFTYIT
2015-02-05,9001.92353862381,9002.7365899178,9001.915011551931,9001.092337808645,9001.092337808645,3264487,8995.174656524232,8994.6106714707,8994.6106714707,8998.465004926155,8994.6106714707,1,0,0,1,0,0,NIFTYIT
2015-02-06,9001.86484742954,9004.83261216796,9001.727881436589,9002.289422480988,9002.289422480988,2686030,8995.870976315662,8994.895069656266,8994.895069656266,8998.443374106711,8994.895069656266,1,0,0,1,0,0,NIFTYIT
2015-02-09,8999.073901412712,8999.824218868203,8997.672664470096,8999.65416301039,8999.65416301039,2282348,8996.646866902245,8995.065037276056,8995.065037276056,8998.782986688282,8995.065037276056,1,0,0,0,0,0,NIFTYIT
2015-02-10,9003.095565990183,9004.102721065174,9002.86005492404,9003.99051593225,9003.99051593225,2342636,8997.56512099146,8995.372812402133,8995.372812402133,8999.55976078866,8995.372812402133,0,1,0,1,0,0,NIFTYIT
2015-02-11,8997.370357388556,8997.413175817603,8992.763664940565,8998.128705221683,8998.128705221683,3710669,8998.124427749626,8995.464675496118,8995.464675496118,9000.241953523926,8995.464675496118,1,1,0,0,0,0,NIFTYIT
2015-02-12,9003.351974222844,9008.31924095948,9002.951356886266,9002.10741945482,9002.10741945482,4430212,8998.631799099185,8995.678957559301,8995.678957559301,9001.563514313433,8995.678957559301,1,1,0,1,0,0,NIFTYIT
2015-02-13,8997.459344150739,9000.013455272301,8995.988956873965,8998.222839367156,8998.222839367156,3355710,8998.81193366116,8995.758453865797,8995.758453865797,9001.230721442467,8995.758453865797,1,0,0,0,0,0,NIFTYIT
2015-02-16,9007.489044048503,9008.585048726356,9006.447452669263,9006.80623661091,9006.80623661091,3489504,8999.34909517271,8996.093235161103,8996.093235161103,9001.221903795311,8996.093235161103,0,1,0,1,0,0,NIFTYIT
2015-02-17,9005.03564514988,9009.411814369963,9001.97889005941,9006.364282885836,9006.364282885836,3159590,8999.573482737647,8996.395324800065,8996.395324800065,9001.941915513278,8996.395324800065,0,0,0,0,0,0,NIFTYIT
2015-02-18,9010.66393954828,9012.52322944712,9009.980176428147,9010.179488914073,9010.179488914073,2070680,9000.386684401548,8996.789158060466,8996.789158060466,9002.883541168676,8996.789158060466,1,0,0,1,0,0,NIFTYIT
2015-02-19,9010.282220103789,9010.382581276066,9009.86000912485,9010.01348374637,9010.01348374637,2591041,9001.1203303443,8997.15650044063,8997.15650044063,9003.775655762449,8997.15650044063,1,1,0,0,0,0,NIFTYIT
2015-02-20,9016.973064790802,9020.428544986946,9016.624026171292,9017.289755820166,9017.289755820166,4473803,9001.859531601538,8997.700642477914,8997.700642477914,9005.275689096366,8997.700642477914,1,1,0,1,0,0,NIFTYIT
2015-02-23,9022.518153856585,9023.528349871418,9022.080769376957,9023.258497469398,9023.258497469398,1234173,9003.209554615274,8998.373217609269,8998.373217609269,9007.636122542266,8998.373217609269,1,0,0,1,0,0,NIFTYIT
2015-02-24,9019.70197164252,9020.4058937281,9019.560881580128,9018.641146946373,9018.641146946373,1433359,9004.330473216169,8998.892908105092,8998.892908105092,9009.101185643678,8998.892908105092,1,1,0,0,0,0,NIFTYIT
2015-02-25,9015.6863428154,9016.691285685272,9015.655043113664,9014.006720184178,9014.006720184178,1017547,9005.465470331927,8999.270753407069,8999.270753407069,9010.688987139927,8999.270753407069,1,0,0,0,0,0,NIFTYIT
2015-02-26,9010.971064995992,9011.30519168984,9009.095861134278,9011.353781340204,9011.353781340204,3025351,9006.58856882095,8999.56546140544,8999.56546140544,9011.613623328467,8999.56546140544,1,1,0,0,0,0,NIFTYIT
2015-02-27,9000.832371919654,9001.269705012077,8996.588263377633,9001.103761652272,9001.103761652272,3697552,9006.566218499724,8999.602087601792,8999.602087601792,9011.901715556978,8999.602087601792,1,1,0,0,0,0,NIFTYIT
2015-03-02,9009.278101406144,9010.096225619538,9008.095014602926,9008.257637957946,9008.257637957946,2528211,9006.634379743497,8999.803379470539,8999.803379470539,9012.046855691682,8999.803379470539,1,0,0,1,0,0,NIFTYIT
2015-03-03,9004.128000525348,9004.616921854798,9001.676760444447,9005.83101818922,9005.83101818922,3776496,9006.96772236765,8999.940371259601,8999.940371259601,9011.99352922202,8999.940371259601,1,1,0,0,0,0,NIFTYIT
2015-03-04,9005.879459608019,9007.73613337857,9005.769018116816,9005.497524139566,9005.497524139566,4336091,9007.204436956623,9000.063863545822,9000.063863545822,9011.525332744568,9000.063863545822,1,1,0,0,0,0,NIFTYIT
2015-03-05,9005.3404070156,9007.06549410383,9004.595167216272,9004.297123781678,9004.297123781678,2067004,9007.364676255273,9000.155890942255,9000.155890942255,9010.9536967481,9000.155890942255,1,0,0,0,0,0,NIFTYIT
2015-03-06,9002.795950702293,9003.38411505883,9002.612386075849,9001.995127798386,9001.995127798386,1977857,9007.349961521144,9000.195023641321,9000.195023641321,9009.424233945922,9000.195023641321,0,0,0,0,0,0,NIFTYIT
2015-03-09,8998.154464077414,9002.026252587388,8997.544248885237,8999.563585873631,8999.563585873631,1414291,9007.345432664306,9000.181868687827,9000.181868687827,9007.054742786346,9000.181868687827,1,0,0,0,0,0,NIFTYIT
2015-03-10,8996.704821106372,8997.83714958941,8995.023669495193,8995.617277886251,8995.617277886251,3659558,9006.926770762006,9000.08871377351,9000.08871377351,9004.752355880333,9000.08871377351,1,1,0,0,0,0,NIFTYIT
2015-03-11,9001.21679598493,9001.617826622405,8999.327473030104,9001.383783980888,9001.383783980888,1509759,9007.089524699966,9000.114615177656,9000.114615177656,9003.490062260005,9000.114615177656,1,0,0,1,0,0,NIFTYIT
2015-03-12,8997.691964998969,8999.960681146998,8997.152890054631,8997.61760097222,8997.61760097222,3155651,9006.865033775835,9000.065654114806,9000.065654114806,9002.116444223206,9000.065654114806,1,1,0,0,0,0,NIFTYIT
2015-03-13,9006.576496699765,9010.501674841076,9005.995530252338,9008.258592858032,9008.258592858032,2021727,9007.36682145038,9000.223210629098,9000.223210629098,9002.831927343783,9000.223210629098,1,0,0,1,0,0,NIFTYIT
2015-03-16,9000.11673029328,9002.011576479952,8998.311778598201,9000.896893319994,9000.896893319994,3324384,9007.071354285832,9000.235921623265,9000.235921623265,9002.095852879986,9000.235921623265,1,1,0,0,0,0,NIFTYIT
2015-03-17,8998.574145247036,8999.94928369226,8997.838171887992,8999.335535619915,8999.335535619915,3288542,9006.719916922539,9000.219247808389,9000.219247808389,9001.446304623056,9000.219247808389,0,0,0,0,0,0,NIFTYIT
2015-03-18,8991.411481112244,8994.794525858304,8990.486770466845,8991.038484335266,8991.038484335266,1114244,9005.762866693598,9000.05232483615,9000.05232483615,9000.000400642626,9000.05232483615,1,0,0,0,0,0,NIFTYIT
2015-03-19,8999.375383243276,9000.318853542738,8996.514330392323,8998.00414604449,8998.00414604449,3245131,9005.162399808503,9000.01575021487,9000.01575021487,8999.371102868909,9000.01575021487,1,1,0,1,0,0,NIFTYIT
2015-03-20,9001.074422622634,9001.724670883761,9000.863181908564,9000.919065884307,9000.919065884307,1240170,9004.343865311712,9000.031597858193,9000.031597858193,8999.263496677499,9000.031597858193,1,0,0,1,0,0,NIFTYIT
2015-03-23,8998.349844217099,8999.727927117438,8996.17840268412,9000.55588875914,9000.55588875914,4765139,9003.208734876196,9000.040637356486,9000.040637356486,8999.36272696605,9000.040637356486,1,1,0,0,0,0,NIFTYIT
2015-03-24,9003.35870247997,9004.430398389333,9002.546291304243,9004.269919985625,9004.269919985625,3367608,9002.490173528162,9000.112320112912,9000.112320112912,9000.227991175987,9000.112320112912,1,0,0,1,0,0,NIFTYIT
2015-03-25,9004.506521214813,9005.636731617,9003.160748841494,9004.754663052616,9004.754663052616,1258235,9002.027570671582,9000.189692495242,9000.189692495242,9000.56507908316,9000.189692495242,1,0,0,1,0,0,NIFTYIT
2015-03-26,8998.469213002307,8999.135586110027,8996.145720769444,8997.685456888159,8997.685456888159,3790657,9001.34415444898,9000.148639452502,9000.148639452502,9000.571864674755,9000.148639452502,1,1,0,0,0,0,NIFTYIT
2015-03-27,9000.025099420007,9000.963708411062,8998.269181034846,8997.736249931166,8997.736249931166,3180630,9001.175778862926,9000.109729944093,9000.109729944093,8999.519630382067,9000.109729944093,1,0,0,1,0,0,NIFTYIT
2015-03-30,8993.957608814528,8994.78349493041,8993.150700042659,8993.753892766128,8993.753892766128,2442317,9000.450591603334,9000.00884363968,9000.00884363968,8998.805330326682,9000.00884363968,1,0,0,0,0,0,NIFTYIT
2015-03-31,8991.121875221308,8992.641957908161,8990.628632146265,8989.872459688204,8989.872459688204,4016278,8999.652663678284,8999.85046264044,8999.85046264044,8997.85902273351,8999.85046264044,1,1,0,0,0,0,NIFTYIT
2015-04-01,8995.303483139178,8995.631888165239,8994.814641598545,8996.278933074478,8996.278933074478,1371857,8999.191734125028,8999.795516031732,8999.795516031732,8998.383067607432,8999.795516031732,1,0,0,1,0,0,NIFTYIT
2015-04-02,8999.328331477735,9000.451301216704,8996.018726402724,8997.974546639874,8997.974546639874,3619279,8998.875605267938,8999.767925586402,8999.767925586402,8998.38010766697,8999.767925586402,1,1,0,1,0,0,NIFTYIT
2015-04-03,9008.38047939657,9009.889519954371,9008.117546845637,9008.379307304387,9008.379307304387,3871151,8999.19481424324,8999.896453671745,8999.896453671745,8999.126131808978,8999.896453671745,0,1,0,1,0,0,NIFTYIT
2015-04-06,9009.733670083631,9011.2815978092,9009.529115249516,9009.046828934264,9009.046828934264,3085254,8999.66897639627,9000.03101801384,9000.03101801384,8999.975225826489,9000.03101801384,1,0,0,1,0,0,NIFTYIT
2015-04-07,9014.336608026952,9016.757654509716,9013.317738352673,9015.690041407266,9015.690041407266,3591856,9000.67261457232,9000.25796038186,9000.25796038186,9001.117237968656,9000.25796038186,1,1,0,1,0,0,NIFTYIT
2015-04-08,9020.557414134477,9022.07982339945,9016.466356454355,9020.0904285421,9020.0904285421,3607181,9001.607946800383,9000.541281355578,9000.541281355578,9002.650814517603,9000.541281355578,0,1,0,1,0,0,NIFTYIT
2015-04-09,9028.480094668235,9029.581024564426,9027.58587280992,9028.262143207066,9028.262143207066,4443270,9003.140173912125,9000.931716029541,9000.931716029541,9005.708483149494,9000.931716029541,1,1,0,1,0,0,NIFTYIT
2015-04-10,9022.872617461113,9024.102594472784,9020.409967215524,9022.982884501584,9022.982884501584,1552246,9003.876388494302,9001.23798225832,9001.23798225832,9008.233146606535,9001.23798225832,1,0,0,0,0,0,NIFTYIT
2015-04-13,9026.775135698585,9029.882694522856,9024.830559396732,9026.100608370827,9026.100608370827,2854211,9005.136574246844,9001.57856617767,9001.57856617767,9011.467818167006,9001.57856617767,1,1,0,1,0,0,NIFTYIT
2015-04-14,9023.763851807898,9025.719062290082,9021.187954618175,9022.016439162164,9022.016439162164,2832867,9006.270619423954,9001.854753650434,9001.854753650434,9014.682216114401,9001.854753650434,0,0,0,0,0,0,NIFTYIT
2015-04-15,9025.454775744643,9026.315946986246,9025.353509619688,9024.8860466335,9024.8860466335,3966263,9007.962997538867,9002.161837556874,9002.161837556874,9017.542927470302,9002.161837556874,1,1,0,1,0,0,NIFTYIT
2015-04-16,9022.7917722294,9026.169409475497,9021.702683390984,9023.278251728125,9023.278251728125,1444143,9009.226702823049,9002.43968511176,9002.43968511176,9020.073297979128,9002.48360092652,1,0,0,0,0,0,NIFTYIT
2015-04-17,9024.011730112468,9029.785708984991,9023.029919389131,9022.835111060102,9022.835111060102,3349188,9010.322505081838,9002.704560773425,9002.704560773425,9021.5188783547,9002.837211480719,1,1,0,0,0,0,NIFTYIT
2015-04-20,9020.110341998728,9020.913163992178,9018.445871133872,9020.840688423665,9020.840688423665,4462881,9011.336745065066,9002.93707523048,9002.93707523048,9022.69826430364,9003.298930078017,1,1,0,0,0,0,NIFTYIT
2015-04-21,9016.12623054281,9021.029414195662,9015.043649526771,9015.89280145237,9015.89280145237,1171773,9011.917889138402,9003.101071764935,9003.101071764935,9022.71854030815,9003.65197604873,1,0,0,0,0,0,NIFTYIT
2015-04-22,9020.27017164587,9020.459304687189,9019.265234308728,9020.791721812988,9020.791721812988,3690569,9012.71974207642,9003.322204890535,9003.322204890535,9022.78866963524,9004.007520844456,1,1,0,1,0,0,NIFTYIT
2015-04-23,9020.975164577016,9022.019705556486,9018.169366540316,9019.097717000464,9019.097717000464,2427592,9013.790355082037,9003.571601365482,9003.516964299299,9021.872227014579,9004.379863739863,1,0,0,0,0,0,NIFTYIT
2015-04-24,9012.396797510582,9012.949838980729,9011.6090931453,9010.704885830875,9010.704885830875,1921508,9014.43878687702,9003.751483444681,9003.604621878954,9020.644427147508,9004.677755195578,1,0,0,0,0,0,NIFTYIT
2015-04-27,9006.394744586692,9006.69194653607,9005.933263736582,9006.052251807436,9006.052251807436,2418350,9015.053704829088,9003.999489171943,9003.634111396164,9018.63959149117,9004.969967202627,1,1,0,0,0,0,NIFTYIT
2015-04-28,9000.651244870345,9001.878935636136,8996.884909141974,9001.034226849848,9001.034226849848,2952422,9015.611793187169,9004.144737586954,9003.60316038966,9016.541370259938,9005.175417771983,1,1,0,0,0,0,NIFTYIT
2015-04-29,9008.920546174932,9009.132527772656,9006.524407452842,9009.974308717085,9009.974308717085,3890940,9016.296561969299,9004.342843169248,9003.678115075865,9015.050196468295,9005.482507620767,1,1,0,1,0,0,NIFTYIT
2015-04-30,9011.48763382322,9014.81903496289,9007.246584812274,9010.942217921982,9010.942217921982,2591554,9016.944945533405,9004.589970895213,9003.76258138803,9013.816593087682,9005.735603960213,1,0,0,1,0,0,NIFTYIT
2015-05-01,9004.561692829466,9005.290438266138,9004.2595703035,9005.956637154392,9005.956637154392,2674701,9016.823812025905,9004.809891026487,9003.787800419826,9012.128745697111,9005.886757147235,0,1,0,0,0,0,NIFTYIT
2015-05-04,9003.270149915883,9004.049605236927,9002.09649307534,9004.183976014188,9004.183976014188,2347232,9016.5806693799,9005.06048633568,9003.792302415217,9010.463074456162,9005.995036742359,1,0,0,0,0,0,NIFTYIT
2015-05-05,9004.381221911926,9007.028108179931,9002.662135707007,9004.146004650851,9004.146004650851,1288921,9016.003467542081,9005.291993466966,9003.796276597639,9009.28839477601,9006.025296383208,1,0,0,0,0,0,NIFTYIT
2015-05-06,9011.48445360172,9016.881644736324,9010.673605570664,9010.95977573527,9010.95977573527,2102122,9015.546934901738,9005.592208537928,9003.875871032502,9008.305200168239,9006.252553984532,1,1,0,1,0,0,NIFTYIT
2015-05-07,9009.578643326093,9011.640210830854,9006.4794224817,9009.66276941409,9009.66276941409,1966688,9014.61696621209,9005.813493249809,9003.939463322411,9007.361705409601,9006.443516711503,0,0,0,0,0,0,NIFTYIT
2015-05-08,9008.875758273254,9011.397350645117,9006.808061534293,9008.56567835017,9008.56567835017,4843296,9013.89610590452,9005.987812377589,9003.989748268365,9007.14778466153,9006.524316013833,1,1,0,0,0,0,NIFTYIT
2015-05-11,9004.435996443326,9004.968642345546,9003.950295853185,9005.304182318096,9005.304182318096,2801804,9012.856284601883,9006.103327076818,9004.003881967825,9007.072977712596,9006.644931282144,1,0,0,0,0,0,NIFTYIT
2015-05-12,9012.46431619002,9012.596941412556,9011.382760569497,9012.282589592693,9012.282589592693,3645414,9012.36959212341,9006.233402801887,9004.091953325535,9008.19781398688,9006.859062144335,1,1,0,1,0,0,NIFTYIT
2015-05-13,9011.587903543788,9015.43054510504,9010.605626813063,9012.901898376558,9012.901898376558,3008168,9011.770384710562,9006.470733336144,9004.18468958923,9008.49057295283,9007.146997084434,1,0,0,1,0,0,NIFTYIT
2015-05-14,9013.432204618515,9014.78224740125,9013.19789609381,9013.28747817547,9013.28747817547,2080375,9011.270846032929,9006.695069752195,9004.27951030367,9008.725098978179,9007.47227263931,1,0,0,1,0,0,NIFTYIT
2015-05-15,9011.204060890885,9012.939522537175,9010.4424477534,9010.53807589885,9010.53807589885,1483985,9010.655994274868,9006.795474067489,9004.344031598466,9009.183242852623,9007.592103410272,1,0,0,0,0,0,NIFTYIT
2015-05-18,9001.842057695954,9002.213115853547,8998.566164032512,9002.242479474739,9002.242479474739,3050369,9009.726083827421,9006.870279595989,9004.32258718904,9008.989093198677,9007.530077628835,1,1,0,0,0,0,NIFTYIT
2015-05-19,9005.586746890327,9005.741640052465,9002.609867820227,9005.865539319146,9005.865539319146,2220769,9009.22472072076,9006.990814150873,9004.338172564092,9009.161046665507,9007.619429277007,1,0,0,1,0,0,NIFTYIT
2015-05-20,9009.069281412065,9011.751246855154,9006.958761150247,9008.572882933213,9008.572882933213,3661286,9008.61377877677,9007.206640464176,9004.380519667782,9008.922357385303,9007.723557951314,1,1,0,1,0,0,NIFTYIT
2015-05-21,9016.498664408686,9018.826632847416,9015.646835865107,9015.553495390208,9015.553495390208,3699254,9008.436567696259,9007.539911512056,9004.491143189787,9009.511429982915,9007.916373385737,0,1,0,1,0,0,NIFTYIT
2015-05-22,9011.861507718377,9012.42449841583,9010.44677393463,9011.556441287024,9011.556441287024,2391151,9008.479145469066,9007.664982427184,9004.56041081819,9009.8105062766,9008.039933636483,1,0,0,0,0,0,NIFTYIT
2015-05-25,9005.633705330183,9007.222005529324,9002.774386426066,9005.65105060765,9005.65105060765,1661854,9008.459085409075,9007.649440396248,9004.570999554011,9009.845193105555,9008.119892137782,1,0,0,0,0,0,NIFTYIT
2015-05-26,9014.54891663288,9016.736010857474,9014.398874943434,9013.329264963038,9013.329264963038,3824738,9009.073837314736,9007.82650413696,9004.655213644483,9009.94986064259,9008.244408791525,1,1,0,1,0,0,NIFTYIT
2015-05-27,9021.596035590794,9022.508466638072,9020.60807200133,9020.900992867517,9020.900992867517,3468416,9009.620171522258,9008.078226143301,9004.80993535137,9010.749770091687,9008.54803929347,0,0,0,1,0,0,NIFTYIT
2015-05-28,9009.401650467293,9009.74487214334,9008.052814703971,9009.470093001755,9009.470093001755,4618664,9009.546565276247,9008.182948083217,9004.853899102787,9010.368031574315,9008.646208274096,1,1,0,0,0,0,NIFTYIT
2015-05-29,9009.87186436294,9012.477571040978,9007.812924951812,9009.530698201315,9009.530698201315,2694605,9009.725268328593,9008.273464029719,9004.897607505578,9010.267293804562,9008.796979725217,1,0,0,1,0,0,NIFTYIT
2015-06-01,9006.304918513802,9006.616545674846,9005.668441133073,9005.627302760176,9005.627302760176,3669469,9009.797434665892,9008.348128276592,9004.90436394312,9010.605776133105,9008.78126060721,1,1,0,0,0,0,NIFTYIT
2015-06-02,9004.940738521242,9005.059347802187,9004.784204186168,9006.61965189651,9006.61965189651,3811415,9009.921117028174,9008.380992476144,9004.920100529847,9010.681187390841,9008.78466552735,0,1,0,1,0,0,NIFTYIT
2015-06-03,8991.312810075815,8991.500710618186,8987.962107898178,8993.042647800554,8993.042647800554,1738106,9009.025260631439,9008.317416758382,9004.812123686856,9009.128163877574,9008.556174312504,1,0,0,0,0,0,NIFTYIT
2015-06-04,8981.64706165705,8983.006475009692,8978.247501336713,8981.777469284012,8981.777469284012,2975304,9007.630995624935,9008.063292381248,9004.60460427782,9005.750561266956,9008.179694119672,1,1,0,0,0,0,NIFTYIT
2015-06-05,8984.552021281952,8987.139151955607,8982.782385064416,8983.57941562096,8983.57941562096,1471755,9006.381682488474,9007.880249584417,9004.416879379098,9002.952858700348,9007.730222917015,1,0,0,1,0,0,NIFTYIT
2015-06-08,8982.7316703752,8985.059462638797,8981.983156114678,8983.053108881337,8983.053108881337,1280251,9005.269128816635,9007.5833354878,9004.227819463189,9000.693064527717,9007.194151069174,1,0,0,0,0,0,NIFTYIT
2015-06-09,8981.419507836401,8982.443888726872,8978.93085764898,8980.127246175605,8980.127246175605,3075591,9003.661361645782,9007.255372528922,9004.016410925578,8997.372862648974,9006.680632392232,1,1,0,0,0,0,NIFTYIT
2015-06-10,8979.942231360885,8981.075864959996,8978.658230134159,8979.39830845893,8979.39830845893,4424237,9001.9861821499,9006.870607773231,9003.802340469347,8993.222594208115,9006.21918690256,1,1,0,0,0,0,NIFTYIT
2015-06-11,8982.88464843568,8984.383579151847,8980.88199472914,8984.607451792668,8984.607451792668,3861461,9000.55218083076,9006.55303237381,9003.6368672911,8990.736330087208,9005.86256917526,1,0,0,1,0,0,NIFTYIT
2015-06-12,8987.518308921126,8989.47497153161,8986.512781030548,8989.186162266506,8989.186162266506,3171798,8999.484585149145,9006.20173745439,9003.513356991743,8988.701876493726,9005.703667850117,1,0,0,1,0,0,NIFTYIT
2015-06-15,8986.208521220411,8992.40785945051,8982.160391045167,8985.11018325296,8985.11018325296,4218390,8998.627970338053,9005.724883526684,9003.357397892261,8986.650164543005,9005.395035120717,1,1,0,0,0,0,NIFTYIT
2015-06-16,8989.527148311727,8990.488245346221,8986.407754823584,8990.341967259781,8990.341967259781,3019305,8997.851791735085,9005.371143780601,9003.248024525605,8985.022396079332,9005.18851444166,1,0,0,1,0,0,NIFTYIT
2015-06-17,8984.943483492147,8986.638958497782,8984.816037404882,8984.940912891258,8984.940912891258,3082808,8996.670193232989,9005.00782118944,9003.095465261984,8984.212222588401,9004.914426291682,0,1,0,0,0,0,NIFTYIT
2015-06-18,8983.006356571967,8984.469561301477,8982.662176163392,8983.37940772901,8983.37940772901,1130882,8995.06148884993,9004.658141519301,9002.932522637744,8984.372416432901,9004.635523410978,1,0,0,0,0,0,NIFTYIT
2015-06-19,8991.768313235914,8997.593437847998,8990.856257772251,8994.145935139011,8994.145935139011,3168235,8994.190963542529,9004.571168687884,9002.860501428739,8985.429068384707,9004.530867508853,1,1,0,1,0,0,NIFTYIT
2015-06-22,9002.374870572407,9002.626647255966,9001.701782957954,9003.217362467381,9003.217362467381,4884413,8994.069279135514,9004.508165244253,9002.863402737996,8987.445493743311,9004.579584530104,1,1,0,1,0,0,NIFTYIT
2015-06-23,9005.673062262938,9006.628968860094,9005.01576657965,9005.374712229826,9005.374712229826,4147823,8993.671551498854,9004.502461419761,9002.883655233898,8989.970240348734,9004.709683654684,1,0,0,1,0,0,NIFTYIT
2015-06-24,8991.004014778964,8992.026183727154,8988.776827263971,8992.821023834395,8992.821023834395,1196112,8992.267553047199,9004.344005165945,9002.8031541827,8991.312511886279,9004.595513519398,1,0,0,0,0,0,NIFTYIT
2015-06-25,8987.058243670443,8988.478370027044,8985.601808783478,8986.609570714852,8986.609570714852,3974582,8991.124526932854,9004.12291075261,9002.674633678987,8991.512723778498,9004.448739782634,1,1,0,0,0,0,NIFTYIT
2015-06-26,8990.25232396727,8991.979453351676,8989.353410968166,8988.279284192271,8988.279284192271,2056646,8990.061956232401,9003.951462707535,9002.56128447043,8991.422035971074,9004.182349000423,1,0,0,1,0,0,NIFTYIT
2015-06-29,8990.287715126005,8990.953760464154,8989.883900079647,8991.292660565476,8991.292660565476,1010422,8989.345224122666,9003.848076141181,9002.473248346174,8992.040283702327,9004.054292563695,1,0,0,1,0,0,NIFTYIT
2015-06-30,8989.51578033014,8991.73267979931,8987.582961434442,8989.436389841318,8989.436389841318,1498869,8988.486061019907,9003.770815040622,9002.372187427532,8991.94972596048,9003.922303953315,1,1,0,0,0,0,NIFTYIT
2015-07-01,8988.424167913778,8989.682407064764,8986.44100266798,8990.131383249323,8990.131383249323,4471373,8988.340497792346,9003.630160031476,9002.278027395392,8992.468772996286,9003.910209272168,1,1,0,1,0,0,NIFTYIT
2015-07-02,8998.050015323806,9001.793783184075,8997.661910949791,8996.182445122935,8996.182445122935,2340168,8989.06074658429,9003.61222058336,9002.231496233006,8993.74907673568,9003.885919926546,1,0,0,1,0,0,NIFTYIT
2015-07-03,9006.079495830138,9006.770075425766,9004.92970959158,9006.376306820895,9006.376306820895,4712454,8990.200591144287,9003.588692007896,9002.262896313217,8994.972113903868,9003.958683139035,1,1,0,1,0,0,NIFTYIT
2015-07-06,9007.366010793292,9010.171807420733,9006.664436807338,9007.166728749231,9007.166728749231,4794799,8991.406272137681,9003.667064950761,9002.299767233788,8995.367050532052,9004.046827672237,0,1,0,1,0,0,NIFTYIT
2015-07-07,9006.554879709585,9009.797386130753,9006.052110742783,9007.009659996673,9007.009659996673,4991927,8992.750392828735,9003.76299150547,9002.334915687243,8995.530545308737,9004.08335753905,0,1,0,0,0,0,NIFTYIT
2015-07-08,8998.430238710705,8999.33786067581,8995.644213095906,8999.717785934175,8999.717785934175,2832805,8993.766366702497,9003.871482775456,9002.315529540925,8996.220221518715,9004.016199177471,1,0,0,0,0,0,NIFTYIT
2015-07-09,9011.86321836567,9016.132321470515,9011.298619390967,9010.455853590234,9010.455853590234,4099090,8995.058786792377,9004.027129119779,9002.375384864818,8998.604849806254,9004.186471133498,1,1,0,1,0,0,NIFTYIT
2015-07-10,9016.726759962765,9017.921787099898,9016.533427769817,9016.095772175113,9016.095772175113,2926543,8996.404267287808,9004.216837948414,9002.475533677301,9001.386498604537,9004.431264763418,1,0,0,1,0,0,NIFTYIT
2015-07-13,9006.339003909432,9007.4787586711,9004.209285006193,9005.866820999927,9005.866820999927,2922761,8997.442099175154,9004.283224601424,9002.500108223117,9002.843914647983,9004.592770473202,0,0,0,0,0,0,NIFTYIT
2015-07-14,8999.991203074183,9001.052153554454,8996.824667208108,9001.164102479921,9001.164102479921,4412085,8997.983205936162,9004.244401882603,9002.490496671007,9004.016685911844,9004.743325710426,1,1,0,0,0,0,NIFTYIT
2015-07-15,9004.014564365574,9004.094752172039,9003.632279062214,9004.314040289186,9004.314040289186,4191993,8998.951862306058,9004.238894098058,9002.503521982566,9005.434951615829,9004.850460473288,0,0,0,1,0,0,NIFTYIT
2015-07-16,9007.460718714754,9008.13989796241,9005.952431760626,9008.595384456978,9008.595384456978,1625132,9000.212661142456,9004.375268192669,9002.546726680965,9006.676245549232,9004.992071644183,1,0,0,1,0,0,NIFTYIT
2015-07-17,8995.772074615805,8996.941825402482,8991.372223160704,8996.219881611634,8996.219881611634,3757567,9000.316358466087,9004.356313588676,9002.502171433998,9005.660603028307,9004.829945968278,1,1,0,0,0,0,NIFTYIT
2015-07-20,9004.360152838211,9005.03824196834,9003.032474481322,9004.683852262286,9004.683852262286,1253320,9000.389682955833,9004.492938082378,9002.517427943287,9005.412315379614,9004.771772945986,1,0,0,1,0,0,NIFTYIT
2015-07-21,8998.880900866512,8999.16452157098,8997.898382140358,8999.906240738235,8999.906240738235,4298926,9000.116259381253,9004.618360345503,9002.499294698808,9004.70197345377,9004.5613222704,1,1,0,0,0,0,NIFTYIT
2015-07-22,9006.01046678873,9007.84364342006,9005.784757047675,9006.080032670881,9006.080032670881,3178507,9000.779209823077,9004.740874090458,9002.523989443442,9005.33819812744,9004.374516992115,1,0,0,1,0,0,NIFTYIT
2015-07-23,9013.080596033691,9015.93720481703,9009.983336318925,9011.578585906724,9011.578585906724,4738641,9002.02766058267,9004.910924581292,9002.586007227439,9005.450471359089,9004.152069561445,1,1,0,1,0,0,NIFTYIT
2015-07-24,9010.819329029093,9012.688000722328,9010.490847710867,9010.19383266901,9010.19383266901,3010498,9003.123388006508,9004.933606148352,9002.637761142007,9004.860277408477,9003.981548870346,1,0,0,0,0,0,NIFTYIT
2015-07-27,9011.8085381563,9013.665847921353,9008.4112285323,9011.404170637164,9011.404170637164,2986855,9004.128963510093,9004.963072919638,9002.696993638594,9005.4140123722,9003.78559636723,0,0,0,1,0,0,NIFTYIT
2015-07-28,9017.211257915716,9017.501188818438,9017.037847000487,9019.298556328718,9019.298556328718,3463959,9005.622071834463,9005.008179356157,9002.808413522422,9007.227457757082,9003.74935792945,1,1,0,1,0,0,NIFTYIT
2015-07-29,9012.04512136169,9013.699447061888,9010.416977593735,9012.591099357973,9012.591099357973,1094958,9006.745057639895,9004.914437741354,9002.873631427992,9008.055163663961,9003.58542529911,1,0,0,0,0,0,NIFTYIT
2015-07-30,9011.19112966365,9012.78546119118,9010.020813158808,9010.939418792092,9010.939418792092,3712408,9007.482906323352,9004.697903686169,9002.92704723835,9008.289567097472,9003.42090752663,1,1,0,0,0,0,NIFTYIT
2015-07-31,9016.353154177204,9017.429780724578,9014.64396777562,9017.223495552018,9017.223495552018,4757034,9008.025265759909,9004.625911324298,9003.021102819363,9010.38992849151,9003.34608598652,1,1,0,1,0,0,NIFTYIT
2015-08-03,9031.680840776107,9032.960317086869,9029.937074411528,9030.909593732657,9030.909593732657,4697977,9009.21240900908,9004.686023641321,9003.203380537749,9013.012502638547,9003.480338057307,0,0,0,1,0,0,NIFTYIT
2015-08-04,9021.87258981544,9024.881461854126,9018.830512185374,9021.189685332933,9021.189685332933,3625988,9009.921410275892,9004.675689218455,9003.32017472473,9015.140847098017,9003.550963175716,1,0,0,0,0,0,NIFTYIT
2015-08-05,9016.94906903696,9018.133019681298,9015.172475906556,9017.452829539649,9017.452829539649,3269451,9010.808162456167,9004.582774004783,9003.411353142892,9016.278126784893,9003.50644461207,0,0,0,0,0,0,NIFTYIT
2015-08-06,9019.72311660449,9020.644474782286,9017.294679587849,9020.837855716149,9020.837855716149,4707996,9011.327262562463,9004.552269054631,9003.523061492719,9017.204053765836,9003.529646461613,1,1,0,1,0,0,NIFTYIT
2015-08-07,9025.578697275669,9026.175079416076,9025.346587048747,9025.62730944897,9025.62730944897,1773221,9011.803839426155,9004.587171534495,9003.663852880976,9018.747401443832,9003.728612109855,1,0,0,1,0,0,NIFTYIT
2015-08-10,9029.284216176544,9031.889899672517,9027.341889584928,9028.539245835513,9028.539245835513,1535773,9012.937460667934,9004.683403502142,9003.821292076891,9020.460908963669,9004.028438696896,1,0,0,1,0,0,NIFTYIT
2015-08-11,9029.828374644578,9033.30063925442,9029.691069746355,9027.512504663631,9027.512504663631,1765513,9014.25488077712,9004.828649792282,9003.970293413915,9021.282303797158,9004.381482401079,1,1,0,0,0,0,NIFTYIT
2015-08-12,9020.773462879662,9020.80120220187,9018.223990824685,9020.802154295672,9020.802154295672,4403574,9015.079286477445,9004.828780198315,9004.075492544425,9022.103409290929,9004.52585367546,1,1,0,0,0,0,NIFTYIT
2015-08-13,9023.001404769211,9027.130641606427,9022.273411312306,9022.543062703327,9022.543062703327,4620012,9015.776670389761,9004.871847019602,9004.19019794914,9023.263773682052,9004.680531605878,0,1,0,1,0,0,NIFTYIT
2015-08-14,9016.918436609236,9017.03234007674,9015.964455581408,9016.154196494956,9016.154196494956,2363854,9016.773386133927,9004.939963402901,9004.264049792015,9023.156843776345,9004.816499063752,1,0,0,0,0,0,NIFTYIT
2015-08-17,9009.021896085327,9009.346894740447,9006.324841489799,9008.457458664392,9008.457458664392,1894414,9016.962066454033,9004.970028488613,9004.289776226815,9020.91163026952,9004.873478832422,1,0,0,0,0,0,NIFTYIT
2015-08-18,9007.683286937834,9007.825970709571,9005.184880137771,9007.139673366964,9007.139673366964,3614818,9017.32373808547,9005.046346570078,9004.3071536484,9019.506629072923,9004.913394415304,1,1,0,0,0,0,NIFTYIT
2015-08-19,8997.529800933076,9000.793503610043,8996.119766429167,8999.697005838207,8999.697005838207,3423438,9017.004586743835,9004.917880284092,9004.279213358643,9017.731046702778,9004.763224150009,0,0,0,0,0,0,NIFTYIT
2015-08-20,8997.214397797616,8997.439578379552,8994.488941218495,8995.964335470335,8995.964335470335,1199563,9016.223874222018,9004.730656753445,9004.229123732808,9015.243694678198,9004.580578364092,1,0,0,0,0,0,NIFTYIT
2015-08-21,8997.462278148074,8999.208089557324,8996.963262350562,8996.729521955758,8996.729521955758,3515060,9015.550658686352,9004.615317813465,9004.184215937737,9012.353915928876,9004.4227629455,1,1,0,1,0,0,NIFTYIT
2015-08-24,8987.321047538544,8990.540586111289,8985.104358776573,8986.591388446534,8986.591388446534,3789362,9014.310019576822,9004.39541046887,9004.07949672648,9008.159130189977,9004.173259027213,0,1,0,0,0,0,NIFTYIT
2015-08-25,8992.578585970612,8993.556272945,8991.85365959292,8992.9108026287,8992.9108026287,2205219,9012.99063189182,9004.254970443591,9004.013409779154,9004.698959986485,9003.91496853436,1,0,0,1,0,0,NIFTYIT
2015-08-26,8993.45060345617,8993.58360768652,8992.599365921324,8993.452749527152,8993.452749527152,1468360,9012.03371440028,9004.03613261599,9003.951288248261,9001.964019509633,9003.655646549701,1,0,0,1,0,0,NIFTYIT
2015-08-27,8994.940245314463,8996.172207657335,8993.89023007043,8993.48113960303,8993.48113960303,3644468,9011.160800440828,9003.833862243351,9003.890059308815,8999.057827199602,9003.391562035402,1,1,0,1,0,0,NIFTYIT
2015-08-28,8995.771345282223,8997.651658901157,8994.511041731426,8996.131596927215,8996.131596927215,3343896,9010.106205509586,9003.678436225564,9003.844951969388,8997.055567242827,9003.199475649113,0,0,0,1,0,0,NIFTYIT
2015-08-31,9000.56864011049,9002.275073505782,8997.37345686966,8999.395774980596,8999.395774980596,2893086,9008.530514571985,9003.604581133844,9003.819234183324,8996.14939887445,9003.161519589192,1,0,0,1,0,0,NIFTYIT
2015-09-01,8989.168011873498,8989.596362317247,8988.385466780308,8989.99056937858,8989.99056937858,2809736,9006.970558774266,9003.32593088117,9003.73975909824,8994.43448847561,9002.949853323318,0,0,0,0,0,0,NIFTYIT
2015-09-02,8997.897223407936,8997.989908931879,8993.635469241519,8997.687859008442,8997.687859008442,3815502,9005.982310247706,9003.135755389068,9003.705176812013,8994.233573792635,9002.804719670989,1,1,0,1,0,0,NIFTYIT
2015-09-03,8996.73571218064,8997.394696279696,8994.303253458665,8996.990507128441,8996.990507128441,1239626,9004.78994281832,9002.932043250981,9003.66702527972,8994.336190958446,9002.55721316083,1,0,0,0,0,0,NIFTYIT
2015-09-04,8995.755313051866,8996.626417868032,8994.68265245164,8995.875634332011,8995.875634332011,3666200,9003.302359062473,9002.748762731393,9003.623006121823,8994.250802196071,9002.348135734763,1,1,0,0,0,0,NIFTYIT
2015-09-07,8996.55270487576,8997.016795230731,8992.523071680806,8994.895857494208,8994.895857494208,3995933,9001.620189645408,9002.656929956636,9003.57397719695,8995.081249100836,9002.204733159917,0,1,0,0,0,0,NIFTYIT
2015-09-08,9002.34222043199,9003.487540415957,8999.801553898564,9001.95863478676,9001.95863478676,1686792,9000.342496151565,9002.608093649982,9003.564952937673,8995.986032316645,9002.053124757565,1,0,0,1,0,0,NIFTYIT
2015-09-09,8996.633839639799,8997.22114385103,8995.294882874687,8996.535419582258,8996.535419582258,1007582,8999.129159415894,9002.457625358096,9003.52589997459,8996.294299322155,9001.728250447095,1,0,0,0,0,0,NIFTYIT
2015-09-10,8996.289752127794,8997.552501680913,8992.2871310488,8996.629180650272,8996.629180650272,3318163,8997.83346531324,9002.221071423846,9003.487796552907,8996.60910342688,9001.55703828241,1,1,0,1,0,0,NIFTYIT
2015-09-11,8998.779841505468,8999.364304196966,8997.73502631355,8997.205458153918,8997.205458153918,2377360,8996.886028396188,9002.041684134683,9003.453278210056,8996.716489549548,9001.392701748446,1,0,0,1,0,0,NIFTYIT
2015-09-14,8998.815642079586,9000.126914131934,8996.934116802113,8999.17933923347,8999.17933923347,1817980,8996.422122424641,9001.960787742504,9003.42992335226,8996.694845974835,9001.306728901422,1,0,0,1,0,0,NIFTYIT
2015-09-15,8993.988940451078,8994.61977137259,8993.586785007956,8993.344199966377,8993.344199966377,1364201,8995.732348754613,9001.710974430047,9003.375109638206,8997.030209033615,9001.129722875687,1,0,0,0,0,0,NIFTYIT
2015-09-16,8987.044932001772,8987.23676405025,8986.710283743994,8987.363463200792,8987.363463200792,3681786,8995.115671622743,9001.291755309212,9003.288560198005,8995.997769452852,9001.054000414355,1,1,0,0,0,0,NIFTYIT
2015-09-17,8988.45208159022,8991.618435203445,8988.224143301137,8988.97141599549,8988.97141599549,2578672,8994.766025649,9001.035521846634,9003.211586304442,8995.195860339556,9001.149919703841,1,0,0,1,0,0,NIFTYIT
2015-09-18,8987.286133600921,8989.343523000438,8986.191763608362,8987.693164664131,8987.693164664131,2947810,8994.31420778442,9000.76255267742,9003.128600092461,8994.377613372768,9001.204769691087,1,1,0,0,0,0,NIFTYIT
2015-09-21,8986.9845664093,8988.360652710613,8986.46296132924,8988.021128377475,8988.021128377475,2072672,8994.385694780965,9000.542475497636,9003.048241200362,8993.690140461094,9001.271009951033,1,0,0,1,0,0,NIFTYIT
2015-09-22,8988.38418262142,8988.407961589786,8985.821816735468,8988.386278347107,8988.386278347107,1561277,8994.159468566886,9000.31455832827,9002.970664677328,8992.332904817129,9001.381130379987,1,0,0,1,0,0,NIFTYIT
2015-09-23,8991.30557874094,8992.508477895823,8988.622650741512,8990.323527249904,8990.323527249904,1038577,8994.003007453024,9000.280569321385,9002.904100796131,8991.711715583893,9001.526799963867,1,0,0,1,0,0,NIFTYIT
2015-09-24,8994.223668498045,8996.574072080153,8993.126664026635,8994.08865965031,8994.08865965031,2289103,8994.033383455388,9000.434459200964,9002.857946654007,8991.457663483898,9001.653216068637,1,1,0,1,0,0,NIFTYIT
2015-09-25,8990.995679886788,8993.52203855521,8988.84987397488,8989.801063730058,8989.801063730058,1013983,8993.71685679553,9000.512229802329,9002.789942055444,8990.717224041513,9001.661414754815,1,0,0,0,0,0,NIFTYIT
2015-09-28,8988.133464718827,8989.546140534048,8987.468879519149,8987.40557236783,8987.40557236783,1250522,8993.117346664892,9000.56663559591,9002.710230295404,8989.539847354947,9001.692019943015,1,1,0,0,0,0,NIFTYIT
2015-09-29,8978.223454064553,8978.227772719521,8976.513721487088,8978.954488478208,8978.954488478208,1361530,8992.565542619874,9000.551976124692,9002.587778017996,8988.10087620613,9001.540186892595,0,1,0,0,0,0,NIFTYIT
2015-09-30,8977.18751184894,8979.839181102823,8977.137480072148,8978.272800532504,8978.272800532504,2793798,8991.594789696077,9000.537907275611,9002.463085825762,8987.1918099393,9001.451278727809,1,1,0,0,0,0,NIFTYIT
2015-10-01,8974.684144472241,8975.628657529773,8970.585055308247,8975.389368104565,8975.389368104565,4732348,8990.514732744883,9000.422681229511,9002.3249546129,8985.833605150208,9001.34474486615,1,1,0,0,0,0,NIFTYIT
2015-10-02,8977.327749996757,8977.827801135885,8975.518865121492,8977.211010689402,8977.211010689402,1148501,8989.581501562752,9000.272991834796,9002.197472664051,8984.785389752735,9001.11894587349,1,0,0,1,0,0,NIFTYIT
2015-10-05,8972.483222691415,8975.329370498592,8972.374332919831,8971.151417986137,8971.151417986137,4682162,8988.394279587348,9000.098507268962,9002.040674408101,8983.098418713602,9000.691399947073,1,1,0,0,0,0,NIFTYIT
2015-10-06,8971.840799981925,8972.002582909938,8968.945390267603,8971.871335966734,8971.871335966734,4962869,8986.889914646348,8999.867624377799,9001.889069692315,8981.446924475564,9000.244688263565,0,1,0,1,0,0,NIFTYIT
2015-10-07,8972.035814462211,8972.210801311123,8971.250557383635,8971.089076825705,8971.089076825705,2255972,8985.617597508519,8999.694476426977,9001.735069727982,8979.523479433145,8999.954928970115,1,0,0,0,0,0,NIFTYIT
2015-10-08,8968.824363906942,8971.926994675216,8968.290869718037,8968.86740252517,8968.86740252517,3553647,8984.229508602264,8999.513076361929,9001.57154899563,8977.00135372063,8999.718366727588,1,1,0,0,0,0,NIFTYIT
2015-10-09,8974.007948688313,8976.844438397538,8972.708216326144,8972.989692747378,8972.989692747378,4262930,8983.018720331938,8999.248623332036,9001.430054657767,8975.320216622362,8999.514505508321,1,1,0,1,0,0,NIFTYIT
2015-10-12,8964.326346443202,8965.957017094452,8964.256592383328,8965.859254191395,8965.859254191395,1582073,8981.352716079835,8998.781646978587,9001.254829039706,8973.16558480472,8999.175393423335,1,0,0,0,0,0,NIFTYIT
2015-10-13,8960.479042083347,8962.14123916599,8960.465701551795,8960.611835483523,8960.611835483523,1000468,8979.716097855691,8998.222111019257,9001.055598679137,8971.33131950525,8998.791066031896,1,0,0,0,0,0,NIFTYIT
2015-10-14,8955.531956621295,8956.3400923402,8954.148681723313,8955.905253102981,8955.905253102981,2355134,8978.1431873508,8997.760663885114,9000.835353090959,8969.0945647623,8998.334717629945,1,1,0,0,0,0,NIFTYIT
2015-10-15,8953.438060264183,8953.82789625417,8952.288072226915,8952.250525119232,8952.250525119232,3058873,8976.307142806987,8997.331175815169,9000.599504411484,8966.780680463766,8997.748958696564,1,1,0,0,0,0,NIFTYIT
2015-10-16,8957.450943611779,8958.550768239123,8954.784494053236,8957.274266624103,8957.274266624103,2589326,8974.786197904987,8996.943613095567,9000.390203745845,8964.787006057235,8997.094264827272,1,0,0,1,0,0,NIFTYIT
2015-10-19,8967.364725501326,8967.627897958804,8967.201843906116,8966.440368337931,8966.440368337931,1206573,8973.707159903008,8996.632959442722,9000.226983383309,8964.315901092416,8996.551246688454,1,0,0,1,0,0,NIFTYIT
2015-10-20,8965.029160682927,8969.743559537603,8961.364461382234,8963.568410230813,8963.568410230813,1997207,8972.466266497195,8996.30960969759,9000.051583511766,8963.485608518824,8995.97203002491,1,1,0,0,0,0,NIFTYIT
2015-10-21,8967.081578796036,8967.154931248051,8964.271643202714,8965.117815323583,8965.117815323583,3642570,8971.205980900879,8995.99694009852,8999.88523223468,8962.888482368611,8995.510697083437,1,1,0,1,0,0,NIFTYIT
2015-10-22,8966.633268303754,8969.358263946906,8965.555403267008,8966.13586116533,8966.13586116533,3279914,8969.80834097663,8995.62135779905,8999.725282608757,8962.615328232627,8994.919763851101,0,0,0,1,0,0,NIFTYIT
2015-10-23,8967.502043519042,8967.868724059092,8965.027806885773,8968.178042052114,8968.178042052114,4896963,8968.727189892732,8995.14387948944,8999.576474870282,8962.134163163102,8994.280860782797,1,1,0,1,0,0,NIFTYIT
2015-10-26,8966.0597302813,8969.380213057457,8964.988042301027,8968.407855182415,8968.407855182415,1865078,8967.777304033461,8994.659393569855,8999.430143322452,8962.389023262203,8993.78140790523,1,0,0,1,0,0,NIFTYIT
2015-10-27,8964.65131818264,8967.437892237323,8964.151284070495,8966.20062630371,8966.20062630371,4894052,8967.139610924736,8994.149280648693,8999.274865205542,8962.947902344222,8993.31522822288,1,1,0,0,0,0,NIFTYIT
2015-10-28,8971.335897675643,8973.30309542054,8970.666464232696,8970.052362765922,8970.052362765922,2692346,8966.728589036407,8993.778462859089,8999.138946589545,8964.362613310515,8992.858405855903,1,0,0,1,0,0,NIFTYIT
2015-10-29,8965.32876324667,8965.678937341929,8963.084042127304,8965.50736952654,8965.50736952654,4504811,8966.234489107506,8993.216606808292,8998.983244843883,8965.688297751247,8992.283898990163,1,1,0,0,0,0,NIFTYIT
2015-10-30,8976.660405059236,8976.992868363433,8975.52890115232,8976.804686080155,8976.804686080155,3079889,8966.214172877044,8992.725468232105,8998.881039503956,8967.641339696853,8992.025029716411,1,0,0,1,0,0,NIFTYIT
2015-11-02,8969.189384433359,8971.917329431511,8967.483497890842,8969.213239836805,8969.213239836805,1483931,8966.117263969576,8992.267298467566,8998.744948679796,8967.918626846738,8991.552088217404,1,0,0,0,0,0,NIFTYIT
2015-11-03,8971.415643440516,8972.11769513779,8971.012803119607,8970.479270191969,8970.479270191969,3757238,8966.047660680839,8991.883738063967,8998.615881654738,8968.609712842856,8991.15972861012,1,1,0,1,0,0,NIFTYIT
2015-11-04,8973.588950064806,8974.113667002684,8972.646095819026,8976.188545645566,8976.188545645566,2117694,8966.302634121832,8991.532169380922,8998.513939218332,8969.716785875053,8990.761175449785,1,0,0,1,0,0,NIFTYIT
2015-11-05,8973.478222263331,8974.039614331265,8972.883495733804,8973.401740570473,8973.401740570473,1192049,8966.529351024097,8991.092248832341,8998.400309360197,8970.443373815568,8990.252150845301,1,0,0,0,0,0,NIFTYIT
2015-11-06,8962.837686408737,8964.537766019303,8959.365557516538,8962.899786272192,8962.899786272192,3950723,8966.024855700338,8990.675747640596,8998.240397094034,8969.915548237575,8989.621563560007,1,1,0,0,0,0,NIFTYIT
2015-11-09,8956.645797056142,8956.785746967777,8952.766109222062,8956.858499454383,8956.858499454383,4941772,8965.574817963487,8990.0779307305,8998.054828046323,8968.760612664772,8988.894287944238,1,1,0,0,0,0,NIFTYIT
2015-11-10,8954.954959588624,8959.986871383451,8953.179641026485,8956.554196384139,8956.554196384139,3872391,8965.371936008518,8989.536030176074,8997.869557369258,8967.795969672814,8988.05769647831,1,0,0,0,0,0,NIFTYIT
2015-11-11,8963.618117553264,8963.684692381996,8962.813894608378,8964.142240562547,8964.142240562547,2680438,8965.783785381496,8989.01180777472,8997.719658183452,8967.204957452477,8987.41171169437,1,0,0,1,0,0,NIFTYIT
2015-11-12,8962.171183568034,8962.31423390987,8961.526376317195,8962.47951915809,8962.47951915809,1591532,8966.29523508344,8988.398069440362,8997.563728364756,8966.90217241563,8986.765579699251,1,0,0,0,0,0,NIFTYIT
2015-11-13,8963.737034831356,8964.066485144582,8961.574577444733,8963.812828773645,8963.812828773645,1319786,8966.622163190916,8987.818306891668,8997.415045987704,8965.60298668498,8986.05343747554,1,0,0,1,0,0,NIFTYIT
2015-11-16,8963.653571542045,8965.86383914415,8963.175207729431,8962.825183977624,8962.825183977624,4049620,8966.4414039729,8987.211069558423,8997.263336066606,8964.964181099063,8985.145645345472,1,1,0,0,0,0,NIFTYIT
2015-11-17,8957.137679417816,8958.22236546353,8955.092308725989,8956.82991232497,8956.82991232497,2248532,8966.104479077609,8986.430211508377,8997.086770897427,8963.599245312362,8984.2875150387,1,0,0,0,0,0,NIFTYIT
2015-11-18,8960.837291196196,8962.90650169136,8958.383318155087,8961.566630110232,8961.566630110232,2688069,8965.92691981694,8985.792405642782,8996.9323355027,8962.137053758828,8983.542365712976,1,1,0,1,0,0,NIFTYIT
2015-11-19,8968.804960642632,8970.70193978539,8967.712102187255,8968.755059926649,8968.755059926649,1362873,8966.057879755008,8985.265101156963,8996.810355954753,8961.672385694448,8982.84792843578,1,0,0,1,0,0,NIFTYIT
2015-11-20,8971.899584618408,8973.45083066407,8971.786095282372,8971.100882597137,8971.100882597137,3234325,8966.20402178226,8984.688568495027,8996.699539259245,8962.492495326942,8982.120909411089,1,1,0,1,0,0,NIFTYIT
2015-11-23,8970.325567448654,8971.568059091427,8970.049030267242,8967.684869065113,8967.684869065113,3264120,8966.167872476393,8983.898259436683,8996.575012777726,8963.575132288013,8981.309517720818,0,1,0,0,0,0,NIFTYIT
2015-11-24,8973.139549665884,8974.838479606582,8971.119432684412,8972.813691262125,8972.813691262125,3527978,8966.498525724313,8983.293559510797,8996.473468668686,8965.201081775813,8980.5802002088,0,1,0,1,0,0,NIFTYIT
2015-11-25,8970.315924004582,8974.679630259965,8969.41362603415,8971.428247510701,8971.428247510701,2387476,8966.567319961552,8982.718252235436,8996.366893259501,8965.929682470629,8979.921881451666,1,0,0,0,0,0,NIFTYIT
2015-11-26,8973.818880768515,8975.304049060538,8972.515074492281,8971.916668552678,8971.916668552678,4837245,8966.88778491286,8982.106737395892,8996.26329061244,8966.873397410087,8979.24686286299,1,1,0,1,0,0,NIFTYIT
2015-11-27,8968.740486574592,8968.801609601793,8966.890770342503,8968.670380299753,8968.670380299753,4006287,8966.481069623838,8981.394775781526,8996.14686483053,8967.359152562698,8978.61374531372,1,0,0,0,0,0,NIFTYIT
2015-11-30,8965.401220736323,8965.406035538012,8963.72485675519,8965.895088088126,8965.895088088126,3939626,8966.315162036406,8980.611723809683,8996.019756524887,8967.666142973747,8978.04624703937,0,0,0,0,0,0,NIFTYIT
2015-12-01,8968.916556001346,8969.56693066152,8968.044476696714,8969.09188520708,8969.09188520708,1974307,8966.245792787162,8979.881466066478,8995.907087607242,8968.89234026196,8977.538943197238,1,0,0,1,0,0,NIFTYIT
2015-12-02,8968.28962331228,8969.861635174517,8965.248122847004,8969.044889381925,8969.044889381925,1444797,8965.88860997398,8979.234500255056,8995.795161781303,8969.640166189129,8977.130248311156,1,0,0,0,0,0,NIFTYIT
2015-12-03,8971.35918180965,8971.631978868478,8967.735852260352,8971.510983997843,8971.510983997843,2783234,8965.794072145347,8978.596599271237,8995.694397558134,8969.91575859625,8976.804203624855,1,1,0,1,0,0,NIFTYIT
2015-12-04,8968.73935521407,8971.84835424186,8966.954904769324,8969.248400496906,8969.248400496906,1451867,8966.111502856584,8978.010276821262,8995.585116578543,8969.730510386225,8976.43778867207,1,0,0,0,0,0,NIFTYIT
2015-12-07,8965.327460826413,8967.188333495576,8965.218919447552,8967.591030134496,8967.591030134496,1642808,8966.648129390589,8977.499446464639,8995.469914576715,8969.721126493165,8976.184450561243,1,1,0,0,0,0,NIFTYIT
2015-12-08,8968.714334630791,8969.246326797396,8963.509956572938,8968.871107121646,8968.871107121646,4187494,8967.263974927464,8977.021089386571,8995.36090307075,8969.326868079115,8975.863921287815,1,1,0,1,0,0,NIFTYIT
2015-12-09,8966.586550780228,8967.811711446053,8965.898140202797,8965.686525934689,8965.686525934689,1951655,8967.341189196071,8976.595958387778,8995.239783164074,8968.752695921514,8975.493704973249,1,0,0,0,0,0,NIFTYIT
2015-12-10,8973.647745787832,8975.617865102104,8971.93670698334,8973.063637236653,8973.063637236653,2352130,8967.870395099999,8976.309699659858,8995.14963622941,8968.867392789913,8975.221471608365,1,1,0,1,0,0,NIFTYIT
2015-12-11,8973.455089950377,8977.08903865773,8970.368047252512,8973.112295117056,8973.112295117056,4550548,8968.33536841717,8976.014484324372,8995.060416224907,8969.311584271642,8974.914547584229,1,1,0,1,0,0,NIFTYIT
2015-12-14,8964.395405515268,8964.50284364699,8964.092157857394,8967.280412712433,8967.280412712433,2656014,8968.558129853911,8975.773097127696,8994.94840008171,8969.450116734073,8974.486342753988,1,0,0,0,0,0,NIFTYIT
2015-12-15,8973.967010643082,8976.443251667353,8971.021072612039,8973.583641677124,8973.583641677124,4411308,8969.395816321517,8975.531507615802,8994.862597839121,8969.899292381077,8974.267583717969,1,1,0,1,0,0,NIFTYIT
2015-12-16,8973.486835119706,8975.22092076739,8972.507885479537,8972.544574369947,8972.544574369947,4069091,8969.944713534505,8975.270155426337,8994.773325745246,8970.24926087988,8973.932339922787,0,0,0,0,0,0,NIFTYIT
2015-12-17,8968.558760085072,8968.831895082107,8967.261436146668,8968.36183939826,8968.36183939826,4796269,8969.925052508084,8974.956164173778,8994.668100700039,8969.934346419921,8973.550624353053,1,1,0,0,0,0,NIFTYIT
2015-12-18,8969.457386147098,8970.684092794483,8969.284100929917,8968.603985133694,8968.603985133694,2561135,8969.800207634913,8974.61206902636,8994.564671670012,8969.8699048836,8973.187002363742,1,0,0,1,0,0,NIFTYIT
2015-12-21,8973.38478875576,8973.815146617022,8970.083299405342,8973.968605577842,8973.968605577842,1957357,8970.114394460548,8974.294229408824,8994.483264294155,8970.507662427935,8972.907972338191,1,0,0,1,0,0,NIFTYIT
2015-12-22,8972.768304120156,8974.75159859151,8969.77257119885,8973.46583493671,8973.46583493671,1749695,8970.147001644278,8974.0876702283,8994.400518509283,8970.967135209441,8972.528068340189,1,0,0,0,0,0,NIFTYIT
2015-12-23,8978.23665329618,8978.839595459574,8978.147530362045,8978.669888335475,8978.669888335475,3771526,8970.509083685516,8973.849945594888,8994.338829763505,8972.265471449518,8972.289861256897,1,1,0,1,0,0,NIFTYIT
2015-12-24,8981.550996356238,8981.810866284231,8979.238132023129,8980.56219795204,8980.56219795204,4525286,8970.941360155484,8973.644591730183,8994.28501479549,8973.015327521058,8972.075634820922,1,1,0,1,0,0,NIFTYIT
2015-12-25,8988.596546739233,8989.702067686112,8986.138330300597,8988.837795577165,8988.837795577165,4069189,8971.949730919356,8973.556618745748,8994.263819389971,8974.587877567068,8971.964065986565,1,0,0,1,0,0,NIFTYIT
2015-12-28,8978.873402043519,8980.736577446542,8978.679169304743,8978.30415921119,8978.30415921119,4282480,8972.570184475508,8973.34922251721,8994.201960241991,8975.690252216944,8971.685730252935,0,1,0,0,0,0,NIFTYIT
2015-12-29,8977.90768087312,8981.85885042894,8975.48940376533,8976.988516894029,8976.988516894029,2056187,8972.965016059856,8973.03709604355,8994.135499070764,8976.030739738635,8971.467654478636,1,0,0,0,0,0,NIFTYIT
2015-12-30,8972.59301926415,8973.399770599075,8971.53330096881,8972.574008769185,8972.574008769185,4090250,8973.14147202922,8972.737578408389,8994.052570261912,8976.033683178559,8971.270461752883,1,1,0,0,0,0,NIFTYIT
2015-12-31,8969.70900461264,8973.282665298293,8967.089622223762,8969.230866090435,8969.230866090435,2329429,8973.02746613385,8972.39509947639,8993.937512058395,8976.120585847775,8971.007254420816,1,0,0,0,0,0,NIFTYIT
2016-01-01,8973.63298913121,8975.8669961889,8969.52934312342,8974.258354329026,8974.258354329026,2974637,8973.277963825454,8972.108260678579,8993.85268142314,8976.686022767308,8970.828123616346,1,1,0,1,0,0,NIFTYIT
2016-01-04,8974.64522724497,8975.08118472812,8970.615810802092,8973.069090022844,8973.069090022844,3789677,8973.551866819873,8971.781882563446,8993.802132563127,8976.59607121181,8970.628763104953,1,1,0,0,0,0,NIFTYIT
2016-01-05,8980.115494089667,8980.216999891365,8979.355506153035,8979.57244231605,8979.57244231605,3534838,8974.08693357959,8971.609735592818,8993.764279058001,8977.206731949744,8970.511245291205,0,0,0,1,0,0,NIFTYIT
2016-01-06,8980.609272610827,8981.475954461883,8977.603605631626,8981.585917916473,8981.585917916473,3963805,8974.88190317868,8971.537516276763,8993.71604850332,8977.498334907843,8970.394743833423,1,1,0,1,0,0,NIFTYIT
2016-01-07,8985.537066847348,8986.724517791821,8984.524962266089,8986.633173775766,8986.633173775766,3513464,8975.560380005638,8971.508288249017,8993.698591479977,8978.105432490216,8970.295337355097,1,0,0,1,0,0,NIFTYIT
2016-01-08,8986.566109244028,8988.549059827927,8985.590359120088,8985.083067032203,8985.083067032203,3255198,8976.158918601395,8971.475662028617,8993.685976250668,8977.729959635719,8970.23243073246,0,0,0,0,0,0,NIFTYIT
2016-01-11,8988.28299034446,8991.8848925706,8987.703638506779,8986.62655742602,8986.62655742602,2411235,8977.126225837073,8971.458229891725,8993.69555396662,8978.562199457203,8970.22204386657,1,0,0,1,0,0,NIFTYIT
2016-01-12,8986.291200815234,8987.737749113587,8986.290470745085,8986.77802852648,8986.77802852648,4603993,8977.785945179541,8971.438126768966,8993.69998702192,8979.54115062045,8970.326357733878,1,1,0,1,0,0,NIFTYIT
2016-01-13,8976.596414656347,8977.514667286183,8976.435048850528,8978.074137096834,8978.074137096834,2699730,8978.062423315885,8971.285009392052,8993.665877664376,8980.091163453213,8970.32370888807,1,0,0,0,0,0,NIFTYIT
2016-01-14,8974.77541769769,8975.340250063977,8972.873692550902,8975.507391664083,8975.507391664083,2093370,8978.419700929177,8971.052743542223,8993.602598430532,8980.718816010578,8970.32528253553,1,0,0,0,0,0,NIFTYIT
2016-01-15,8967.319366142177,8967.677718248604,8966.083237021468,8967.187096065185,8967.187096065185,1440873,8978.348856475752,8970.770068946415,8993.497086691832,8980.011690184194,8970.191630340541,1,0,0,0,0,0,NIFTYIT
2016-01-18,8966.587281407577,8966.642679834527,8965.331869431468,8966.69305507189,8966.69305507189,2407517,8977.985078950454,8970.511162480214,8993.384125340648,8979.374086689098,8970.132185501685,1,1,0,0,0,0,NIFTYIT
2016-01-19,8969.185974413065,8971.35423240549,8967.389879399598,8969.165022850875,8969.165022850875,4117206,8977.770038346163,8970.388794159871,8993.258311845508,8978.33334474258,8970.096101326806,1,1,0,1,0,0,NIFTYIT
2016-01-20,8976.533308721355,8977.544735530882,8975.303564473255,8975.724028819363,8975.724028819363,4416307,8977.622745370358,8970.356934513458,8993.18834481929,8977.747155832869,8970.157900686721,0,1,0,1,0,0,NIFTYIT
2016-01-21,8969.209573761727,8971.055522451368,8967.516895532872,8970.521227795825,8970.521227795825,2569765,8977.120696862545,8970.2960827596,8993.09288583046,8976.135961234877,8970.17995169033,1,0,0,0,0,0,NIFTYIT
2016-01-22,8971.144513463225,8972.758651933875,8969.948570681378,8969.070761123592,8969.070761123592,1827442,8976.132345139868,8970.194329640026,8992.964289793721,8974.534730644014,8970.12769926868,1,0,0,0,0,0,NIFTYIT
2016-01-25,8957.491135103848,8958.256397747065,8955.630417662242,8958.463333274281,8958.463333274281,1278151,8975.140303843022,8970.03572858113,8992.818925547874,8971.71840822884,8970.029086989785,1,0,0,0,0,0,NIFTYIT
2016-01-26,8955.063359127798,8956.677434998222,8954.920156062853,8954.414624530255,8954.414624530255,1299933,8974.011609224834,8969.817519688173,8992.658124969419,8968.482067829218,8969.946457510408,0,1,0,0,0,0,NIFTYIT
2016-01-27,8955.583342991687,8956.98099323629,8955.525723290853,8954.944420286474,8954.944420286474,4575847,8973.130129800698,8969.615711481432,8992.518269747949,8966.169096148184,8969.933646406189,1,1,0,1,0,0,NIFTYIT
2016-01-28,8959.937488954258,8961.572835093099,8958.333593613635,8960.5532520814,8960.5532520814,2362498,8972.696249100245,8969.511784600885,8992.409275288415,8964.673682189914,8970.04434943235,1,0,0,1,0,0,NIFTYIT
2016-01-29,8956.84612721958,8959.048576342399,8955.48057034005,8956.602239868114,8956.602239868114,3761354,8971.813443377201,8969.306941439894,8992.236396333767,8963.615196570207,8970.035389075603,1,1,0,0,0,0,NIFTYIT
2016-02-01,8953.85176958951,8953.87401382809,8952.132876153188,8954.18075003398,8954.18075003398,1864408,8970.869026377757,8969.160960137926,8992.033651475887,8962.363966066416,8969.871927498218,1,0,0,0,0,0,NIFTYIT
2016-02-02,8962.147298797927,8962.230620161978,8961.77726087198,8961.743750607968,8961.743750607968,4188310,8969.977591792353,8969.175109076981,8991.889726802434,8961.621838842126,8969.847598703245,1,1,0,1,0,0,NIFTYIT
2016-02-03,8970.645345387145,8972.62025110036,8968.802932089873,8970.868900217216,8970.868900217216,3880762,8969.44174090739,8969.362154665909,8991.774748601885,8961.13632598191,8969.92427983516,0,0,0,1,0,0,NIFTYIT
2016-02-04,8974.872441943353,8976.760428847561,8973.700373849271,8974.138686194485,8974.138686194485,1358175,8968.817016528326,8969.63575667935,8991.671080711061,8961.498071821776,8970.030984168885,1,0,0,1,0,0,NIFTYIT
2016-02-05,8982.04621652749,8982.138863194488,8979.777542189595,8982.65624784299,8982.65624784299,4919409,8968.695675568864,8969.953031444586,8991.595568500914,8962.856620493716,8970.224026912761,1,1,0,1,0,0,NIFTYIT
2016-02-08,8986.894866763363,8989.814305425605,8983.357757221831,8986.525473707254,8986.525473707254,4048677,8968.690621382928,8970.204095261703,8991.545073542056,8965.662834537014,8970.46559515976,1,0,0,1,0,0,NIFTYIT
2016-02-09,8989.835498881712,8991.16407476231,8987.193691318573,8988.892904389828,8988.892904389828,4421831,8968.796365176095,8970.520651438692,8991.487005805355,8969.110662522971,8970.768158867575,0,1,0,1,0,0,NIFTYIT
2016-02-10,8989.852902285384,8992.829085610207,8986.279383922167,8989.795729757227,8989.795729757227,4392656,8969.382444809115,8970.829125369111,8991.454955899722,8972.595793470045,8971.031403760791,0,0,0,1,0,0,NIFTYIT
2016-02-11,8979.736679013758,8982.963204818214,8977.696599763534,8980.40573942429,8980.40573942429,4691705,8969.627362197125,8971.007498847348,8991.371487899605,8974.581042204336,8971.230048692762,0,1,0,0,0,0,NIFTYIT
2016-02-12,8971.948046706299,8974.184310096389,8970.16656795272,8973.330149000822,8973.330149000822,2938676,8969.934514843906,8971.071900184206,8991.275746782812,8976.253833117606,8971.183721531705,1,0,0,0,0,0,NIFTYIT
2016-02-15,8961.233622210962,8962.652833507576,8960.951730639445,8960.108519360734,8960.108519360734,4127106,8969.605288058348,8970.968158486436,8991.096140178002,8976.846610050281,8971.062325258692,1,1,0,0,0,0,NIFTYIT
2016-02-16,8961.214316284399,8961.485833151532,8959.958490455732,8962.259188762691,8962.259188762691,2863984,8969.25999635394,8970.918890517172,8990.926505200607,8976.898153865754,8970.952724172967,1,0,0,1,0,0,NIFTYIT
2016-02-17,8960.187203822245,8960.714106221942,8956.76517317644,8958.463475005576,8958.463475005576,4501428,8968.39696866325,8970.774029420169,8990.727597454805,8975.65761134459,8970.716389897767,1,1,0,0,0,0,NIFTYIT
2016-02-18,8964.054350697312,8965.5697016525,8963.753996145771,8962.875476225368,8962.875476225368,4433512,8968.014681084727,8970.741130753904,8990.546297425877,8974.531290347677,8970.576039706499,0,0,0,1,0,0,NIFTYIT
2016-02-19,8962.775965841898,8964.600322054122,8961.55962947589,8962.582117537624,8962.582117537624,2493927,8967.690248905428,8970.563348647123,8990.335883432483,8972.52387731714,8970.571804123372,1,0,0,0,0,0,NIFTYIT
2016-02-22,8968.098632610468,8969.119001292282,8965.189780070594,8969.173279165603,8969.173279165603,3957526,8968.225746199994,8970.562849138732,8990.127863362084,8970.788657862977,8970.736001186187,1,1,0,1,0,0,NIFTYIT
2016-02-23,8972.056754492487,8975.665414969486,8970.677795963164,8971.646916978476,8971.646916978476,3093310,8969.087360822405,8970.577444723564,8989.947116323747,8969.06405912184,8970.937237460777,1,0,0,1,0,0,NIFTYIT
2016-02-24,8962.276728543919,8967.426084665161,8961.86216282596,8963.701692873141,8963.701692873141,2332301,8969.52522445174,8970.421359063908,8989.753635449473,8966.454655433432,8970.931363491587,1,0,0,0,0,0,NIFTYIT
2016-02-25,8965.306172238203,8967.95156913557,8963.165136783453,8963.648426807966,8963.648426807966,4487926,8969.679983188067,8970.299442641877,8989.570153316658,8964.7789241718,8970.946948926918,1,1,0,0,0,0,NIFTYIT
2016-02-26,8962.350055528623,8965.173214766197,8960.897789293029,8962.517996645653,8962.517996645653,1415954,8969.975771026944,8970.294670271545,8989.421746528169,8963.697708936283,8970.929684498544,1,0,0,0,0,0,NIFTYIT
2016-02-29,8956.286774929416,8956.834464289908,8954.551407641015,8956.1343924043,8956.1343924043,4852687,8970.07345314546,8970.28561893342,8989.22127250681,8963.300296240639,8970.840473944234,1,1,0,0,0,0,NIFTYIT
2016-03-01,8953.169436426158,8953.639026664105,8952.206670817151,8953.28766365724,8953.28766365724,3379832,8969.650648797924,8970.244787274332,8989.019182681686,8962.403143730095,8970.793243961996,1,0,0,0,0,0,NIFTYIT
2016-03-02,8955.779966561027,8956.276958009803,8955.360199441247,8955.931558074,8955.931558074,1519463,8968.903781690762,8970.142153743227,8988.828544350665,8962.149952036936,8970.71810966818,1,0,0,1,0,0,NIFTYIT
2016-03-03,8957.584373118863,8961.226988347487,8955.359759777808,8958.482291195432,8958.482291195432,1691613,8968.12096194081,8970.092188393694,8988.652333456102,8961.710633533945,8970.581139418431,1,1,0,1,0,0,NIFTYIT
2016-03-04,8959.203173214011,8959.580564784635,8959.072775601478,8959.98835419547,8959.98835419547,3269521,8966.987567258435,8970.044382461467,8988.490768942245,8961.451257199727,8970.432972373075,1,1,0,1,0,0,NIFTYIT
2016-03-07,8966.29387005885,8966.695423964195,8963.574941902154,8965.026538476637,8965.026538476637,1186844,8965.912620496903,8970.071899392704,8988.357934144564,8961.036583130832,8970.39752796523,1,0,0,1,0,0,NIFTYIT
2016-03-08,8960.258853585892,8963.235363182217,8959.250431760149,8962.151052822532,8962.151052822532,4160076,8964.575527918538,8970.138413648923,8988.229217894319,8960.086996715236,8970.2553594527,1,1,0,0,0,0,NIFTYIT
2016-03-09,8950.702611692603,8951.550612524532,8949.652109731145,8951.028891596054,8951.028891596054,2406566,8962.637186010481,8970.006691917495,8988.0355452313,8958.819716587528,8969.983368040505,1,0,0,0,0,0,NIFTYIT
2016-03-10,8947.727907959126,8947.818210868709,8943.4618891637,8948.861619980271,8948.861619980271,4241919,8961.05998003828,8969.758023918166,8987.848022227485,8957.34103590476,8969.675967392874,1,1,0,0,0,0,NIFTYIT
2016-03-11,8956.26496422448,8960.49900788391,8955.366014110072,8954.860067711465,8954.860067711465,1533431,8960.13647597381,8969.555013732095,8987.642643284615,8956.57524301134,8969.491829891696,1,0,0,1,0,0,NIFTYIT
2016-03-14,8954.816646474308,8954.982208113419,8949.165578886517,8953.883437569255,8953.883437569255,2381816,8959.825221884237,8969.382495838396,8987.461822300958,8956.350147527835,8969.331674551446,1,1,0,0,0,0,NIFTYIT
2016-03-15,8956.041662123029,8958.812344995362,8953.230570342444,8954.827502843777,8954.827502843777,3802973,8959.453637588293,8969.157668483167,8987.290637559512,8956.504131446489,8969.141482786601,1,1,0,1,0,0,NIFTYIT
2016-03-16,8954.50175558668,8956.279599734356,8953.984491267054,8954.710426253236,8954.710426253236,1046855,8959.265985150674,8968.948695717449,8987.150914259195,8956.382018264412,8968.950356611553,1,0,0,0,0,0,NIFTYIT
2016-03-17,8953.44808225557,8955.444121312483,8951.203959773398,8952.635413855498,8952.635413855498,4093372,8958.753982032182,8968.707680033735,8986.976419135392,8955.797330530419,8968.698682342987,1,1,0,0,0,0,NIFTYIT
2016-03-18,8949.419591230684,8951.40634984499,8949.400433974162,8949.224340342562,8949.224340342562,3777611,8958.086093172427,8968.46460453427,8986.777593267921,8954.720929145129,8968.431694874262,0,0,0,0,0,0,NIFTYIT
2016-03-21,8949.786786366813,8953.480250325121,8947.732756005089,8951.017577103235,8951.017577103235,4971731,8957.17830806931,8968.278635646959,8986.587061300015,8953.320033007789,8968.210715500512,1,1,0,1,0,0,NIFTYIT
2016-03-22,8956.240426716824,8959.6872499829,8952.74104793086,8954.946348929912,8954.946348929912,1387352,8956.343279666882,8968.101816443495,8986.397355257493,8952.599562618527,8968.025052057956,1,0,0,1,0,0,NIFTYIT
2016-03-23,8953.036660632966,8953.798232589583,8950.883266315683,8952.34246475096,8952.34246475096,4407834,8955.775318260774,8967.893036135607,8986.19576987941,8952.730919934016,8967.847131242173,1,1,0,0,0,0,NIFTYIT
2016-03-24,8952.904787907713,8954.988637383514,8950.571036430378,8954.678149576848,8954.678149576848,4020862,8955.326804399218,8967.682625705344,8986.030357158983,8953.312572893676,8967.60199140671,0,0,0,1,0,0,NIFTYIT
2016-03-25,8954.52890132719,8954.875005666729,8953.820286643224,8955.197460513511,8955.197460513511,1779732,8954.960777592609,8967.506988955553,8985.866746430454,8953.346312173879,8967.363126945329,1,0,0,1,0,0,NIFTYIT
2016-03-28,8958.839258145266,8960.50076187603,8956.10766900417,8958.315371555333,8958.315371555333,3138806,8955.069826550161,8967.391043223313,8985.730444425795,8953.789505572486,8967.243593063233,1,1,0,1,0,0,NIFTYIT
2016-03-29,8957.116703883406,8958.07194933848,8954.679738570685,8956.644307654346,8956.644307654346,1363538,8955.237658750017,8967.23820822997,8985.60264384105,8953.971186053543,8967.017735276262,1,0,0,0,0,0,NIFTYIT
2016-03-30,8949.764583592078,8951.223070442275,8947.951184811389,8949.559043783987,8949.559043783987,4728375,8954.919033035516,8967.036614703089,8985.422951959164,8953.456047806618,8966.711261535118,1,1,0,0,0,0,NIFTYIT
2016-03-31,8951.120351100537,8953.7645533533,8950.462432053011,8950.148485953065,8950.148485953065,2743813,8954.502342773398,8966.750175312041,8985.239005571906,8953.207355016377,8966.468416822514,1,0,0,1,0,0,NIFTYIT
2016-04-01,8951.95753440156,8954.284125447668,8949.935613700995,8951.498027330399,8951.498027330399,1820244,8954.077826430144,8966.47999696471,8985.02023141816,8953.43472371516,8966.240337385136,1,0,0,1,0,0,NIFTYIT
2016-04-04,8951.903639978083,8953.284157846476,8951.379711248619,8952.58610500428,8952.58610500428,2346906,8953.455804756526,8966.296318118357,8984.803074787662,8953.591576505263,8965.95523737749,1,1,0,1,0,0,NIFTYIT
2016-04-05,8951.774357392283,8954.266138347471,8950.991717134873,8951.771701885551,8951.771701885551,3191005,8952.936837209678,8966.023668870963,8984.55723502027,8953.274111800827,8965.665982270142,1,1,0,0,0,0,NIFTYIT
2016-04-06,8953.626371103255,8953.911272228415,8953.092838300145,8954.918548693242,8954.918548693242,2123375,8953.131320064536,8965.803343550004,8984.306573943928,8953.531720195057,8965.349297741579,1,0,0,1,0,0,NIFTYIT
2016-04-07,8948.696666513499,8951.814731176322,8946.587989463265,8947.530070282215,8947.530070282215,3665032,8953.064742579632,8965.542946436053,8983.99606597114,8952.816912265593,8964.908869372648,1,1,0,0,0,0,NIFTYIT
2016-04-08,8951.78214590494,8952.691698295454,8947.940391994809,8951.313874371222,8951.313874371222,3798021,8952.887432912623,8965.326820051521,8983.720415932177,8952.428553651363,8964.408550423235,0,1,0,1,0,0,NIFTYIT
2016-04-11,8954.450799941544,8957.182998812512,8950.691544377965,8954.136498770842,8954.136498770842,1288250,8952.900085972702,8965.078918716436,8983.443630895254,8952.010666372913,8964.086314950697,1,0,0,1,0,0,NIFTYIT
2016-04-12,8952.970935717949,8953.681533067165,8952.481124016145,8955.398735881487,8955.398735881487,2352444,8952.928647624587,8964.853079978244,8983.187408959559,8951.88610919563,8963.798451203862,1,1,0,1,0,0,NIFTYIT
2016-04-13,8960.109336175035,8961.138100929107,8958.514069562463,8960.767893213164,8960.767893213164,1011166,8953.231520972582,8964.629305039216,8982.940800677172,8953.006994138548,8963.641036329782,1,0,0,1,0,0,NIFTYIT
2016-04-14,8958.940244502794,8959.025428233499,8955.415149487011,8956.751675480871,8956.751675480871,3047606,8953.437334053851,8964.331673508326,8982.684929230069,8953.667313091326,8963.474647121655,1,1,0,0,0,0,NIFTYIT
2016-04-15,8951.972575804763,8956.56813510159,8950.12840679992,8952.636834124543,8952.636834124543,1618766,8953.607958742952,8963.879161490167,8982.414935857238,8953.781193770741,8963.186360185595,1,0,0,0,0,0,NIFTYIT
2016-04-18,8950.679208381698,8951.515139945046,8950.039183509805,8950.161634219521,8950.161634219521,2875866,8953.565161598764,8963.527379927773,8982.14309334107,8953.538746692266,8962.88092744155,1,1,0,0,0,0,NIFTYIT
2016-04-19,8940.708418407252,8942.798726987754,8938.664406872746,8939.538635505245,8939.538635505245,1140934,8952.794775927532,8963.059256410412,8981.849423472042,8952.315440054235,8962.347143350738,1,0,0,0,0,0,NIFTYIT
2016-04-20,8928.777821764177,8930.04335345348,8925.596367299437,8929.23489403439,8929.23489403439,2101944,8951.639397391704,8962.517517476228,8981.497281826742,8949.747074588351,8961.649129698979,1,1,0,0,0,0,NIFTYIT
2016-04-21,8924.733536638243,8925.080196350738,8924.50867625261,8923.445072465653,8923.445072465653,1561664,8950.077743536141,8961.94519505592,8981.129387040068,8947.338574806694,8960.806621681511,1,0,0,0,0,0,NIFTYIT
2016-04-22,8924.980514644927,8925.157341518569,8923.822498814494,8924.39681416632,8924.39681416632,3129839,8948.537711218783,8961.321925803884,8980.79743291828,8944.646868786203,8959.997471643299,1,1,0,1,0,0,NIFTYIT
2016-04-25,8925.97106672276,8928.837008948052,8925.356397349828,8925.628575746341,8925.628575746341,1027775,8946.903371428334,8960.72891937543,8980.488111087276,8941.796076483753,8959.184165220904,1,0,0,1,0,0,NIFTYIT
2016-04-26,8920.39069768874,8923.683776895075,8916.938982700314,8921.189953980034,8921.189953980034,1913992,8945.130653744618,8959.999138271229,8980.181017730085,8938.375198293608,8958.309657560285,1,1,0,0,0,0,NIFTYIT
2016-04-27,8921.929799334455,8923.00463220269,8921.339829674775,8922.613147164815,8922.613147164815,2936764,8943.78335891366,8959.261978636834,8979.845013262577,8934.559723688773,8957.570177694524,1,1,0,1,0,0,NIFTYIT
2016-04-28,8916.693620007463,8919.696972896576,8914.600402850156,8916.487167967338,8916.487167967338,1853381,8942.100293014375,8958.385153564226,8979.481724608904,8930.53327293742,8956.783241378567,1,0,0,0,0,0,NIFTYIT
2016-04-29,8931.385316002135,8933.412494471242,8930.320980651764,8929.943594873892,8929.943594873892,2948141,8941.022571391548,8957.695910162249,8979.189366753977,8928.263949012355,8956.286661362683,1,1,0,1,0,0,NIFTYIT
2016-05-02,8929.22447182927,8931.187272378493,8929.172859841176,8929.343641443302,8929.343641443302,2995831,8939.8604482135,8956.979873712464,8978.901519313322,8926.182149734732,8955.788669180969,0,1,0,0,0,0,NIFTYIT
2016-05-03,8923.74879643662,8926.510488326185,8921.55240785613,8922.083676556642,8922.083676556642,3780987,8938.376046947054,8956.171194312841,8978.585894974498,8924.436653839872,8955.160917897047,1,1,0,0,0,0,NIFTYIT
2016-05-04,8923.731105377736,8928.272940192655,8923.125672460561,8923.718637473985,8923.718637473985,4235678,8936.816051386091,8955.491750567557,8978.250352135032,8923.885028183831,8954.467512679108,1,1,0,1,0,0,NIFTYIT
2016-05-05,8914.696246044712,8916.250077498396,8912.166510703866,8914.405601244209,8914.405601244209,1290904,8935.15982793419,8954.727978187308,8977.883978411302,8922.981081061687,8953.719304325086,1,0,0,0,0,0,NIFTYIT
2016-05-06,8913.31373288721,8914.051298533146,8911.53064267015,8913.261433960553,8913.261433960553,1991412,8933.257205913656,8954.053907410998,8977.517423625188,8921.867543041111,8952.975179962912,1,1,0,0,0,0,NIFTYIT
2016-05-09,8908.826313575191,8909.366701702944,8907.253626608657,8909.60605945586,8909.60605945586,4492137,8931.030683947907,8953.340319965799,8977.149353921872,8920.265291412064,8952.323749645333,1,1,0,0,0,0,NIFTYIT
2016-05-10,8901.757472135898,8903.6520717071,8898.4818339721,8901.577477977957,8901.577477977957,3139789,8928.339621052732,8952.495475654887,8976.723565031045,8918.304043811855,8951.61925435797,1,0,0,0,0,0,NIFTYIT
2016-05-11,8900.12014039564,8901.913355263718,8898.089397435926,8900.04957277244,8900.04957277244,2756171,8925.303705030696,8951.549544954301,8976.289517624875,8916.047686372618,8950.887323057781,1,0,0,0,0,0,NIFTYIT
2016-05-12,8910.581382836188,8911.030440227874,8907.421276298232,8910.2030197566,8910.2030197566,1906242,8922.976272244483,8950.79556735381,8975.893038938648,8915.419271551544,8950.215986626785,1,0,0,1,0,0,NIFTYIT
2016-05-13,8915.848026382973,8919.531657788319,8915.746831293567,8915.409409152591,8915.409409152591,2518498,8921.114900995884,8950.124800454174,8975.527159451163,8913.965852979414,8949.66674888391,1,1,0,1,0,0,NIFTYIT
2016-05-16,8919.091832802855,8919.78942041495,8918.984247331886,8919.975988746335,8919.975988746335,3189656,8919.605618722224,8949.643708647574,8975.210749871438,8913.029087709718,8949.210685400076,1,1,0,1,0,0,NIFTYIT
2016-05-17,8921.682887344394,8922.136199436536,8920.435297621738,8922.931421036714,8922.931421036714,1792787,8918.775257998797,8949.250168603905,8974.891772493429,8913.113862157723,8948.69318767246,1,0,0,1,0,0,NIFTYIT
2016-05-18,8928.323814952602,8929.377043541557,8928.123100218709,8927.674116599363,8927.674116599363,4621329,8918.697219127047,8948.909289807814,8974.580623392145,8913.509410070263,8948.117257224221,1,1,0,1,0,0,NIFTYIT
2016-05-19,8937.869694494304,8940.161943018778,8937.170597945908,8938.078905135199,8938.078905135199,3991338,8919.428910760525,8948.628360470988,8974.282644198858,8915.87674045936,8947.63646014343,1,0,0,1,0,0,NIFTYIT
2016-05-20,8936.313489788166,8936.552635470898,8933.441153225645,8935.129507329102,8935.129507329102,2404974,8919.965545418663,8948.35995131425,8973.988694452864,8918.063547796217,8947.002770269912,1,0,0,0,0,0,NIFTYIT
2016-05-23,8933.258428976986,8936.50865463042,8932.229783120085,8934.034759096474,8934.034759096474,3116417,8920.38585458617,8948.10812642753,8973.713247177824,8920.506417760278,8946.302894075101,1,1,0,0,0,0,NIFTYIT
2016-05-24,8934.111395400241,8934.547145576378,8929.30869345069,8933.204483939273,8933.204483939273,4957233,8920.986581084133,8947.751385594174,8973.405074943115,8923.669118356409,8945.560381802428,1,1,0,0,0,0,NIFTYIT
2016-05-25,8936.842953511257,8937.061659260069,8935.236829291987,8938.480905487624,8938.480905487624,3816504,8921.779969000272,8947.346535660054,8973.088074607038,8927.512251627926,8944.8761841455,1,0,0,1,0,0,NIFTYIT
2016-05-26,8936.175983347124,8937.867867804893,8935.50245246272,8936.523414367135,8936.523414367135,1377543,8922.781781320262,8946.87634476221,8972.807510458446,8930.144291088982,8944.29108647807,1,0,0,0,0,0,NIFTYIT
2016-05-27,8942.110423733811,8942.667609940456,8939.640859320863,8942.083636735477,8942.083636735477,2114292,8923.388783413342,8946.369187123368,8972.548098683576,8932.81171384727,8943.874466314533,1,1,0,1,0,0,NIFTYIT
2016-05-30,8942.74262414649,8946.054363472835,8940.30701867787,8941.592548790595,8941.592548790595,2823984,8924.001228780708,8945.807525561908,8972.301811168307,8934.973369851696,8943.627586706929,1,1,0,0,0,0,NIFTYIT
2016-05-31,8938.778957633063,8941.72285880111,8937.834796081705,8939.249619323686,8939.249619323686,1200131,8924.859525919059,8945.186984498581,8972.042695658412,8936.605189680395,8943.320792447745,1,0,0,0,0,0,NIFTYIT
2016-06-01,8938.991805494981,8940.37938053713,8938.710898434887,8939.285621991015,8939.285621991015,3638686,8925.63787514491,8944.555608151506,8971.835937866837,8937.766340219558,8943.065087740884,1,1,0,1,0,0,NIFTYIT
2016-06-02,8936.467967489367,8937.457641945854,8936.175658393391,8937.46631369577,8937.46631369577,1403433,8926.79091076749,8944.0188653299,8971.665510345345,8937.705081075615,8942.726298907155,1,0,0,0,0,0,NIFTYIT
2016-06-03,8934.773731058778,8934.842340680485,8931.467232575975,8935.599606885658,8935.599606885658,1528796,8927.907819413744,8943.547233553458,8971.480972619438,8937.75209103127,8942.366532098462,0,1,0,0,0,0,NIFTYIT
2016-06-06,8940.905768420886,8942.55774823519,8939.351153625734,8940.828325911792,8940.828325911792,1385379,8929.46893273654,8943.306231135346,8971.318569608018,8938.431447712803,8941.988599388413,0,0,0,1,0,0,NIFTYIT
2016-06-07,8938.085327804121,8940.434826699207,8936.64846522172,8938.498482706274,8938.498482706274,3767082,8931.314982972955,8943.009222309642,8971.15845897929,8938.960847589504,8941.546620264782,1,1,0,0,0,0,NIFTYIT
2016-06-08,8940.415271089707,8940.56717946992,8937.801271627415,8939.706793287449,8939.706793287449,2024520,8933.297843998707,8942.774763788166,8971.005799305553,8939.083436369485,8941.226688270306,1,0,0,1,0,0,NIFTYIT
2016-06-09,8935.71542305494,8936.118937759427,8933.62669404784,8935.706042201133,8935.706042201133,2521796,8934.572995120932,8942.435145862863,8970.81771696097,8939.001699152885,8940.854123142215,1,1,0,0,0,0,NIFTYIT
2016-06-10,8939.150439424158,8940.827474180194,8938.897513945218,8941.196961008844,8941.196961008844,3025314,8935.862372713746,8942.167831406252,8970.633143109979,8938.913031580221,8940.569842667059,1,1,0,1,0,0,NIFTYIT
2016-06-13,8943.268413649555,8944.849594897178,8941.462097293774,8942.918423627101,8942.918423627101,4978425,8937.009494457783,8941.839645712022,8970.470867111417,8939.045619063872,8940.39362975003,1,1,0,1,0,0,NIFTYIT
2016-06-14,8941.771729377308,8943.280771453094,8941.150559990569,8941.278969528279,8941.278969528279,2099504,8937.926871882362,8941.460046368895,8970.282163273989,8939.24855408433,8940.233513828309,1,0,0,0,0,0,NIFTYIT
2016-06-15,8940.221835217882,8941.590328867187,8939.018232096178,8938.950566893034,8938.950566893034,1412909,8938.490694397045,8941.150657294142,8970.105277327844,8939.215048574533,8940.007100612564,1,0,0,0,0,0,NIFTYIT
2016-06-16,8941.189091722796,8942.31420773535,8938.541209708597,8939.080362553279,8939.080362553279,4264507,8938.54076726795,8940.843556490958,8969.93489638486,8939.376453460285,8939.748408230667,1,1,0,1,0,0,NIFTYIT
2016-06-17,8941.637858419655,8942.20303460648,8939.903406232055,8942.06608835584,8942.06608835584,3542371,8938.887596319288,8940.587907637335,8969.734589281847,8940.023101607303,8939.509444686139,1,0,0,1,0,0,NIFTYIT
2016-06-20,8943.710660728899,8944.06203745678,8942.331764514338,8943.97221498576,8943.97221498576,1238533,8939.384469113751,8940.435880419604,8969.506723329994,8940.3374905147,8939.228720372927,1,0,0,1,0,0,NIFTYIT
2016-06-21,8944.080036971256,8946.014594339433,8943.035625743978,8944.18921630037,8944.18921630037,1562113,8939.933705731808,8940.322149827643,8969.271394499496,8940.906563874109,8938.989229219298,1,1,0,1,0,0,NIFTYIT
2016-06-22,8942.068780595459,8943.646688565334,8939.86775860855,8940.956977580663,8940.956977580663,4459165,8940.057509336457,8940.134967571477,8969.07191739852,8941.031582303429,8938.854937032427,1,1,0,0,0,0,NIFTYIT
2016-06-23,8939.979446457972,8940.39218275975,8937.650325169707,8940.69239600853,8940.69239600853,1397458,8940.265958418528,8939.91259388164,8968.89531288042,8941.53021768417,8938.746014046137,1,0,0,0,0,0,NIFTYIT
2016-06-24,8940.2297611374,8943.417497872191,8935.304507756742,8939.077781198781,8939.077781198781,3468288,8940.115665641692,8939.651211719181,8968.706076330445,8941.318299703165,8938.535583559302,1,1,0,0,0,0,NIFTYIT
2016-06-27,8933.97194351549,8938.923997766593,8932.15784785744,8932.40595776427,8932.40595776427,4151218,8939.656336090376,8939.243454460277,8968.479589011979,8940.26705311688,8938.249217161903,1,1,0,0,0,0,NIFTYIT
2016-06-28,8937.198196892123,8938.362444699183,8936.77934737455,8936.943021905685,8936.943021905685,1117786,8939.541006219477,8938.928354073816,8968.277691442996,8939.83345835462,8938.01075741606,1,0,0,1,0,0,NIFTYIT
2016-06-29,8936.503045036992,8937.937596078247,8936.436310583922,8935.608753999468,8935.608753999468,2816924,8939.357162819899,8938.73560235386,8968.067989022802,8939.499277065264,8937.756068452676,1,1,0,0,0,0,NIFTYIT
2016-06-30,8937.535243181617,8940.361344051587,8936.878133223681,8938.343580856945,8938.343580856945,4003045,8939.401026177959,8938.604126864817,8967.845531852548,8939.425598895632,8937.565510679362,1,1,0,1,0,0,NIFTYIT
2016-07-01,8946.535828990516,8947.24099310131,8943.557988249315,8946.465535458628,8946.465535458628,3055416,8939.944322606605,8938.499195211658,8967.615105808847,8939.86554360591,8937.528726614244,1,0,0,1,0,0,NIFTYIT
2016-07-04,8947.870193910405,8948.248632978697,8945.765791373125,8945.534255119142,8945.534255119142,4149502,8940.179619066974,8938.39483043103,8967.37805783335,8940.021747619248,8937.455615654455,1,1,0,0,0,0,NIFTYIT
2016-07-05,8944.198071934628,8945.329988743213,8942.738612924806,8944.771277781734,8944.771277781734,2779058,8940.493258820747,8938.269127617756,8967.138679440213,8940.079953767385,8937.319948039147,1,0,0,0,0,0,NIFTYIT
2016-07-06,8945.83495409518,8947.553010786609,8944.388594022988,8947.429450767624,8947.429450767624,2793326,8940.879391694756,8938.178115424185,8966.937570458802,8940.72720108608,8937.254441186036,0,1,0,1,0,0,NIFTYIT
2016-07-07,8943.251215012366,8948.117354107068,8942.064206311148,8944.298131026038,8944.298131026038,4272256,8941.308996136,8938.073899388817,8966.683117679711,8941.08777458783,8937.11604093869,1,1,0,0,0,0,NIFTYIT
2016-07-08,8941.843500519208,8942.396591792669,8941.483823749368,8941.675598732269,8941.675598732269,1747060,8941.332928022171,8937.97954011869,8966.396886243394,8941.347556341181,8936.935749448274,1,0,0,0,0,0,NIFTYIT
2016-07-11,8927.1044030227,8931.674948516584,8926.95165176594,8926.4173430977,8926.4173430977,1615456,8940.507873995703,8937.67203719362,8966.091311328384,8940.748694874525,8936.510442402174,0,0,0,0,0,0,NIFTYIT
2016-07-12,8925.659287314045,8927.269949724761,8925.15584910057,8924.4029222403,8924.4029222403,4157847,8939.664071631301,8937.29024436,8965.79607601977,8939.494684907986,8936.08055726332,1,1,0,0,0,0,NIFTYIT
2016-07-13,8919.344608394884,8920.518286566317,8917.640467192754,8919.252449673288,8919.252449673288,2563012,8938.679165770316,8936.87661917153,8965.468916055861,8937.859054475366,8935.676469341843,1,0,0,0,0,0,NIFTYIT
2016-07-14,8910.55229758083,8911.700500235742,8908.763878099651,8912.951335671338,8912.951335671338,1506509,8937.37271442622,8936.35503399771,8965.101054329763,8935.319829956807,8935.180507338087,1,0,0,0,0,0,NIFTYIT
2016-07-15,8926.809467625102,8927.638067916017,8925.756489408928,8926.260900252972,8926.260900252972,4507669,8936.582455021075,8935.993326994452,8964.831981324536,8933.29936643624,8934.844012310388,1,1,0,1,0,0,NIFTYIT
2016-07-18,8929.446960391862,8931.071448254614,8927.287982291691,8931.388878531816,8931.388878531816,4699199,8935.953288198378,8935.656745831659,8964.550077579419,8931.884828777507,8934.561382624088,0,1,0,1,0,0,NIFTYIT
2016-07-19,8928.678054665172,8931.254858053097,8928.280076541883,8929.163643432375,8929.163643432375,2108505,8935.202009554978,8935.313237528884,8964.277990666706,8930.324065342573,8934.259941844712,1,0,0,0,0,0,NIFTYIT
2016-07-20,8920.580370601492,8922.46676071532,8919.534447819407,8920.498531759426,8920.498531759426,2522139,8934.179087263916,8934.949981128575,8963.948831047815,8927.630973441754,8933.801008285594,1,1,0,0,0,0,NIFTYIT
2016-07-21,8917.963815429353,8919.376120730456,8917.463345437862,8918.36953874024,8918.36953874024,1973126,8933.062944400503,8934.552744288416,8963.59033471256,8925.038114213174,8933.412201198367,1,0,0,0,0,0,NIFTYIT
2016-07-22,8914.201840562702,8915.726104916394,8913.418700114085,8915.115182096597,8915.115182096597,1520390,8931.864814445395,8934.097958722994,8963.224647594974,8922.382072549606,8932.92955196804,1,0,0,0,0,0,NIFTYIT
2016-07-25,8918.836951622485,8919.090068776899,8916.808243936219,8918.640722396129,8918.640722396129,1345135,8931.176552676985,8933.673641440393,8962.867865101738,8921.604410479447,8932.45627494971,1,0,0,1,0,0,NIFTYIT
2016-07-26,8919.235026777524,8919.656654453316,8917.622193589777,8919.222375373989,8919.222375373989,1003919,8930.290520350401,8933.266774858997,8962.482956713453,8921.086355792817,8931.973923476278,1,0,0,1,0,0,NIFTYIT
2016-07-27,8905.702262695157,8905.720567255932,8905.128313289491,8906.669065140917,8906.669065140917,4748247,8928.843535907474,8932.663656314593,8962.075564274155,8919.82801733958,8931.252605768646,1,1,0,0,0,0,NIFTYIT
2016-07-28,8910.482572917406,8915.04723505433,8907.449486237774,8909.598202589457,8909.598202589457,1632694,8927.4062669941,8932.189507968433,8961.685790365684,8919.49270403139,8930.62389279676,1,0,0,1,0,0,NIFTYIT
2016-07-29,8907.997174827256,8908.96994627826,8907.548044126268,8909.194589419514,8909.194589419514,2866921,8925.542719692143,8931.663016906537,8961.270294572867,8917.786072948047,8930.04466286736,1,1,0,0,0,0,NIFTYIT
2016-08-01,8911.4478051646,8911.974471805606,8910.968153828151,8911.573186787758,8911.573186787758,1757461,8923.844666275574,8931.130975506749,8960.811308392309,8915.80450377364,8929.530150234938,1,0,0,1,0,0,NIFTYIT
2016-08-02,8915.361059987166,8918.605482928828,8914.219882419671,8915.184204858208,8915.184204858208,4193448,8922.365312629398,8930.628293868958,8960.403595005868,8914.406559916224,8929.205424492979,1,1,0,1,0,0,NIFTYIT
2016-08-03,8920.409904837261,8923.036800619571,8916.714935731123,8920.67732857063,8920.67732857063,2673157,8921.027706519548,8930.127161810928,8960.031381540603,8914.424439597344,8929.091323620127,1,0,0,1,0,0,NIFTYIT
2016-08-04,8922.347481732086,8923.011782522428,8920.90965418123,8923.311825636667,8923.311825636667,2859791,8919.978391250079,8929.709163687874,8959.656281424912,8914.918668286986,8929.08954699574,0,1,0,1,0,0,NIFTYIT
2016-08-05,8923.942585716692,8927.168438365437,8922.438788758644,8922.41158801329,8922.41158801329,1278244,8919.01519071413,8929.331348111484,8959.259297880928,8915.648308878657,8929.063077313702,1,0,0,0,0,0,NIFTYIT
2016-08-08,8926.345650672361,8927.29975060525,8923.936063650304,8926.139924662579,8926.139924662579,4073851,8919.001319792374,8929.031076742021,8958.865454337956,8916.3982291053,8929.06989529925,1,1,0,1,0,0,NIFTYIT
2016-08-09,8926.777372273174,8927.626428945288,8924.913423209959,8927.032682082434,8927.032682082434,2588400,8919.132807784481,8928.874752324238,8958.478993481875,8917.179259776145,8929.147798340615,1,0,0,1,0,0,NIFTYIT
2016-08-10,8922.339099974195,8922.612534847598,8918.439235412243,8921.51843302451,8921.51843302451,4429595,8919.246106952041,8928.778296561612,8958.097133015448,8918.664196564505,8929.133202152078,1,1,0,0,0,0,NIFTYIT
2016-08-11,8925.471251100065,8928.83722158397,8923.102511280027,8925.932807847028,8925.932807847028,2732294,8919.895180560827,8928.80939325388,8957.725555112154,8920.297657090263,8929.25914401714,1,0,0,1,0,0,NIFTYIT
2016-08-12,8920.517309794226,8920.709415991918,8919.836880803605,8920.91761681319,8920.91761681319,3310756,8919.628016388839,8928.765903286967,8957.359260574915,8921.469959829628,8929.138797642998,1,1,0,0,0,0,NIFTYIT
2016-08-15,8917.068218694405,8918.274992720715,8915.22056640217,8918.864061795477,8918.864061795477,2778324,8919.00177555202,8928.68134686258,8957.01467058696,8922.199047330401,8928.99906991436,1,0,0,0,0,0,NIFTYIT
2016-08-16,8918.293211077636,8918.950779343708,8918.02286049949,8917.85008064535,8917.85008064535,2069000,8918.43609741267,8928.639598445896,8956.67124907649,8922.465634909115,8928.942621968876,1,0,0,0,0,0,NIFTYIT
2016-08-17,8915.660762690308,8919.213399250979,8914.146639105986,8914.980003770788,8914.980003770788,3155548,8918.160171013238,8928.54418415347,8956.345414453153,8921.89590242913,8928.826106852834,1,1,0,0,0,0,NIFTYIT
2016-08-18,8912.485516324288,8913.552169766714,8909.58366131406,8912.273158827586,8912.273158827586,3956774,8917.855352017605,8928.491509039224,8956.023525312221,8920.792035748225,8928.797674287278,1,1,0,0,0,0,NIFTYIT
2016-08-19,8912.422366201383,8915.321934200574,8911.139654329787,8913.585192362078,8913.585192362078,1953469,8917.778852530879,8928.287029007824,8955.70373942917,8919.909396183102,8928.801991065966,1,0,0,1,0,0,NIFTYIT
2016-08-22,8918.976306970824,8921.025989780977,8915.98092910043,8918.134385950472,8918.134385950472,3257275,8917.753535708596,8928.146913314165,8955.440443265721,8919.108842311893,8928.915702085895,1,1,0,1,0,0,NIFTYIT
2016-08-23,8921.813121650503,8924.518094863513,8921.118672910847,8921.571682564454,8921.571682564454,1235658,8917.871001068119,8928.140513389264,8955.166062034705,8918.562742360093,8929.18229148038,1,0,0,1,0,0,NIFTYIT
2016-08-24,8923.697679849873,8924.094474403595,8923.497153119622,8923.649126934637,8923.649126934637,2271760,8918.720004157805,8928.139644507522,8954.897586563195,8918.775811751106,8929.496952202544,1,1,0,1,0,0,NIFTYIT
2016-08-25,8919.324200531359,8921.231337741918,8915.611736110517,8920.157066019781,8920.157066019781,3385670,8919.24794732932,8928.211537817217,8954.615570895567,8918.198237568382,8929.629672819385,1,1,0,0,0,0,NIFTYIT
2016-08-26,8917.386774370776,8917.744861985473,8915.14212318952,8915.954737157484,8915.954737157484,1340494,8919.585954716222,8928.245204107177,8954.307198357992,8917.701949602812,8929.63694385945,1,0,0,0,0,0,NIFTYIT
2016-08-29,8927.020822397097,8929.791679109248,8925.709765666894,8926.216922542402,8926.216922542402,3981738,8920.318141503953,8928.45283989576,8954.02574123323,8918.437235677504,8929.720156310064,1,1,0,1,0,0,NIFTYIT
2016-08-30,8919.448569117052,8921.704050369544,8918.02941254924,8919.997073399527,8919.997073399527,3829997,8920.558784931018,8928.68308483853,8953.756535479464,8918.65193495292,8929.681031674903,0,0,0,0,0,0,NIFTYIT
2016-08-31,8911.193901036306,8911.81899067293,8910.772325725438,8912.618966619535,8912.618966619535,1632954,8920.155866833464,8928.840202261617,8953.429347431813,8918.415831237795,8929.480296341839,1,0,0,0,0,0,NIFTYIT
2016-09-01,8915.61421828692,8917.769580764036,8914.391176104104,8915.793904522534,8915.793904522534,2294877,8919.779970777756,8928.910088321192,8953.117052806407,8918.76790580729,8929.183163000336,1,1,0,1,0,0,NIFTYIT
2016-09-02,8914.281309797103,8916.221223776254,8912.624929830308,8914.62563541913,8914.62563541913,4422726,8919.39067314805,8928.900291149524,8952.804552810587,8918.871950112996,8928.909778041538,1,1,0,0,0,0,NIFTYIT
2016-09-05,8909.838371006384,8912.208524883441,8907.972672873431,8909.41654241018,8909.41654241018,1944935,8918.554504035428,8928.768298070321,8952.47578621411,8918.000165758966,8928.581535152387,1,0,0,0,0,0,NIFTYIT
2016-09-06,8913.276430165213,8913.298274565286,8912.503086945133,8912.964363198871,8912.964363198871,1603237,8917.85108809125,8928.643709847349,8952.133500554157,8917.139433822409,8928.311666875847,1,0,0,1,0,0,NIFTYIT
2016-09-07,8911.893920746326,8912.04395934332,8908.264078238677,8911.984927785883,8911.984927785883,4396541,8917.37441282932,8928.447594987181,8951.808306354942,8915.973013907533,8927.958387173157,1,1,0,0,0,0,NIFTYIT
2016-09-08,8909.174825277638,8909.886978791124,8907.342418353684,8909.747588120486,8909.747588120486,3500469,8916.565151842993,8928.093453524496,8951.474146383673,8914.932066117603,8927.601376156535,1,0,0,0,0,0,NIFTYIT
2016-09-09,8909.954280142532,8911.698592130711,8909.475584781087,8910.242917916257,8910.242917916257,4694148,8916.031416898146,8927.782371156836,8951.139675075066,8914.36088419348,8927.176833238946,1,1,0,1,0,0,NIFTYIT
2016-09-12,8907.351205578721,8907.379823597696,8906.773703714907,8908.067043049487,8908.067043049487,1949690,8915.491565960847,8927.457774706249,8950.789243166666,8912.545896244188,8926.729826495732,1,0,0,0,0,0,NIFTYIT
2016-09-13,8909.436342465622,8910.581250532468,8909.167238427965,8909.657446532656,8909.657446532656,2472756,8915.081934255211,8927.163436738665,8950.467371038076,8911.511933557504,8926.33526419185,1,1,0,1,0,0,NIFTYIT
2016-09-14,8903.57430885108,8905.307333774728,8900.69157630125,8902.244022610806,8902.244022610806,3267061,8914.445135197213,8926.710475702706,8950.139988574267,8910.47443915663,8925.841376200113,1,1,0,0,0,0,NIFTYIT
2016-09-15,8903.423105911037,8903.44619559089,8902.028859025471,8901.763225266239,8901.763225266239,2505190,8913.919638519144,8926.275973338945,8949.804572456078,8909.071371230999,8925.365335021053,1,0,0,0,0,0,NIFTYIT
2016-09-16,8910.293096207033,8916.00466839439,8908.984648124444,8910.392104120994,8910.392104120994,2705453,8913.75998410709,8925.879829181264,8949.507260684757,8908.648018101187,8925.029234984193,0,1,0,1,0,0,NIFTYIT
2016-09-19,8904.635642924006,8906.239899077204,8901.04466625955,8906.388235068225,8906.388235068225,1617547,8913.17267656298,8925.439775259734,8949.193288018183,8908.34518736699,8924.570033772943,1,0,0,0,0,0,NIFTYIT
2016-09-20,8903.274859546502,8906.200556066564,8901.264096431467,8903.13147863485,8903.13147863485,4980675,8912.250666366499,8924.988298501125,8948.865384942366,8907.361898910587,8924.098473718659,1,1,0,0,0,0,NIFTYIT
2016-09-21,8906.378811383069,8906.742058722479,8906.063577687954,8904.86175641877,8904.86175641877,1761445,8911.311297840704,8924.55800018147,8948.536685823785,8906.649581773878,8923.633873227076,1,0,0,1,0,0,NIFTYIT
2016-09-22,8907.82522288181,8910.179328268645,8907.372639311072,8909.48744958219,8909.48744958219,1451310,8910.777817018827,8924.20826438005,8948.211296554293,8906.623567920047,8923.284291992157,1,0,0,1,0,0,NIFTYIT
2016-09-23,8909.126656028164,8909.638602374796,8908.380290021621,8910.198736127222,8910.198736127222,1094709,8910.490016967311,8923.89075349557,8947.905133755821,8906.619149741146,8922.87098232707,1,0,0,1,0,0,NIFTYIT
2016-09-26,8916.862144324024,8920.938063152307,8912.678168519511,8916.081513251314,8916.081513251314,3412165,8909.983246502758,8923.581418337313,8947.630810451526,8907.420596761327,8922.51315685539,1,1,0,1,0,0,NIFTYIT
2016-09-27,8921.193082568472,8921.9208661175,8919.2769672239,8921.07512944599,8921.07512944599,3863602,8910.03714930508,8923.36362642156,8947.408197532173,8908.56236505266,8922.24377232096,1,1,0,1,0,0,NIFTYIT
2016-09-28,8913.33102015777,8913.72168550022,8912.549538319987,8913.043593464536,8913.043593464536,4721368,8910.058380647331,8923.030336423773,8947.157315966526,8909.642322138034,8921.89834600858,1,1,0,0,0,0,NIFTYIT
2016-09-29,8911.308748031532,8911.759258349539,8909.889587084057,8911.573943346308,8911.573943346308,3923126,8909.84738258852,8922.728685188089,8946.911872025148,8910.62339394604,8921.53159375249,1,0,0,0,0,0,NIFTYIT
2016-09-30,8903.775138127565,8906.242254376357,8902.460561577884,8904.31136389322,8904.31136389322,2567971,8909.331669012225,8922.267615224144,8946.631488768238,8910.015319923263,8921.028197426322,1,0,0,0,0,0,NIFTYIT
2016-10-03,8896.845556209792,8897.497413051471,8896.004646962792,8896.800616090148,8896.800616090148,1293292,8908.700872696223,8921.69114262993,8946.345524145563,8909.056558025455,8920.399242774378,1,0,0,0,0,0,NIFTYIT
2016-10-04,8890.198199910303,8890.479834054933,8889.978575874176,8890.605763191887,8890.605763191887,3434339,8907.582942695873,8921.057727550728,8946.032964250275,8907.803986481158,8919.684796732932,1,1,0,0,0,0,NIFTYIT
2016-10-05,8891.95551925736,8895.575442633539,8890.908899729426,8890.827420367099,8890.827420367099,3172625,8906.525067324934,8920.456188219152,8945.724265571589,8906.400552875992,8919.016402636751,0,0,0,1,0,0,NIFTYIT
2016-10-06,8887.525680711253,8888.87322363184,8883.987673412352,8887.209154310349,8887.209154310349,4739841,8905.398145634426,8919.807798116117,8945.410195386146,8904.172723348809,8918.303292747443,1,1,0,0,0,0,NIFTYIT
2016-10-07,8891.373191625004,8891.654391719032,8889.879023953505,8892.034714631805,8892.034714631805,4997342,8904.487735470206,8919.182405944566,8945.0988300857,8902.356321199264,8917.676051859882,0,1,0,1,0,0,NIFTYIT
2016-10-10,8893.380146225609,8893.429466053001,8891.95344166345,8891.897039216585,8891.897039216585,3685496,8903.67923527856,8918.531466247452,8944.814360028107,8899.937873795792,8917.135932945912,1,0,0,0,0,0,NIFTYIT
2016-10-11,8893.258623283582,8894.75920659068,8891.561794906373,8893.421515756192,8893.421515756192,4571016,8902.867438739737,8917.89686999065,8944.555935721462,8897.172512426812,8916.555646197254,1,1,0,1,0,0,NIFTYIT
2016-10-12,8893.121718223054,8894.262609588071,8888.617075130629,8893.04341376927,8893.04341376927,3337481,8902.40740829766,8917.297950443008,8944.314159416333,8895.172494457287,8915.988108327518,1,0,0,0,0,0,NIFTYIT
2016-10-13,8896.100550076413,8896.350557035574,8895.120972249297,8897.777023229726,8897.777023229726,2625663,8902.208098195833,8916.761508283273,8944.104645947527,8893.792802445629,8915.447220892489,1,0,0,1,0,0,NIFTYIT
2016-10-14,8899.356331999601,8902.141646163465,8898.505328616096,8898.060458303005,8898.060458303005,4720627,8901.591515904935,8916.248791747075,8943.876900530908,8893.167711886606,8914.801819863746,1,1,0,1,0,0,NIFTYIT
2016-10-17,8900.897360370684,8902.126580766015,8897.487674101123,8901.034220483365,8901.034220483365,2558803,8901.323815175692,8915.856645031063,8943.625338423775,8893.591072325928,8914.208486068603,1,0,0,1,0,0,NIFTYIT
2016-10-18,8902.63185027782,8903.069952581354,8900.318453826909,8902.554940037162,8902.554940037162,2927577,8901.294988245809,8915.426794007708,8943.390671230723,8894.785990010456,8913.64560156534,1,1,0,1,0,0,NIFTYIT
2016-10-19,8903.562375765205,8904.77976859576,8901.564231335768,8905.053337811865,8905.053337811865,3381955,8901.304567315461,8915.044851305362,8943.159654009525,8896.208581754934,8913.080586725931,1,1,0,1,0,0,NIFTYIT
2016-10-20,8896.401372629942,8900.500406582676,8894.76920650788,8895.707155800997,8895.707155800997,3258381,8900.615552626401,8914.511895992164,8942.888774373509,8897.058381903997,8912.432707056265,0,0,0,0,0,0,NIFTYIT
2016-10-21,8899.117241510578,8900.907240257755,8898.02384782759,8900.536581437504,8900.536581437504,4349779,8900.132444891917,8913.937784066899,8942.628614909605,8897.908568584568,8911.884186825668,1,1,0,1,0,0,NIFTYIT
2016-10-24,8893.852679741754,8894.351021874752,8893.51081826919,8893.712101736419,8893.712101736419,2691590,8899.01397431617,8913.290007149615,8942.341323550196,8898.09007483655,8911.44811694085,1,0,0,0,0,0,NIFTYIT
2016-10-25,8899.604120715374,8900.14275739946,8896.36285685774,8898.633777480281,8898.633777480281,1902605,8897.891906717885,8912.713288395844,8942.081451054722,8898.61130100896,8911.104528344049,1,0,0,1,0,0,NIFTYIT
2016-10-26,8900.205610879499,8900.552898334963,8897.694076693566,8901.732186078565,8901.732186078565,1562938,8897.326336348588,8912.142072587232,8941.818681144387,8899.48017823989,8910.870924829453,1,0,0,1,0,0,NIFTYIT
2016-10-27,8901.760359810334,8902.150231535355,8899.900976461337,8900.972862106142,8900.972862106142,2620277,8896.79628228658,8911.600506725734,8941.570471500461,8899.799762127532,8910.711211848584,1,1,0,0,0,0,NIFTYIT
2016-10-28,8902.154927528514,8905.032500970383,8900.794846558472,8902.577206220138,8902.577206220138,4051091,8896.709574402925,8911.111776819333,8941.284981193308,8900.251436919243,8910.395429261478,1,1,0,1,0,0,NIFTYIT
2016-10-31,8903.584491544396,8908.227761283484,8902.90282333609,8903.148177904859,8903.148177904859,3449663,8897.026952493661,8910.820912254421,8941.030884801263,8900.462832661393,8910.018886586455,1,0,0,1,0,0,NIFTYIT
2016-11-01,8899.435920475644,8900.035459013963,8899.42456054224,8897.79556271495,8897.79556271495,1491705,8897.386442469815,8910.488320260354,8940.751332080195,8899.986894929172,8909.60064551022,1,0,0,0,0,0,NIFTYIT
2016-11-02,8900.670257499785,8903.410936781987,8899.77851769305,8899.56853137548,8899.56853137548,2648422,8897.823498020234,8910.242271281631,8940.45663971762,8899.438414285532,8909.321578838435,1,1,0,1,0,0,NIFTYIT
2016-11-03,8898.265086336967,8898.694558510395,8893.749029343195,8898.221254768023,8898.221254768023,1377178,8898.374103043117,8910.05814527034,8940.167484002994,8899.689824182236,8909.05293505214,1,0,0,0,0,0,NIFTYIT
2016-11-04,8891.501319011095,8892.738015333722,8890.632632593119,8891.170326899815,8891.170326899815,2914975,8898.330883656516,8909.619513103426,8939.891601466948,8898.753198728467,8908.733670316182,1,1,0,0,0,0,NIFTYIT
2016-11-07,8883.956618411592,8884.433721802741,8882.005857230977,8885.16974383712,8885.16974383712,1207095,8897.994518887544,8909.041773919744,8939.615875483803,8897.898962938536,8908.287390602061,1,0,0,0,0,0,NIFTYIT
2016-11-08,8881.720368657898,8882.911874686508,8880.948510040202,8880.534562345398,8880.534562345398,4749484,8897.350171217004,8908.433910406155,8939.323492275962,8896.08904142505,8907.771553095014,1,1,0,0,0,0,NIFTYIT
2016-11-09,8883.106418621535,8886.534009054894,8881.9552631721,8884.254116491733,8884.254116491733,3307511,8896.910706353126,8907.98085521531,8939.016230260306,8894.341234466367,8907.472687113026,1,0,0,1,0,0,NIFTYIT
2016-11-10,8879.168292541824,8879.974056825471,8878.428541323192,8879.36187338007,8879.36187338007,3746335,8895.989948860644,8907.493259398307,8938.696547007314,8892.180135593759,8907.0695360569,1,1,0,0,0,0,NIFTYIT
2016-11-11,8878.735004641456,8878.94256805773,8878.630658979842,8878.575800983012,8878.575800983012,2998261,8895.015715994645,8907.036517134387,8938.36871228504,8889.779995070046,8906.661285544413,1,0,0,0,0,0,NIFTYIT
2016-11-14,8889.693056540438,8890.144287107638,8887.864655854131,8888.787148991749,8888.787148991749,3648985,8894.403362420064,8906.66334746683,8938.08395061202,8888.343892178735,8906.357471707133,1,1,0,1,0,0,NIFTYIT
2016-11-15,8881.328284987589,8881.692768209026,8876.065039338453,8880.703128347332,8880.703128347332,2395031,8893.310771835571,8906.181856879,8937.791155289027,8886.634648741974,8905.897724020322,1,0,0,0,0,0,NIFTYIT
2016-11-16,8877.609525404196,8878.36310940558,8876.868393060351,8877.964253824106,8877.964253824106,2377074,8891.956317636184,8905.82304673754,8937.469607687928,8884.474220986836,8905.328216357035,0,0,0,0,0,0,NIFTYIT
2016-11-17,8886.339382687549,8888.475322563881,8885.858831722906,8886.432235666965,8886.432235666965,1369041,8891.492571629484,8905.533472151008,8937.152981440775,8883.29531907673,8904.836488490771,1,0,0,1,0,0,NIFTYIT
2016-11-18,8888.78898710989,8890.341295148717,8888.314541258678,8889.087291167732,8889.087291167732,3317541,8890.920107115995,8905.282130922862,8936.83754455066,8883.087015503523,8904.39216453283,1,1,0,1,0,0,NIFTYIT
2016-11-21,8890.829964114684,8893.204286522578,8890.429691606198,8890.696348661246,8890.696348661246,4069734,8890.769319462237,8905.02117044628,8936.5414348568,8883.639675985934,8903.91958351948,1,1,0,1,0,0,NIFTYIT
2016-11-22,8888.117002690242,8889.679838017873,8887.411963921648,8887.3707257963,8887.3707257963,1361293,8890.206166878035,8904.673501958005,8936.212808066548,8884.323292331024,8903.390757435664,1,0,0,0,0,0,NIFTYIT
2016-11-23,8883.180728029458,8883.475487429569,8882.962238453345,8882.542597971507,8882.542597971507,4930297,8889.246687472683,8904.196817825516,8935.870940183704,8884.152140479002,8902.871079634959,1,1,0,0,0,0,NIFTYIT
2016-11-24,8887.203869493027,8887.954902318661,8884.955674397757,8887.966810368018,8887.966810368018,4473819,8888.596384885777,8903.755005134659,8935.548056113763,8885.012634177798,8902.364866335238,0,0,0,1,0,0,NIFTYIT
2016-11-25,8888.2123736289,8889.490371204743,8886.74992393293,8887.443396353705,8887.443396353705,3882063,8887.839694392456,8903.317902738914,8935.235644637047,8885.899393714866,8901.91854339578,1,0,0,0,0,0,NIFTYIT
2016-11-28,8895.525976049343,8896.840821137584,8894.525132680381,8895.952576318716,8895.952576318716,3401232,8887.47991431315,8902.940560884615,8934.966634976396,8886.615936447562,8901.613056922753,1,0,0,1,0,0,NIFTYIT
2016-11-29,8896.417218467273,8902.323681573798,8895.658993990333,8896.82655088081,8896.82655088081,3377655,8887.431463721443,8902.562984244594,8934.688691382833,8888.22827870091,8901.33274319256,0,0,0,1,0,0,NIFTYIT
2016-11-30,8896.196121785113,8897.717663288291,8892.594888413472,8897.291371848958,8897.291371848958,2618772,8887.317605745116,8902.2601459799,8934.412716315399,8890.160990503395,8901.096894766937,1,0,0,1,0,0,NIFTYIT
2016-12-01,8891.278771296329,8891.545617615126,8891.137986833468,8889.615940100344,8889.615940100344,1539035,8886.887340011734,8901.806185133068,8934.097735377332,8890.479360946734,8900.79479851724,1,0,0,0,0,0,NIFTYIT
2016-12-02,8890.002460011732,8890.731892626392,8889.238456403447,8889.430220754606,8889.430220754606,3274218,8886.800334704472,8901.412592682336,8933.790742378322,8890.51365390542,8900.472732229142,1,1,0,0,0,0,NIFTYIT
2016-12-05,8887.942416697717,8889.835258395276,8887.115829592696,8889.439995165045,8889.439995165045,1208993,8887.013847270868,8901.044791849454,8933.490161474594,8890.388018555801,8900.090140352,1,0,0,1,0,0,NIFTYIT
2016-12-06,8884.499363422503,8885.429322464266,8882.021291666579,8883.684323604239,8883.684323604239,2624348,8887.17133533381,8900.61771988644,8933.162519999527,8890.019378336594,8899.584975565864,1,1,0,0,0,0,NIFTYIT
2016-12-07,8888.48926889826,8889.898205307429,8887.109081280722,8887.67035242209,8887.67035242209,2389161,8887.342147130328,8900.276349244583,8932.86245779371,8890.532153781653,8899.105258572365,0,0,0,1,0,0,NIFTYIT
2016-12-08,8888.00749509214,8891.018042559977,8886.687943952713,8889.616867727449,8889.616867727449,2526394,8887.854896847697,8899.99314560583,8932.541508680213,8890.697159517596,8898.698055928466,0,1,0,1,0,0,NIFTYIT
2016-12-09,8887.65258808109,8889.03996048568,8887.57014074858,8888.280549845413,8888.280549845413,3742034,8888.340134290816,8899.676837574372,8932.215232736859,8890.780874866767,8898.329066764305,1,1,0,0,0,0,NIFTYIT
2016-12-12,8883.416023951013,8888.24076965323,8882.245860700092,8883.934748366657,8883.934748366657,4322019,8888.097514259562,8899.249342104575,8931.894672489378,8889.579092071563,8897.765304441962,1,1,0,0,0,0,NIFTYIT
2016-12-13,8877.33822134948,8878.838698421678,8873.664752651766,8877.598847568783,8877.598847568783,2944595,8887.942300220635,8898.699681667127,8931.525500204345,8887.656321740358,8897.199994764218,1,0,0,0,0,0,NIFTYIT
2016-12-14,8866.737103061681,8867.538203446438,8864.635060278899,8866.921682662542,8866.921682662542,1720980,8887.390171662557,8897.990588613726,8931.119258313161,8884.619352821717,8896.590697644791,1,0,0,0,0,0,NIFTYIT
2016-12-15,8856.95872101584,8860.085518775548,8856.371766805809,8859.147344835515,8859.147344835515,1602919,8886.025927120983,8897.227967098925,8930.699202564843,8881.572493295234,8895.835410182299,0,0,0,0,0,0,NIFTYIT
2016-12-16,8852.618818258865,8854.575135362698,8849.651583669214,8852.588838888856,8852.588838888856,1334928,8884.201004507038,8896.435893370566,8930.252990463903,8877.888355108658,8895.008252895228,1,0,0,0,0,0,NIFTYIT
2016-12-19,8852.902711415369,8853.843746970073,8851.15980437118,8853.034337377423,8853.034337377423,2058371,8882.317903942849,8895.521111056003,8929.78785866313,8874.247789329896,8894.256490161457,1,1,0,1,0,0,NIFTYIT
2016-12-20,8846.902768830183,8847.016980758672,8846.19888475629,8846.941786585,8846.941786585,4252179,8880.296456982283,8894.607919970822,8929.301227707932,8870.573535627973,8893.37618913994,1,1,0,0,0,0,NIFTYIT
2016-12-21,8851.63517208754,8851.694975232871,8849.981111229017,8852.777367217037,8852.777367217037,3220154,8878.80819544456,8893.85989997829,8928.81702570363,8867.084237107469,8892.586754999022,1,0,0,1,0,0,NIFTYIT
2016-12-22,8854.432329453677,8855.620834808591,8853.02416183527,8852.815224630522,8852.815224630522,4374687,8877.050616157685,8893.07266647964,8928.325691190854,8863.404072797774,8891.827656819156,1,1,0,1,0,0,NIFTYIT
2016-12-23,8844.387673918622,8844.628285295472,8842.780296216142,8844.331267824433,8844.331267824433,3795457,8874.895009731223,8892.193986884708,8927.769896853344,8859.009144595677,8890.948834817933,1,0,0,0,0,0,NIFTYIT
2016-12-26,8843.55702138597,8843.882937919458,8841.892085728,8843.676190097995,8843.676190097995,3231452,8872.281190420186,8891.372232480804,8927.25209697214,8854.98328876881,8890.090290111912,1,0,0,0,0,0,NIFTYIT
2016-12-27,8850.826752663548,8850.888391950195,8849.873097402455,8850.680173423665,8850.680173423665,4407190,8869.973871547327,8890.593680108615,8926.766295651101,8852.291421354299,8889.30392647046,1,1,0,1,0,0,NIFTYIT
2016-12-28,8856.240470940464,8856.73873842546,8853.960292373817,8857.88193903779,8857.88193903779,2644234,8868.003399906771,8889.917392749263,8926.32517230598,8851.387446991823,8888.712432022818,1,0,0,1,0,0,NIFTYIT
2016-12-29,8859.661541446541,8863.382504267585,8857.42117522203,8859.036234262958,8859.036234262958,2527483,8866.4744146149,8889.283500826044,8925.90134679895,8851.376335934567,8888.142738809442,0,0,0,1,0,0,NIFTYIT
2016-12-30,8857.701668574937,8859.878871933886,8857.519780831552,8857.722323845268,8857.722323845268,2439404,8864.889019769433,8888.626993400158,8925.453131297088,8851.889684430209,8887.440475072432,0,0,0,0,0,0,NIFTYIT
