Date,Open,High,Low,Close,Adj Close,Volume,ma_4w,ma_16w,ma_52w,roll_mean_10,roll_mean_75,vol_shock,vol_shock_dir,price_shock,price_shock_dir,black_swan,price_no_vol,symbol
2015-01-01,2608.6563215910214,2609.2571131768505,2605.8735306777858,2607.9594515145704,2607.9594515145704,3150185,2607.9594515145704,2607.9594515145704,2607.9594515145704,2607.9594515145704,2607.9594515145704,0,0,0,0,0,0,TCS
2015-01-02,2601.9749703333946,2604.307063362221,2601.0943356855705,2603.7592244535285,2603.7592244535285,1167146,2605.8593379840495,2605.8593379840495,2605.8593379840495,2605.8593379840495,2605.8593379840495,1,0,0,0,0,0,TCS
2015-01-05,2601.7914443451964,2602.3897083393385,2600.8824275502006,2601.3698000617264,2601.3698000617264,1883925,2604.362825343275,2604.362825343275,2604.362825343275,2604.362825343275,2604.362825343275,1,1,0,0,0,0,TCS
2015-01-06,2605.8855516981657,2606.960457839785,2605.554491806018,2605.521842079773,2605.521842079773,1116292,2604.6525795273997,2604.6525795273997,2604.6525795273997,2604.6525795273997,2604.6525795273997,1,0,0,1,0,0,TCS
2015-01-07,2598.3192829976847,2599.4293449662155,2595.332024011424,2598.6701506909703,2598.6701506909703,1693305,2603.4560937601136,2603.4560937601136,2603.4560937601136,2603.4560937601136,2603.4560937601136,1,1,0,0,0,0,TCS
2015-01-08,2591.259262636101,2591.5291127575383,2590.05790379995,2591.872632215302,2591.872632215302,3819707,2601.5255168359786,2601.5255168359786,2601.5255168359786,2601.5255168359786,2601.5255168359786,1,1,0,0,0,0,TCS
2015-01-09,2589.7178947515886,2590.738525963117,2588.827248952828,2589.592037328034,2589.592037328034,4065649,2599.820734049129,2599.820734049129,2599.820734049129,2599.820734049129,2599.820734049129,0,1,0,0,0,0,TCS
2015-01-12,2597.627484243298,2598.6010591838194,2596.965539145448,2598.1177954513687,2598.1177954513687,3728986,2599.607866724409,2599.607866724409,2599.607866724409,2599.607866724409,2599.607866724409,0,0,0,1,0,0,TCS
2015-01-13,2596.0162551307963,2596.4290300805437,2592.507905703346,2595.2094069394816,2595.2094069394816,4544314,2599.1191489705284,2599.1191489705284,2599.1191489705284,2599.1191489705284,2599.1191489705284,1,1,0,0,0,0,TCS
2015-01-14,2592.592006739271,2593.172941585401,2589.890737170909,2593.017473686973,2593.017473686973,4563886,2598.5089814421726,2598.5089814421726,2598.5089814421726,2598.5089814421726,2598.5089814421726,0,1,0,0,0,0,TCS
2015-01-15,2587.2644771770406,2588.83082638606,2585.902205402619,2587.9112594322555,2587.9112594322555,2738141,2597.545552168544,2597.545552168544,2597.545552168544,2596.5041622339413,2597.545552168544,1,0,0,0,0,0,TCS
2015-01-16,2591.9556879316897,2594.302600465984,2590.108585116757,2590.732281727784,2590.732281727784,4825680,2596.977779631814,2596.977779631814,2596.977779631814,2595.2014679613667,2596.977779631814,1,1,0,1,0,0,TCS
2015-01-19,2594.402261328732,2594.6584419327714,2593.0697194899417,2594.640704310661,2594.640704310661,4334909,2596.7980046071098,2596.7980046071098,2596.7980046071098,2594.5285583862606,2596.7980046071098,1,0,0,1,0,0,TCS
2015-01-20,2590.2150258677752,2591.0918461473634,2586.9505518441665,2591.006557628356,2591.006557628356,2252227,2596.3843298229135,2596.3843298229135,2596.3843298229135,2593.077029941119,2596.3843298229135,1,0,0,0,0,0,TCS
2015-01-21,2601.394252452484,2602.0100967238445,2598.0255699356667,2600.770202327737,2600.770202327737,4974835,2596.676721323235,2596.676721323235,2596.676721323235,2593.2870351047955,2596.676721323235,1,1,0,1,0,0,TCS
2015-01-22,2602.988747837995,2603.787495122682,2602.767409423678,2601.5392582805625,2601.5392582805625,2363250,2596.9806298830676,2596.9806298830676,2596.9806298830676,2594.253697711322,2596.9806298830676,1,0,0,1,0,0,TCS
2015-01-23,2605.3153811671887,2605.421181709414,2603.908934492574,2606.052639994251,2606.052639994251,4279274,2597.5142775366667,2597.5142775366667,2597.5142775366667,2595.8997579779434,2597.5142775366667,1,1,0,1,0,0,TCS
2015-01-26,2611.355028084955,2613.013897616124,2609.0348116386576,2610.634815515942,2610.634815515942,1381533,2598.243196313293,2598.243196313293,2598.243196313293,2597.1514599844004,2598.243196313293,1,0,0,1,0,0,TCS
2015-01-27,2604.3135390854413,2605.016131130287,2601.539496168579,2603.8322405689264,2603.8322405689264,2206764,2598.537356537274,2598.537356537274,2598.537356537274,2598.013743347345,2598.537356537274,1,1,0,0,0,0,TCS
2015-01-28,2604.353098353886,2605.0102974488987,2601.384013226071,2601.81009680064,2601.81009680064,1748828,2598.700993550442,2598.700993550442,2598.700993550442,2598.8930056587114,2598.700993550442,1,0,0,0,0,0,TCS
2015-01-29,2600.255121134254,2602.471686757744,2598.903760787554,2600.7536606677795,2600.7536606677795,2713758,2598.340704008103,2598.7987396036488,2598.7987396036488,2600.177245782264,2598.7987396036488,1,1,0,0,0,0,TCS
2015-01-30,2600.1046557983664,2601.6585239611127,2596.632034971861,2599.758617285964,2599.758617285964,4319278,2598.1406736497242,2598.8423704073903,2598.8423704073903,2601.079879338082,2598.8423704073903,1,1,0,0,0,0,TCS
2015-02-02,2602.810300463388,2603.2479348237093,2602.16468576642,2601.537527770688,2601.537527770688,1359960,2598.1490600351726,2598.9595511623165,2598.9595511623165,2601.769561684085,2598.9595511623165,1,0,0,1,0,0,TCS
2015-02-03,2600.982209970868,2602.371087761688,2600.905110109129,2600.837498342211,2600.837498342211,1906854,2597.9148428482945,2599.0377989614785,2599.0377989614785,2602.75265575547,2599.0377989614785,1,1,0,0,0,0,TCS
2015-02-04,2591.67057018589,2592.232187015181,2590.208975256271,2592.4761396288964,2592.4761396288964,4303889,2597.6051422951905,2598.7753325881754,2598.7753325881754,2601.9232494855864,2598.7753325881754,1,1,0,0,0,0,TCS
2015-02-05,2594.1822721728604,2594.8829307710166,2592.495074133328,2596.3486911278383,2596.3486911278383,1329523,2597.8289452408176,2598.682000224316,2598.682000224316,2601.404192770314,2598.682000224316,1,0,0,1,0,0,TCS
2015-02-06,2594.15525827356,2596.7033287008494,2594.079358255434,2595.027486454559,2595.027486454559,2721694,2598.100717697144,2598.5466478624735,2598.5466478624735,2600.3016774163443,2598.5466478624735,1,1,0,0,0,0,TCS
2015-02-09,2591.422040360729,2591.448150259825,2590.9587251160474,2592.497665687845,2592.497665687845,4677128,2597.8197112089674,2598.330612784808,2598.330612784808,2598.4879624335344,2598.330612784808,1,1,0,0,0,0,TCS
2015-02-10,2598.3488154529314,2599.4771059142317,2597.2915465098986,2596.7394728286586,2596.7394728286586,4024091,2597.8962145034266,2598.2757458897686,2598.2757458897686,2597.7786856595076,2598.2757458897686,1,0,0,1,0,0,TCS
2015-02-11,2600.647149680533,2604.485483743408,2600.456702024001,2599.954359667395,2599.954359667395,4544776,2598.2430588024476,2598.331699682356,2598.331699682356,2597.5931119461834,2598.331699682356,1,1,0,1,0,0,TCS
2015-02-12,2602.306369127759,2603.435903034063,2600.841682451853,2603.086924582333,2603.086924582333,2182382,2599.0018420599513,2598.485094033968,2598.485094033968,2597.8264383376386,2598.485094033968,1,0,0,1,0,0,TCS
2015-02-13,2589.753996424984,2593.923143300832,2588.348351341781,2591.748245787541,2591.748245787541,1367230,2599.0526402629393,2598.274567526267,2598.274567526267,2597.025401187796,2598.274567526267,1,0,0,0,0,0,TCS
2015-02-16,2598.051081792408,2601.308079219982,2595.701536546201,2599.553320639989,2599.553320639989,2442597,2599.298271079406,2598.3133176206225,2598.3133176206225,2596.826980474726,2598.3133176206225,1,1,0,1,0,0,TCS
2015-02-17,2598.2115868826886,2599.4200617236143,2592.9507070572704,2598.435236720324,2598.435236720324,4102209,2599.669705034004,2598.316903476496,2598.316903476496,2596.586754312538,2598.316903476496,1,1,0,0,0,0,TCS
2015-02-18,2602.3864971908342,2604.501510101223,2600.3253420128726,2601.21917419592,2601.21917419592,2370181,2599.692153627413,2598.399825497051,2598.399825497051,2597.46105776924,2598.399825497051,1,0,0,1,0,0,TCS
2015-02-19,2597.736881153596,2598.173006396102,2597.2529822681367,2597.5482800730333,2597.5482800730333,4800083,2599.4926047170366,2598.3761714574953,2598.3761714574953,2597.5810166637593,2598.3761714574953,1,1,0,0,0,0,TCS
2015-02-20,2592.632996840141,2593.3303504141622,2591.6618410901565,2592.1639363392865,2592.1639363392865,2217654,2598.7981695342887,2598.2082732110566,2598.2082732110566,2597.2946616522327,2598.2082732110566,1,0,0,0,0,0,TCS
2015-02-23,2588.6906301471868,2590.0820285818527,2587.2355823577377,2589.1756604803804,2589.1756604803804,2240159,2597.7252117825105,2597.970572876039,2597.970572876039,2596.9624611314857,2597.970572876039,0,1,0,0,0,0,TCS
2015-02-24,2574.777479009057,2575.638616295106,2574.437553090723,2574.460149196587,2574.460149196587,3062272,2596.2566072138934,2597.3677414996428,2597.3677414996428,2594.734528768279,2597.3677414996428,1,1,0,0,0,0,TCS
2015-02-25,2574.290811438727,2576.4529141862704,2573.452964104204,2574.5035984745978,2574.5035984745978,4713375,2594.8912822975913,2596.796137924017,2596.796137924017,2592.189452648999,2596.796137924017,1,1,0,1,0,0,TCS
2015-02-26,2571.9235793073817,2574.7101893068425,2570.4165917808964,2571.259404279126,2571.259404279126,3635897,2593.4165694781586,2596.173290761946,2596.173290761946,2589.0067006186787,2596.173290761946,1,0,0,0,0,0,TCS
2015-02-27,2571.9820535587555,2573.311746477051,2571.8617542376505,2570.372766346816,2570.372766346816,3381527,2591.9472769312015,2595.558992561586,2595.558992561586,2586.869152674606,2595.558992561586,0,0,0,0,0,0,TCS
2015-03-02,2570.142972347757,2573.569379936202,2566.472995310614,2570.5461784733343,2570.5461784733343,3512229,2590.3977094663337,2594.9772992106964,2594.9772992106964,2583.9684384579405,2594.9772992106964,0,1,0,1,0,0,TCS
2015-03-03,2563.846486767449,2567.022699588829,2561.1706594303173,2563.807391133602,2563.807391133602,4947573,2588.5462041059027,2594.268892208944,2594.268892208944,2580.5056538992685,2594.268892208944,1,1,0,0,0,0,TCS
2015-03-04,2558.449827041726,2559.308750027511,2557.7344634344227,2557.7677162539894,2557.7677162539894,2819546,2586.8107829371575,2593.457754965501,2593.457754965501,2576.160508105075,2593.457754965501,1,0,0,0,0,0,TCS
2015-03-05,2553.5046872034136,2553.859451271317,2553.122418170398,2553.355715075109,2553.355715075109,2451776,2584.661134134521,2592.585971489623,2592.585971489623,2571.741251605283,2592.585971489623,1,0,0,0,0,0,TCS
2015-03-06,2559.1723898638256,2561.9619968921465,2557.408632760249,2557.3216089709927,2557.3216089709927,3050792,2582.775840260343,2591.8356659041197,2591.8356659041197,2568.2570188684535,2591.8356659041197,1,1,0,1,0,0,TCS
2015-03-09,2561.871699867105,2567.509465059192,2559.659276614455,2560.61436845443,2560.61436845443,4709382,2581.1816753986723,2591.1852222072516,2591.1852222072516,2565.400889665859,2591.1852222072516,1,1,0,1,0,0,TCS
2015-03-10,2551.1265635369227,2551.5199329593365,2549.3907756368253,2551.954288281935,2551.954288281935,1401484,2578.9424161713364,2590.384590902653,2590.384590902653,2563.150303574393,2590.384590902653,1,0,0,0,0,0,TCS
2015-03-11,2549.749197277387,2551.505263659121,2546.5687154867533,2548.837142408547,2548.837142408547,1353925,2576.3865553083933,2589.553641932771,2589.553641932771,2560.583657967788,2589.553641932771,0,0,0,0,0,0,TCS
2015-03-12,2547.2705939877355,2548.068206060141,2546.7339478191984,2547.2901312621125,2547.2901312621125,2931755,2573.5967156423826,2588.7249456451113,2588.7249456451113,2558.186730666087,2588.7249456451113,1,1,0,0,0,0,TCS
2015-03-13,2541.942298182952,2542.513668717664,2541.779082717864,2542.3513268530064,2542.3513268530064,2139090,2571.126869695656,2587.8331452837247,2587.8331452837247,2555.384586716706,2587.8331452837247,1,0,0,0,0,0,TCS
2015-03-16,2552.742305776704,2553.855738179099,2552.014569556679,2553.931152673972,2553.931152673972,4263196,2568.8457612973552,2587.1934850458047,2587.1934850458047,2553.7230841367696,2587.1934850458047,1,1,0,1,0,0,TCS
2015-03-17,2553.751490457763,2556.182933133743,2552.470023294907,2554.4040493167336,2554.4040493167336,1174583,2566.6442019271753,2586.586273273044,2586.586273273044,2552.7827499550826,2586.586273273044,1,0,0,1,0,0,TCS
2015-03-18,2557.301724746053,2561.1600433338176,2556.5286826393944,2556.755207541798,2556.755207541798,1094558,2564.4210035944698,2586.043890259749,2586.043890259749,2552.681499083864,2586.043890259749,0,0,0,1,0,0,TCS
2015-03-19,2563.963421263497,2564.5433370774344,2560.395923082074,2563.1504639502887,2563.1504639502887,1364557,2562.701112788332,2585.635079075651,2585.635079075651,2553.6609739713813,2585.635079075651,1,1,0,1,0,0,TCS
2015-03-20,2558.6126203891217,2559.029300740767,2555.060704037806,2558.852680184477,2558.852680184477,2507773,2561.0355499805914,2585.165212428438,2585.165212428438,2553.8140810927302,2585.165212428438,1,1,0,0,0,0,TCS
2015-03-23,2569.375523567199,2572.3016881604826,2565.335959780848,2569.138524471224,2569.138524471224,4159708,2560.033693180134,2584.8888902222784,2584.8888902222784,2554.666496694409,2584.8888902222784,1,1,0,1,0,0,TCS
2015-03-24,2561.4324587180263,2561.8866914734604,2560.519590559583,2562.314879322407,2562.314879322407,1890936,2559.426429686425,2584.5062798680437,2584.5062798680437,2555.7025557984566,2584.5062798680437,1,0,0,0,0,0,TCS
2015-03-25,2562.538578358769,2562.815636172299,2562.2158680345747,2563.841081283325,2563.841081283325,3210256,2558.8933038268615,2584.1618598916316,2584.1618598916316,2557.2029496859345,2584.1618598916316,1,1,0,1,0,0,TCS
2015-03-26,2568.019439865244,2568.897346966611,2567.970708292088,2568.2893820625136,2568.2893820625136,2106608,2558.744802716031,2583.9016553370557,2583.9016553370557,2559.3028747659746,2583.9016553370557,1,0,0,1,0,0,TCS
2015-03-27,2568.307123548589,2569.264354565548,2567.039091196499,2567.3661398695613,2567.3661398695613,1085365,2558.594471392168,2583.6349534746773,2583.6349534746773,2561.8043560676297,2583.6349534746773,1,0,0,0,0,0,TCS
2015-03-30,2565.3971642952606,2567.623406241783,2562.640152265251,2563.7683777982797,2563.7683777982797,2066998,2558.255581358415,2583.319611003623,2583.319611003623,2562.788078580061,2583.319611003623,1,1,0,0,0,0,TCS
2015-03-31,2553.9511959988718,2554.657107303559,2551.7177166188712,2554.131809048947,2554.131809048947,1257707,2557.7718022541826,2582.8635515980814,2582.8635515980814,2562.760854553282,2582.8635515980814,1,0,0,0,0,0,TCS
2015-04-01,2544.367473460674,2545.83419954055,2543.777469502836,2541.5286656085955,2541.5286656085955,1211712,2556.959849721913,2582.227630275166,2582.227630275166,2561.238200359962,2582.227630275166,0,0,0,0,0,0,TCS
2015-04-02,2545.9700366444185,2546.1907174440207,2542.5577216835954,2546.306265304641,2546.306265304641,3917980,2556.6073772333893,2581.683367169552,2581.683367169552,2559.5537804953974,2581.683367169552,1,1,0,1,0,0,TCS
2015-04-03,2547.020352859221,2548.691633426594,2545.146034123158,2547.354904962054,2547.354904962054,3276911,2556.1090420329424,2581.1710020619776,2581.1710020619776,2558.4040029731545,2581.1710020619776,1,0,0,1,0,0,TCS
2015-04-06,2551.2602352887884,2552.0849735971983,2549.6754725540163,2551.2754480279814,2551.2754480279814,1624824,2555.64209601162,2580.7313615614776,2580.7313615614776,2556.6176953288305,2580.7313615614776,1,0,0,1,0,0,TCS
2015-04-07,2548.324797780592,2548.761651426256,2547.668373242868,2548.3672488692823,2548.3672488692823,4693164,2555.462744040987,2580.2623164499964,2580.2623164499964,2555.2229322835183,2580.2623164499964,1,1,0,0,0,0,TCS
2015-04-08,2551.588021166551,2554.4225286792584,2550.847784288585,2552.224345499824,2552.224345499824,4413852,2555.6321041955516,2579.8617740078507,2579.8617740078507,2554.061258705168,2579.8617740078507,0,0,0,1,0,0,TCS
2015-04-09,2558.275131967958,2558.559949373903,2556.734645519505,2556.778715174573,2556.778715174573,1225023,2556.1065333911743,2579.5366605031572,2579.5366605031572,2552.910192016374,2579.5366605031572,1,0,0,1,0,0,TCS
2015-04-10,2560.8456858093864,2562.054430704162,2559.501850916899,2560.639899935848,2560.639899935848,2085833,2557.020962045316,2579.274205495278,2579.274205495278,2552.2375680230025,2579.274205495278,1,1,0,1,0,0,TCS
2015-04-13,2554.6008333855684,2555.844194238281,2554.4410065405823,2553.7853524704265,2553.7853524704265,2337023,2557.013672035139,2578.9250431250744,2578.9250431250744,2551.239265490217,2578.9250431250744,1,1,0,0,0,0,TCS
2015-04-14,2552.869153924845,2555.818319506635,2549.9555618879986,2553.114463896716,2553.114463896716,1982026,2556.949192764138,2578.5762515138804,2578.5762515138804,2551.137530974994,2578.5762515138804,1,0,0,0,0,0,TCS
2015-04-15,2555.9153634579243,2556.1834880278598,2551.483640578464,2556.6218050565885,2556.6218050565885,3153436,2556.9425226398776,2578.283525561116,2578.283525561116,2552.6468449197937,2578.283525561116,1,1,0,1,0,0,TCS
2015-04-16,2552.1469194725278,2554.1384998001554,2552.016943580261,2551.654083851244,2551.654083851244,3257837,2556.3677036349254,2577.933138170197,2577.933138170197,2553.1816267744534,2577.5327873256056,0,1,0,0,0,0,TCS
2015-04-17,2545.8933963547297,2546.439956109638,2543.955094162162,2546.44813253171,2546.44813253171,2119197,2555.7474762522875,2577.5242419930737,2577.5242419930737,2553.0909495314195,2576.7686394333145,1,0,0,0,0,0,TCS
2015-04-20,2541.4805101102365,2543.0223002239663,2540.275346147518,2540.9089465963766,2540.9089465963766,4712521,2554.3359973585443,2577.0548151290136,2577.0548151290136,2552.054299388259,2575.962494720443,1,1,0,0,0,0,TCS
2015-04-21,2543.2943439177347,2544.743345606001,2539.053516395478,2544.049807078424,2544.049807078424,1737443,2553.422743746346,2576.6370302169807,2576.6370302169807,2551.6225552091732,2575.142867587092,1,0,0,1,0,0,TCS
2015-04-22,2537.864832167202,2541.491042656856,2537.33549624115,2537.3602186210937,2537.3602186210937,4899539,2552.098700613234,2576.146070072032,2576.146070072032,2550.1361425213004,2574.32540182616,1,1,0,0,0,0,TCS
2015-04-23,2533.352061506904,2534.599029381892,2531.3566203180544,2532.8690723063646,2532.8690723063646,4283603,2550.3276851254263,2575.20744033193,2575.6117861489993,2547.745178234479,2573.538687694041,1,0,0,0,0,0,TCS
2015-04-24,2533.1268846007843,2533.3081753226265,2532.800971351075,2533.908373475045,2533.908373475045,1432488,2548.6547968057007,2574.3343046946984,2575.103207945658,2545.072025588399,2572.7962388426677,1,0,0,1,0,0,TCS
2015-04-27,2538.8502759721105,2539.723284862624,2535.9318953245133,2540.8458005956995,2540.8458005956995,3939632,2547.5086679455717,2573.577754701373,2574.6904680980683,2543.7780704009265,2572.032612244592,1,1,0,1,0,0,TCS
2015-04-28,2541.939726860509,2543.499677141486,2539.960927885425,2542.772390858374,2542.772390858374,2927915,2546.940697036043,2572.7933865611058,2574.310490988072,2542.743863097092,2571.3334520301773,1,0,0,1,0,0,TCS
2015-04-29,2545.2651248320585,2547.1687698110327,2543.9079641133267,2544.6046367294457,2544.6046367294457,2733764,2547.0944955920854,2572.1175676365865,2573.9610103497353,2541.542146264378,2570.6879475374103,0,0,0,1,0,0,TCS
2015-04-30,2541.1899996450675,2545.5108371315423,2540.0434615538834,2541.839689095465,2541.839689095465,1938450,2546.871166781627,2571.492155847589,2573.5875066142207,2540.5607067888,2570.07365993292,1,0,0,0,0,0,TCS
2015-05-01,2548.407970073456,2549.1732438860195,2547.588919513186,2547.437460086964,2547.437460086964,3314519,2546.8752945378724,2570.9652236320753,2573.2869313667807,2540.6596395443253,2569.4963956443758,1,1,0,1,0,0,TCS
2015-05-04,2548.878003851212,2551.371718163134,2548.0394834988706,2549.606873505684,2549.606873505684,2291358,2546.7918658117574,2570.3588371077544,2573.0178398001776,2541.5294322352556,2568.8959445669757,1,0,0,1,0,0,TCS
2015-05-05,2555.141067047673,2555.2962711717096,2553.939596879429,2554.417888452301,2554.417888452301,3060497,2547.0943977909083,2569.8489431266644,2572.808851582786,2542.5662403726437,2568.4080956446287,1,1,0,1,0,0,TCS
2015-05-06,2555.574765668455,2557.868634664017,2553.7740692369266,2556.3616394550327,2556.3616394550327,1150699,2547.3012624886687,2569.390745198765,2572.626104781366,2544.4663824560375,2567.815981472992,1,0,0,1,0,0,TCS
2015-05-07,2564.128914394656,2566.293650902451,2564.085856217186,2564.524204803401,2564.524204803401,1149948,2547.68853697011,2569.0984070159047,2572.5370729134765,2547.6318957057415,2567.3224474266303,0,0,0,1,0,0,TCS
2015-05-08,2552.887645557118,2554.711245183825,2552.0889291369326,2551.845270136552,2551.845270136552,2115094,2547.2488054801456,2568.6123193710146,2572.312162013727,2549.425585371892,2566.5996824951944,1,1,0,0,0,0,TCS
2015-05-11,2558.750445345056,2560.676801772991,2557.754581361232,2557.661520651829,2557.661520651829,1964048,2547.442613889216,2568.150079575279,2572.1546282356426,2551.107157377505,2565.893371897006,0,0,0,1,0,0,TCS
2015-05-12,2555.316797650026,2555.3336626818527,2554.413627453347,2555.3093894150797,2555.3093894150797,2336287,2547.552360165134,2567.7038649726132,2571.9754235673386,2552.3608572331755,2565.2464005482884,1,1,0,0,0,0,TCS
2015-05-13,2552.0848363656987,2553.7984819438348,2549.89102953002,2551.7256163749053,2551.7256163749053,3577010,2547.3075507310496,2567.0908076482024,2571.762267702155,2553.072955197721,2564.578607475945,1,1,0,0,0,0,TCS
2015-05-14,2550.6683262777715,2552.3688926232217,2546.8405521196023,2549.9264067421645,2549.9264067421645,1995945,2547.2211668755954,2566.445647003972,2571.534810817155,2553.8816269623912,2563.900910756937,1,0,0,0,0,0,TCS
2015-05-15,2545.267864463728,2546.314550247072,2544.171706929759,2547.3958841233634,2547.3958841233634,4339153,2547.2685544551778,2565.7124375555863,2571.285955902786,2553.8774693660316,2563.2027409814355,1,1,0,0,0,0,TCS
2015-05-18,2551.601516570936,2552.2293966397624,2550.222296184812,2552.177255445315,2552.177255445315,4814326,2547.831969897625,2564.9817180547034,2571.0909691634242,2554.1345075599943,2562.544604017097,1,1,0,1,0,0,TCS
2015-05-19,2551.8928327639787,2552.1080252792835,2550.327732785187,2552.238585471633,2552.238585471633,3271229,2548.2414088172854,2564.3367973659874,2570.900541045325,2553.9165772619276,2561.8966185121562,1,0,0,1,0,0,TCS
2015-05-20,2551.8635685214053,2553.5781821033806,2551.147051142305,2549.6128377338828,2549.6128377338828,4299176,2548.8540397729253,2563.6843316276527,2570.687664012211,2553.2416970898125,2561.3251078202225,1,1,0,0,0,0,TCS
2015-05-21,2555.0659950619006,2556.591143065394,2552.684132578971,2552.362126238563,2552.362126238563,1702218,2549.828692469535,2563.0794374472875,2570.506223044155,2552.0254892333287,2560.7386202883654,1,0,0,1,0,0,TCS
2015-05-22,2553.817766791967,2554.1096511821047,2551.308105249288,2552.870878050459,2552.870878050459,2744695,2550.7768176983054,2562.4933407068443,2570.333327505001,2552.1280500247194,2560.1765321763114,1,1,0,1,0,0,TCS
2015-05-25,2557.679228191741,2559.1290291967666,2556.681292270301,2554.564548149828,2554.564548149828,1045102,2551.462755076012,2561.9061784615833,2570.180232559805,2551.8183527745196,2559.670757275804,1,0,0,1,0,0,TCS
2015-05-26,2561.4361034768604,2562.326991755316,2559.2928361031973,2560.8851509148035,2560.8851509148035,4755514,2552.368393078834,2561.4067741187405,2570.090856774757,2552.3759289244917,2559.192699650286,1,1,0,1,0,0,TCS
2015-05-27,2563.553924937009,2565.898290999267,2560.664984422113,2564.184509578462,2564.184509578462,4433755,2553.3473867212842,2561.0531287431104,2570.034605849078,2553.6218182448474,2558.715768315767,0,0,0,1,0,0,TCS
2015-05-28,2570.590270518513,2570.6923553777488,2569.321211977096,2570.49773232239,2570.49773232239,2185712,2554.780288882631,2560.729991758042,2570.0389749667506,2555.67895080287,2558.281245752301,1,0,0,1,0,0,TCS
2015-05-29,2571.396581816669,2572.7389692483107,2570.631975710628,2571.2453436999217,2571.2453436999217,3464143,2555.9706830632786,2560.432714973609,2570.0502494408925,2558.0638967605255,2558.0078737244658,1,1,0,1,0,0,TCS
2015-06-01,2573.449491800492,2577.4561681141668,2572.395818322511,2573.5207052881046,2573.5207052881046,3391478,2557.1663746523996,2560.1955029686123,2570.0823832913297,2560.198241744805,2557.6607721864407,0,0,0,1,0,0,TCS
2015-06-02,2572.873495297925,2573.020900802606,2572.189028255404,2573.825709918745,2573.825709918745,4009672,2558.136765725722,2559.9090809322383,2570.1167257374527,2562.3569541895163,2557.33264516242,1,1,0,1,0,0,TCS
2015-06-03,2570.19969213627,2570.566129212185,2570.1685372367274,2571.173992074356,2571.173992074356,2036535,2558.877383356688,2559.5493263373255,2570.126337249607,2564.5130696235633,2556.9320427341327,1,0,0,0,0,0,TCS
2015-06-04,2569.7087561219646,2570.1933138093755,2568.353768190799,2571.159521920453,2571.159521920453,3031449,2559.209149212541,2559.150233804052,2570.135645219614,2566.3928091917523,2556.580192625431,1,1,0,0,0,0,TCS
2015-06-05,2570.709390804021,2571.415269923308,2569.796278480432,2571.201845828553,2571.201845828553,3525063,2560.176977997141,2558.8934038045645,2570.145164867908,2568.2259059695616,2556.3006980852883,1,1,0,1,0,0,TCS
2015-06-08,2574.859959520018,2577.231849586801,2573.5292939230158,2573.748133468225,2573.748133468225,2815673,2560.9813086379604,2558.5708389649176,2570.177049545787,2570.1442645014017,2556.0949977251257,1,0,0,1,0,0,TCS
2015-06-09,2570.9792294055287,2573.3724278009795,2565.866351047541,2571.34607718226,2571.34607718226,4474591,2561.783143026319,2558.2322244706916,2570.1873041741774,2571.1903571281473,2556.053476764935,1,1,0,0,0,0,TCS
2015-06-10,2567.1401909314086,2567.244923719926,2565.071126380797,2566.285736419619,2566.285736419619,1377108,2562.511149028555,2557.795556498488,2570.1533774980508,2571.400479812263,2555.943905270869,1,0,0,0,0,0,TCS
2015-06-11,2559.352066257304,2560.652420220796,2558.9978208021635,2559.613638520624,2559.613638520624,4591674,2562.995510617478,2557.321373479083,2570.06251767928,2570.312070432086,2555.7886283940884,1,1,0,0,0,0,TCS
2015-06-12,2559.826660235738,2561.6398549472506,2559.0192895907653,2559.4062195320867,2559.4062195320867,2650503,2563.5960273879145,2556.911902018993,2569.9714382079364,2569.1281580153027,2555.642407769892,1,0,0,0,0,0,TCS
2015-06-15,2562.3897379743453,2565.6763622250446,2560.1331553162777,2561.1157393714134,2561.1157393714134,4409529,2564.0429515842193,2556.5611530051306,2569.896389912711,2567.8876614236333,2555.5166685818663,1,1,0,1,0,0,TCS
2015-06-16,2562.795671640143,2562.953620146204,2561.117918334053,2561.808614167159,2561.808614167159,3558362,2564.5214530189955,2556.403008817263,2569.828425410648,2566.685951848475,2555.490018222314,1,0,0,1,0,0,TCS
2015-06-17,2563.2503055976667,2564.080348514543,2561.711695021055,2562.7612185330454,2562.7612185330454,4193644,2565.1788720589534,2556.2562290679934,2569.769532020001,2565.844674494344,2555.5565982527014,1,1,0,1,0,0,TCS
2015-06-18,2564.483111654214,2565.0089513517028,2564.405193987891,2563.2166514779665,2563.2166514779665,4528665,2565.721598320924,2556.155694657979,2569.7153759824637,2565.050387450095,2555.6880774047395,0,1,0,1,0,0,TCS
2015-06-19,2565.238913670513,2566.5222200422427,2565.187149153431,2564.090619115688,2564.090619115688,2254348,2566.282585374185,2556.0771678175897,2569.669271417982,2564.3392647788087,2555.7783308733356,1,0,0,1,0,0,TCS
2015-06-22,2573.174563109619,2574.4060259760686,2572.767345295503,2573.1506240193967,2573.1506240193967,1980615,2567.2118891676637,2556.109723386916,2569.6975750976685,2564.2795138339256,2555.945480947535,1,0,0,1,0,0,TCS
2015-06-23,2580.634427253106,2581.1236067987834,2578.827037167575,2580.176459743079,2580.176459743079,3115345,2568.176454609077,2556.314336744534,2569.7820822319054,2565.162552090008,2556.321776567017,1,1,0,1,0,0,TCS
2015-06-24,2584.2149258480454,2586.445716688731,2582.4183111333905,2584.1037219991176,2584.1037219991176,2108443,2569.17241523011,2556.6435368163484,2569.896655350043,2566.9443506479574,2556.7919976282246,1,0,0,1,0,0,TCS
2015-06-25,2590.628752646627,2591.279789746836,2590.4481452017844,2592.026714986277,2592.026714986277,2164200,2570.2488643633046,2557.126924315238,2570.0722907439817,2570.185658294523,2557.3884854112134,0,1,0,1,0,0,TCS
2015-06-26,2583.0240052138824,2585.584825843887,2582.5228559700504,2582.8287823511446,2582.8287823511446,2136371,2570.828036295866,2557.4457639824896,2570.1727355597864,2572.527914576429,2557.9281848178553,0,0,0,0,0,0,TCS
2015-06-29,2582.1697075422844,2584.4863219874046,2581.703547051912,2582.084692493744,2582.084692493744,3624634,2571.2562356561475,2557.714143032981,2570.2657977233325,2574.6248098886617,2558.3035653487855,1,1,0,0,0,0,TCS
2015-06-30,2583.6795468404675,2584.122082719977,2580.928041271084,2581.445817014372,2581.445817014372,4905264,2571.637241010929,2558.0827871421366,2570.3524645395423,2576.588530173383,2558.664122251421,1,1,0,0,0,0,TCS
2015-07-01,2581.673460061884,2583.178562019108,2581.0376192755166,2581.046970620911,2581.046970620911,4034318,2572.1308899382566,2558.485409994791,2570.4347299709375,2578.417105382169,2558.988012425809,1,0,0,0,0,0,TCS
2015-07-02,2576.863577299147,2577.121394890739,2575.663634603891,2577.855947606383,2577.855947606383,1846070,2572.465711222553,2558.8674826990946,2570.4913804872385,2579.8810349950118,2559.1840855412233,1,0,0,0,0,0,TCS
2015-07-03,2580.512708181213,2584.5225834495022,2579.0395350463227,2579.510289980723,2579.510289980723,3283781,2572.8811334301618,2559.331969738191,2570.5597055591584,2581.423002081515,2559.4595203385065,1,1,0,1,0,0,TCS
2015-07-06,2572.127211439621,2575.366754253106,2568.494960308816,2571.134430452412,2571.134430452412,3150200,2572.750448279371,2559.5470107104215,2570.5640267989575,2581.2213827248165,2559.486132418256,0,0,0,0,0,0,TCS
2015-07-07,2573.218603306022,2577.7230187763976,2569.85933858382,2574.010653273459,2574.010653273459,3517834,2572.883677083931,2559.7920932598804,2570.589747892051,2580.6048020778544,2559.6420760709366,1,1,0,1,0,0,TCS
2015-07-08,2570.422934099073,2570.643099299065,2569.529093868676,2569.4097408131533,2569.4097408131533,2968669,2573.0398773036077,2559.9502749257726,2570.581007098874,2579.135403959258,2559.716324864668,1,0,0,0,0,0,TCS
2015-07-09,2576.3516573557704,2578.1443467999875,2575.1431271640467,2576.5132097426663,2576.5132097426663,4190391,2573.88485586471,2560.1173092481777,2570.6246262359605,2577.5840534348968,2559.8259759004036,1,1,0,1,0,0,TCS
2015-07-10,2580.578363529403,2582.373848741034,2580.3281464872,2578.9895691161955,2578.9895691161955,1391969,2574.8640233439155,2560.3690203598235,2570.685684213189,2577.2001321114017,2559.9809549570246,1,0,0,1,0,0,TCS
2015-07-13,2573.992781406442,2578.4946752029164,2573.965625076746,2574.962389696824,2574.962389696824,3550756,2575.5563558601857,2560.4418186751436,2570.7166748326354,2576.4879018317097,2560.1302084490057,1,1,0,0,0,0,TCS
2015-07-14,2569.028988596809,2570.2672215131925,2568.955662033942,2569.907446941412,2569.907446941412,3260966,2575.9612974988986,2560.536725770381,2570.710853049245,2575.3340648244143,2560.3405502875717,0,0,0,0,0,0,TCS
2015-07-15,2576.8655366289736,2577.857819103371,2575.249586663859,2576.835590955337,2576.835590955337,1144605,2576.665016120013,2560.6991571412814,2570.754601177146,2574.9129268578567,2560.811309292195,1,0,0,1,0,0,TCS
2015-07-16,2577.218225912635,2577.943043924642,2576.956537554371,2575.658788201158,2575.658788201158,3128433,2577.2871229561724,2560.791274718015,2570.7893826454015,2574.6932109173345,2561.2026762641485,1,1,0,0,0,0,TCS
2015-07-17,2575.7409720903397,2575.8408733616225,2574.4364541043565,2574.9659514073933,2574.9659514073933,2699863,2577.8308895707582,2560.8862723622374,2570.8187951014716,2574.238777060001,2561.570823550086,1,0,0,0,0,0,TCS
2015-07-20,2578.303898457311,2579.4703564124743,2578.1273944121763,2578.293689781623,2578.293689781623,2153325,2578.088042858869,2561.067838762029,2570.871067092242,2574.954702992922,2561.931066773468,1,0,0,1,0,0,TCS
2015-07-21,2570.4554428802107,2572.569141456344,2566.7414066387064,2569.880076190369,2569.880076190369,3755091,2577.5732236812337,2561.264692101297,2570.8641852109786,2574.5416452846134,2562.217904471083,1,1,0,0,0,0,TCS
2015-07-22,2560.124437434886,2561.07693772499,2559.6668853795777,2562.2872408848684,2562.2872408848684,1751770,2576.4823996255213,2561.524174292251,2570.805033870799,2573.8293952917847,2562.35207640955,1,0,0,0,0,0,TCS
2015-07-23,2567.0538080431224,2569.1953103419,2562.5893680667327,2566.8225402383314,2566.8225402383314,1507608,2575.2221908881243,2561.7806277289214,2570.777756517152,2572.8603283413513,2562.4859940770666,1,0,0,1,0,0,TCS
2015-07-24,2581.032291477512,2581.7968699946377,2579.5211621589806,2579.248299555735,2579.248299555735,3758277,2575.0431667483535,2562.1792951613425,2570.835379258911,2572.886201385305,2562.7341060719987,1,1,0,1,0,0,TCS
2015-07-27,2593.8052183683203,2597.078711896973,2593.6121930037625,2593.757437301204,2593.757437301204,4471531,2575.6268039887264,2562.7103200272577,2570.990258029467,2574.7657061457435,2563.2670672030754,1,1,0,1,0,0,TCS
2015-07-28,2598.655558938176,2599.9947079254302,2597.513954625689,2597.861825061221,2597.861825061221,1412960,2576.447604391069,2563.3290022296574,2571.170604116928,2577.5611439577237,2563.863698685269,1,0,0,1,0,0,TCS
2015-07-29,2596.8918919287444,2598.107803500922,2596.389157098072,2596.639361336812,2596.639361336812,4917031,2577.227223926864,2563.8841899276194,2571.3403958317276,2579.5415209958715,2564.3972661023386,1,1,0,0,0,0,TCS
2015-07-30,2593.757130091566,2593.9272938190466,2591.3071509601486,2593.976800821813,2593.976800821813,1851384,2578.0332665876354,2564.3491659982096,2571.4903057985493,2581.3733222579367,2564.96156899528,1,0,0,0,0,0,TCS
2015-07-31,2597.949628193145,2599.353968308565,2596.8345377331198,2597.9983501391816,2597.9983501391816,3829321,2578.9576695955584,2564.8161466257516,2571.664700827106,2583.676562131116,2565.648905230046,1,1,0,1,0,0,TCS
2015-08-03,2597.810083248158,2600.206514102144,2591.5382052682767,2596.89154147158,2596.89154147158,3765450,2580.245525146517,2565.354973988266,2571.8295821385077,2585.5363473001116,2566.395339828382,0,0,0,0,0,0,TCS
2015-08-04,2598.5830997377075,2601.735051090388,2596.5945982561534,2598.262467072848,2598.262467072848,2772359,2581.4581158364863,2565.9193240279674,2572.0012242484713,2588.374586388359,2567.1181752949738,1,0,0,1,0,0,TCS
2015-08-05,2597.2488628373703,2601.022308220023,2593.945046987758,2596.645289887058,2596.645289887058,4761468,2582.8198932901814,2566.4196175883485,2572.160218220333,2591.8103912885786,2567.908642911854,1,1,0,0,0,0,TCS
2015-08-06,2591.8902784551938,2592.945804610856,2591.766067010612,2591.715720522202,2591.715720522202,4636639,2583.5800188291582,2566.9203880467358,2572.285574004319,2594.299709316965,2568.693264888065,0,0,0,0,0,0,TCS
2015-08-07,2605.3724848048223,2605.5177324472693,2602.6657945784527,2604.5322915790334,2604.5322915790334,3030076,2584.8571549523003,2567.6464400348273,2572.490967109891,2596.8281085192953,2569.6349171294514,1,0,0,1,0,0,TCS
2015-08-10,2604.528527164614,2606.620937557454,2602.016159209902,2605.117429488972,2605.117429488972,3057862,2586.3649069419075,2568.4490460709844,2572.6974637072267,2597.964107738072,2570.4918721813615,0,1,0,1,0,0,TCS
2015-08-11,2609.190231355687,2612.4870619694566,2609.1237815608147,2608.942392565109,2608.942392565109,1851403,2588.3166542230924,2569.2602033895682,2572.925419234635,2599.0721644884607,2571.374138870785,1,0,0,1,0,0,TCS
2015-08-12,2611.907681244076,2612.716520252668,2611.0483470413847,2613.0619816867606,2613.0619816867606,1350294,2590.1279737596637,2570.2064754278886,2573.1762727499604,2600.7144265234556,2572.2869034702157,1,0,0,1,0,0,TCS
2015-08-13,2612.641327624244,2614.332647490949,2609.106679007664,2612.084152860755,2612.084152860755,3038561,2591.9492419926437,2571.196663934819,2573.41793660158,2602.5251617273498,2573.2234963204196,1,1,0,0,0,0,TCS
2015-08-14,2611.335272181824,2611.8586495042164,2609.062229995273,2612.808216600018,2612.808216600018,2348794,2593.8413552522748,2572.182911973881,2573.661086478114,2604.006148373434,2574.0951064072606,1,0,0,1,0,0,TCS
2015-08-17,2601.922748278372,2604.2392949226296,2599.7490748426903,2603.759288812132,2603.759288812132,2080238,2595.1146352038004,2572.9693305765863,2573.8457380261752,2604.6929231074887,2574.8171386113463,1,0,0,0,0,0,TCS
2015-08-18,2595.3776062974457,2596.07335940468,2592.621951080307,2596.5589896132437,2596.5589896132437,3180203,2596.448580874944,2573.641663061022,2573.984233462682,2604.522575361528,2575.379019960159,1,1,0,0,0,0,TCS
2015-08-19,2594.4341569386675,2595.6141168450545,2593.9938187139232,2595.8020994245194,2595.8020994245194,1086709,2598.1243238019265,2574.2816313447106,2574.1164629533596,2604.4382563152744,2575.9048927597523,1,0,0,0,0,0,TCS
2015-08-20,2596.0535073920555,2596.745894692212,2592.9709883506507,2596.0503698266,2596.0503698266,4807575,2599.5857152813396,2574.9592648538496,2574.2485949224756,2604.871721245714,2576.325241626728,1,1,0,1,0,0,TCS
2015-08-21,2590.086577306841,2590.745816234687,2588.4789101018264,2590.387385369809,2590.387385369809,4865603,2600.1426695720434,2575.4961389198857,2574.3452343862323,2603.457230624792,2576.839136496505,0,1,0,0,0,0,TCS
2015-08-24,2583.746315877917,2584.353466127665,2582.994751184708,2583.469846178287,2583.469846178287,4845691,2599.6282900158976,2575.919426078293,2574.399547551661,2601.292472293723,2577.1832475035244,0,0,0,0,0,0,TCS
2015-08-25,2579.336202353347,2581.2948095993056,2578.5082386326408,2578.6518139388536,2578.6518139388536,2823748,2598.667789459779,2576.2223501468748,2574.4247088912302,2598.2634144310978,2577.4944798305078,1,0,0,0,0,0,TCS
2015-08-26,2575.641494648739,2576.864319742546,2574.183587264598,2574.315580269748,2574.315580269748,3775905,2597.551600406426,2576.446774407059,2574.4240669581623,2594.388774289396,2577.7956793491057,1,1,0,0,0,0,TCS
2015-08-27,2575.1707188106457,2575.479810465516,2573.861013761925,2576.344554088854,2576.344554088854,3377181,2596.6699880697784,2576.594528773127,2574.4352978770557,2590.814814412207,2578.1479213137286,1,0,0,1,0,0,TCS
2015-08-28,2575.4796890906982,2576.9805504637243,2573.623741412996,2575.298109746273,2575.298109746273,1515984,2595.534976050133,2576.8876892682483,2574.440314225132,2587.063803726832,2578.5199509887,1,0,0,0,0,0,TCS
2015-08-31,2570.479659866424,2572.2115017764786,2569.1654644987043,2570.298518050847,2570.298518050847,4766825,2594.205324879096,2577.045651735736,2574.416373206784,2583.7177266507038,2578.761567823441,1,1,0,0,0,0,TCS
2015-09-01,2576.2496159456578,2576.732871477597,2575.410687725737,2576.131093605813,2576.131093605813,3973559,2593.0987562057444,2577.30592303812,2574.426227921721,2581.6749370499606,2579.0801345985633,1,0,0,1,0,0,TCS
2015-09-02,2575.3930121693293,2576.153606487852,2574.373827303378,2574.916240163783,2574.916240163783,1182550,2592.012303719581,2577.5958058354813,2574.4290279916754,2579.5863511238867,2579.417513297629,1,0,0,0,0,0,TCS
2015-09-03,2579.885835815636,2582.637328606483,2577.121498368826,2578.4606343977675,2578.4606343977675,3110614,2591.349549413359,2577.9524836811765,2574.451934846256,2577.827377581004,2579.765493406418,1,1,0,1,0,0,TCS
2015-09-04,2582.386558990894,2583.115591190909,2581.2633347203664,2580.9691872729413,2580.9691872729413,4077969,2590.1713941980543,2578.3721499705457,2574.4887554814345,2576.885557771317,2580.140137529384,1,1,0,1,0,0,TCS
2015-09-07,2584.7989176056008,2585.33363325899,2580.7075071209374,2585.9244296083198,2585.9244296083198,2316273,2589.2117442040217,2578.7939896475837,2574.5530008416977,2577.13101611432,2580.558269282164,1,0,0,1,0,0,TCS
2015-09-08,2595.36223899444,2598.3212676709886,2592.942552840441,2595.4039213747187,2595.4039213747187,2603547,2588.5348206445024,2579.3335563463725,2574.669486431268,2578.8062268579065,2581.0185195549634,1,1,0,1,0,0,TCS
2015-09-09,2605.223566688368,2607.531415356172,2604.811749201388,2605.1056732213046,2605.1056732213046,3208948,2588.137005221229,2580.0272167899648,2574.8385763578794,2581.885236153062,2581.564135070201,1,1,0,1,0,0,TCS
2015-09-10,2602.487071724081,2604.320806254582,2601.952469367989,2604.367599272436,2604.367599272436,4750910,2587.7511775418134,2580.6772852028885,2575.001720130888,2584.6875406714207,2582.0157332962012,1,1,0,0,0,0,TCS
2015-09-11,2601.69945663346,2604.305428233565,2599.9580906131505,2602.518050039346,2602.518050039346,1243623,2587.23666921378,2581.2978748527494,2575.1529087567583,2587.4095347007274,2582.4327027140607,1,0,0,0,0,0,TCS
2015-09-14,2599.309801127192,2600.852876905637,2598.115101028962,2598.145690740808,2598.145690740808,3542130,2586.9559893102137,2581.8426391351363,2575.2785523741577,2590.194251969724,2582.76103585343,1,1,0,0,0,0,TCS
2015-09-15,2594.9143813051483,2596.156764986852,2594.483742081646,2596.301729841302,2596.301729841302,2987762,2586.9431263216165,2582.2853463717174,2575.3928087734357,2592.2113155932725,2583.060716119064,1,0,0,0,0,0,TCS
2015-09-16,2597.7614850805985,2600.511067788869,2595.323761421449,2596.268332552626,2596.268332552626,1256296,2586.9664379780215,2582.686394158895,2575.5056494425125,2594.346524832157,2583.395307325441,1,0,0,0,0,0,TCS
2015-09-17,2601.73321999054,2603.466716634775,2599.37490152196,2601.5739384509207,2601.5739384509207,3120301,2587.242616409238,2583.0748467355015,2575.6458015339554,2596.657855237472,2583.8008328791807,1,1,0,1,0,0,TCS
2015-09-18,2596.902502112314,2600.199719009792,2596.153897660863,2597.3858251418865,2597.3858251418865,3524292,2587.592538397842,2583.4016027535263,2575.762058344693,2598.2995190243664,2584.149952603358,1,1,0,0,0,0,TCS
2015-09-21,2604.1600944548486,2606.0625034986115,2602.362390396813,2604.397425070684,2604.397425070684,2816385,2588.6389173424614,2583.7875617508084,2575.9143741251505,2600.146818570603,2584.5586098247245,1,0,0,1,0,0,TCS
2015-09-22,2604.288849416105,2606.725968570662,2603.707526720824,2605.031941580777,2605.031941580777,1468074,2589.957923724558,2584.177639646584,2576.068435328619,2601.109620591209,2585.0077546833713,1,0,0,1,0,0,TCS
2015-09-23,2608.0210338711245,2609.7441278633064,2606.8784883473145,2609.2865007788014,2609.2865007788014,2664069,2591.7064697500105,2584.6540460053893,2576.2432672520413,2601.527703346959,2585.5810982081603,1,1,0,1,0,0,TCS
2015-09-24,2612.350010538112,2612.962683364281,2611.8808788406227,2614.1052239880514,2614.1052239880514,2869059,2593.5945032449704,2585.190867281234,2576.4414973920207,2602.50146581852,2586.3076526810596,0,1,0,1,0,0,TCS
2015-09-25,2621.8451530666657,2622.263419243616,2617.843651016895,2622.1995452972865,2622.1995452972865,1290798,2595.939575022521,2585.828338524593,2576.679820558194,2604.4696153443147,2587.1448970245956,1,0,0,1,0,0,TCS
2015-09-28,2625.414156556411,2627.4965982887857,2623.137714482895,2625.47183332253,2625.47183332253,1843661,2598.698240786105,2586.4748847727724,2576.9326289144856,2607.2022296024866,2588.002978277277,1,1,0,1,0,0,TCS
2015-09-29,2620.9025412703977,2620.9651725239605,2620.304755254832,2621.76452301413,2621.76452301413,3915717,2600.979912256521,2587.1051153456706,2577.1637211521124,2609.74850891977,2588.802390395236,1,1,0,0,0,0,TCS
2015-09-30,2625.2904003433678,2626.4562273916063,2623.1845436174017,2624.6880344105816,2624.6880344105816,3166899,2603.468501968861,2587.835144070558,2577.407435579079,2612.590479105565,2589.6280812736036,1,0,0,1,0,0,TCS
2015-10-01,2627.2151794719257,2629.5892224191757,2625.7713522462764,2625.8877894283587,2625.8877894283587,2719747,2605.839859720391,2588.6635709569046,2577.654784323208,2615.0218642033087,2590.4636964462757,1,0,0,1,0,0,TCS
2015-10-02,2628.337201982521,2631.2102970933056,2625.5199971575967,2628.3028142380285,2628.3028142380285,1247549,2608.206541068645,2589.5247783907284,2577.9118809217607,2618.1135631129227,2591.319859047907,1,0,0,1,0,0,TCS
2015-10-05,2626.3480287072603,2627.973690829829,2624.7321647576846,2627.4022169130376,2627.4022169130376,4418685,2610.2804304338806,2590.353359359999,2578.1618321136357,2620.414042297158,2592.0432136198224,1,1,0,0,0,0,TCS
2015-10-06,2627.9493963594364,2629.2399444393204,2627.4349573204167,2628.345897924392,2628.345897924392,3967016,2611.9275292613647,2591.185075406964,2578.4140133488654,2622.7454379315195,2592.685472795573,1,0,0,1,0,0,TCS
2015-10-07,2634.4496089645822,2637.0220839975923,2633.099516165413,2633.083389510322,2633.083389510322,2829924,2613.3264150758155,2592.0641025441805,2578.687360229673,2625.1251268046717,2593.338535029056,1,0,0,1,0,0,TCS
2015-10-08,2629.5118478895592,2629.8151785244995,2628.9495630463816,2630.3608463522933,2630.3608463522933,2877279,2614.626077429808,2592.9034049801094,2578.9444422501833,2626.750689041096,2593.849656780603,0,1,0,0,0,0,TCS
2015-10-09,2623.555729570951,2624.992049476959,2622.9090323190635,2624.915701412669,2624.915701412669,3245638,2615.745959998474,2593.6637185088216,2579.172022741087,2627.0223046526344,2594.410815701423,1,1,0,0,0,0,TCS
2015-10-12,2624.203220436536,2625.799340404526,2621.864237220549,2624.8315662974824,2624.8315662974824,4417083,2617.080253776308,2594.3097302872975,2579.3969466009708,2626.9582779501297,2594.980774018806,1,1,0,0,0,0,TCS
2015-10-13,2617.0592762006927,2618.860380531852,2615.540730578848,2618.21262160541,2618.21262160541,3439069,2618.1757983645134,2594.7851823105766,2579.5872195176594,2626.6030878092574,2595.47099808002,1,0,0,0,0,0,TCS
2015-10-14,2622.723513749273,2624.854400461475,2619.1293666605243,2623.4153776871826,2623.4153776871826,3420480,2619.5331506212415,2595.2765780066775,2579.8010154111685,2626.4758221369175,2596.035910174237,0,0,0,1,0,0,TCS
2015-10-15,2627.70581145709,2628.181431888117,2625.697760619072,2626.68421890858,2626.68421890858,1987888,2620.7886646441243,2595.7097968057064,2580.0286037776614,2626.55546508494,2596.6869537915995,1,0,0,1,0,0,TCS
2015-10-16,2636.3951917609256,2637.4982613277,2635.874618180775,2636.822713345604,2636.822713345604,2809808,2622.76050905431,2596.3847209431374,2580.3029714567338,2627.4074549956977,2597.4511194364645,1,1,0,1,0,0,TCS
2015-10-19,2641.022476584344,2642.3116709234364,2639.078370575663,2641.452285941202,2641.452285941202,4960075,2624.6132520978363,2597.12681586123,2580.596958545601,2628.812461898514,2598.3886908429818,1,1,0,1,0,0,TCS
2015-10-20,2633.147043611307,2633.876379918783,2631.925968062017,2632.918082584462,2632.918082584462,1564405,2626.00755914802,2597.7702191808567,2580.847298852007,2629.2696803645204,2599.1741232337954,1,0,0,0,0,0,TCS
2015-10-21,2632.687047280967,2633.670204581993,2630.8363654536984,2632.723235368966,2632.723235368966,4310329,2627.1793958775283,2598.4161724902074,2581.0943271211354,2629.233664950385,2600.018303161206,1,1,0,0,0,0,TCS
2015-10-22,2634.0776650247763,2635.1502089453484,2633.249229026946,2634.022902896922,2634.022902896922,2465803,2628.175279822972,2599.118259431339,2581.345173451826,2629.5998706048476,2600.7850990699294,1,0,0,1,0,0,TCS
2015-10-23,2629.0739377206,2631.547888997324,2628.13618577004,2629.091112506319,2629.091112506319,2009179,2628.519858183424,2599.7380197129087,2581.5703901454795,2630.017411714213,2601.4531196484645,1,0,0,0,0,0,TCS
2015-10-26,2633.473403464719,2633.823602677768,2631.7401622967272,2635.094918155048,2635.094918155048,3645272,2629.00101242505,2600.537525809192,2581.8216790093743,2631.0437468999694,2602.254886694574,1,1,0,1,0,0,TCS
2015-10-27,2632.116895039092,2634.394258464701,2631.202043240059,2632.129240052593,2632.129240052593,1967084,2629.519248276973,2601.2640081439313,2582.056761070324,2632.4354087446877,2603.084510602723,1,0,0,0,0,0,TCS
2015-10-28,2630.431028893704,2631.555793531617,2626.055751076223,2630.408382120259,2630.408382120259,2595594,2629.805265662457,2602.02649116027,2582.281652331021,2633.134709187995,2603.7988144849223,1,1,0,0,0,0,TCS
2015-10-29,2621.0238451520245,2624.2816289772027,2618.559505328896,2620.267956966104,2620.267956966104,2745244,2629.5242740393433,2602.5734255005627,2582.45751485248,2632.493082993748,2604.393603401788,0,1,0,0,0,0,TCS
2015-10-30,2619.234628750248,2623.8152437085846,2616.904251393013,2621.064466296669,2621.064466296669,1399385,2629.162356642276,2603.099361715319,2582.6354270711167,2630.917258288854,2605.0082502669784,1,0,0,1,0,0,TCS
2015-11-02,2623.27390162395,2623.636362028516,2620.367346317541,2624.046861267249,2624.046861267249,2338344,2628.9945888599864,2603.712917609949,2582.825387778438,2629.1767158214593,2605.618292553453,1,1,0,1,0,0,TCS
2015-11-03,2633.0989518675538,2633.801992956627,2631.10388793036,2633.770006758932,2633.770006758932,4534424,2629.2657943017134,2604.511199607668,2583.0580116093997,2629.261908238906,2606.4701582943676,1,1,0,1,0,0,TCS
2015-11-04,2625.256733878346,2626.309972669032,2624.7825897762077,2626.4808448272324,2626.4808448272324,3958382,2628.935667067559,2605.1317652810667,2583.2553881240265,2628.6376691847327,2607.326073013599,1,0,0,0,0,0,TCS
2015-11-05,2623.99921168678,2624.859988570445,2621.950378631173,2623.707162676951,2623.707162676951,1133630,2628.602982883792,2605.732369962014,2583.438427827886,2627.606095162736,2608.0845346461138,1,0,0,0,0,0,TCS
2015-11-06,2631.4157306601883,2631.643017331745,2630.1036776690576,2629.9345998165086,2629.9345998165086,4313359,2628.853927803984,2606.4194780671282,2583.6478700440503,2627.690443893755,2608.760351982924,1,1,0,1,0,0,TCS
2015-11-09,2633.894073349286,2635.986246408092,2632.3087441117027,2634.3862898264074,2634.3862898264074,4493598,2629.3316639804298,2607.120635567688,2583.87539659016,2627.6195810608906,2609.302070016594,0,1,0,1,0,0,TCS
2015-11-10,2631.421575437951,2635.173156464752,2625.968989538039,2631.023599703894,2631.023599703894,4374533,2629.9722128853546,2607.884929611607,2584.0858796397742,2627.5090170260205,2609.7442270118295,0,0,0,0,0,0,TCS
2015-11-11,2637.352962348657,2638.731113966928,2637.1338305140557,2638.0013129020917,2638.0013129020917,4999884,2630.7015096460996,2608.831355511822,2584.3255037876074,2628.268310104204,2610.2957196993666,1,1,0,1,0,0,TCS
2015-11-12,2643.269647755673,2644.299354163723,2642.994830652335,2644.014421788045,2644.014421788045,1506440,2631.568019790073,2609.7962540311937,2584.5896140442464,2630.642956586398,2610.962887978916,1,0,0,1,0,0,TCS
2015-11-13,2642.6120331417,2646.9197703589816,2641.4343951797387,2641.415888613351,2641.415888613351,3987048,2631.79767855346,2610.573348894414,2584.839950055564,2632.6780988180662,2611.541788491905,1,1,0,0,0,0,TCS
2015-11-16,2643.1895978559487,2644.747147499356,2641.8707546815062,2643.0548509859773,2643.0548509859773,1418566,2631.877806805699,2611.189566565474,2585.0952785684167,2634.578897789939,2612.1572992854303,1,0,0,1,0,0,TCS
2015-11-17,2644.7492586203475,2645.067803088117,2644.440576746584,2644.7880287376,2644.7880287376,2621143,2632.471304113356,2611.776144111428,2585.355945599723,2635.680699987806,2612.777640107627,1,1,0,1,0,0,TCS
2015-11-18,2648.58683200968,2648.7513423359164,2646.083104537451,2646.9774326756965,2646.9774326756965,4236706,2633.1840139786923,2612.4053700031645,2585.623865108749,2637.7303587726524,2613.448735344809,1,1,0,1,0,0,TCS
2015-11-19,2650.9118996933366,2652.035942543892,2647.1113282033944,2650.543866527737,2650.543866527737,2895160,2634.0100621602332,2613.1124583244887,2585.904904075931,2640.4140291577305,2614.2331106248826,1,0,0,1,0,0,TCS
2015-11-20,2645.781817983168,2646.532558449613,2645.047169908591,2644.87198700876,2644.87198700876,3809021,2634.7991058853554,2613.6983787853583,2586.1590725368483,2641.907767876956,2614.7709732306125,1,1,0,0,0,0,TCS
2015-11-23,2635.575339341523,2635.8638248857187,2633.237615664661,2637.252365691308,2637.252365691308,4563496,2634.9069782621686,2614.2028890881047,2586.378357056825,2642.1943754634462,2615.199439046644,1,1,0,0,0,0,TCS
2015-11-24,2632.0156438236518,2632.6395039351864,2630.133304731676,2633.4405514097884,2633.4405514097884,4076433,2634.972543830028,2614.6426151423166,2586.5794775455124,2642.4360706340353,2615.5260811645726,1,0,0,0,0,0,TCS
2015-11-25,2634.2169054864407,2634.251981901129,2633.1171081844905,2632.8032041917186,2632.8032041917186,3899626,2635.092284933601,2615.094589071125,2586.776174254645,2641.9162597629984,2615.789297464639,0,0,0,0,0,0,TCS
2015-11-26,2631.0374747806104,2634.28280410763,2628.0176496176773,2630.9411058284795,2630.9411058284795,4029178,2635.6259423767196,2615.584906387453,2586.9633137952123,2640.608928167042,2616.0407235042085,0,1,0,0,0,0,TCS
2015-11-27,2633.1637124117456,2634.6338485155898,2633.0442917788105,2632.554537404262,2632.554537404262,4197973,2636.2004459320992,2615.935184460269,2587.155681827318,2639.722793046133,2616.3040077815986,0,1,0,1,0,0,TCS
2015-11-30,2624.2357866485213,2628.811517215136,2621.649068716968,2626.490123295567,2626.490123295567,2091021,2636.322609033515,2616.202343132851,2587.3209525897896,2638.066320277092,2616.6070855747107,1,0,0,0,0,0,TCS
2015-12-01,2622.066105534367,2622.9156819065784,2621.870785740881,2622.1554416780573,2622.1554416780573,3986543,2635.741880779472,2616.367506246763,2587.4667035901584,2635.8030615711373,2616.948371602242,1,1,0,0,0,0,TCS
2015-12-02,2630.4390351453067,2630.762820674768,2629.1947529142526,2630.298382170605,2630.298382170605,1616369,2635.9327576466403,2616.5829612528114,2587.645168917577,2634.1351565206282,2617.408322038856,1,0,0,1,0,0,TCS
2015-12-03,2630.434600702013,2631.745321023097,2629.3526805287074,2630.547601191769,2630.547601191769,4247630,2636.2747795723812,2616.8137543569487,2587.8231873087566,2632.1355299870315,2617.8682851237254,1,1,0,1,0,0,TCS
2015-12-04,2626.8998947959817,2627.810896457891,2626.4802768433124,2627.552362694668,2627.552362694668,3079135,2636.155667716289,2616.9980561831317,2587.9873574549792,2630.4035675556224,2618.363818154723,1,0,0,0,0,0,TCS
2015-12-07,2629.288600873808,2630.056888563907,2628.2202720989058,2629.643926398586,2629.643926398586,3228141,2635.9185495448983,2617.321614152962,2588.1587836646236,2629.64272362635,2618.9794725576603,0,1,0,1,0,0,TCS
2015-12-08,2625.6182832917143,2627.4870864205955,2623.530860506607,2625.8354133191424,2625.8354133191424,3896575,2635.6591402256604,2617.687569449286,2588.3131960812407,2628.8822098172855,2619.6085872160643,1,1,0,0,0,0,TCS
2015-12-09,2619.8921390219125,2621.150041820911,2615.7270493411825,2619.5541674893834,2619.5541674893834,4347914,2634.736782955025,2617.984470300097,2588.4407102502537,2627.557306147052,2620.211768378993,1,1,0,0,0,0,TCS
2015-12-10,2615.9968899535465,2617.04420242102,2610.610572138774,2614.282267066505,2614.282267066505,2169015,2633.2501752189482,2618.212369015596,2588.5457572291816,2625.8914222708545,2620.717604552028,1,0,0,0,0,0,TCS
2015-12-11,2609.3810274979887,2610.708899363542,2609.2662472765724,2608.3244698916437,2608.3244698916437,1537278,2631.595604282863,2618.436582572119,2588.6258329889483,2623.468415519593,2621.1579560206333,1,0,0,0,0,0,TCS
2015-12-14,2618.1397428357527,2622.8805958616813,2617.432475975971,2616.384004941026,2616.384004941026,4382289,2630.2620619806153,2618.848009556653,2588.737761101658,2622.4578036841385,2621.7724291791687,1,1,0,1,0,0,TCS
2015-12-15,2609.577320980517,2609.847027221132,2608.519244644357,2611.5006787405546,2611.5006787405546,2814475,2628.597694480763,2619.258620366674,2588.8291784415733,2621.3923273903883,2622.244023647632,1,0,0,0,0,0,TCS
2015-12-16,2617.9022217577226,2618.7442626055254,2616.871426563156,2616.8384873152645,2616.8384873152645,1373578,2627.0907472127415,2619.7901567047434,2588.9412156770686,2620.046337904854,2622.802986942985,1,0,0,1,0,0,TCS
2015-12-17,2611.270191665408,2615.1686768526138,2611.057992547156,2611.3843345266305,2611.3843345266305,1059528,2625.132770612686,2620.228153960215,2589.0306304932024,2618.1300112383406,2623.2419696113698,1,0,0,0,0,0,TCS
2015-12-18,2609.589032089405,2612.977615057933,2608.666943995531,2610.8755128416915,2610.8755128416915,2300033,2623.4329469043323,2620.6728714989085,2589.1173165342675,2616.4623262530426,2623.6407206189538,1,1,0,0,0,0,TCS
2015-12-21,2617.368006535938,2618.319275471561,2616.45917501407,2617.5793563239968,2617.5793563239968,2963879,2622.449296435967,2621.2638819773224,2589.2298147152546,2615.2558692455837,2624.0627863084956,1,1,0,1,0,0,TCS
2015-12-22,2622.129338285142,2624.020579553954,2618.3055246534427,2622.1360492322747,2622.1360492322747,1709953,2621.884071327091,2621.838943922653,2589.3593668196527,2614.885932836897,2624.4192146799296,1,0,0,1,0,0,TCS
2015-12-23,2622.4436056590607,2622.5173717407174,2621.9900771225293,2622.514452952551,2622.514452952551,3899203,2621.3696337651327,2622.433921582513,2589.489386765272,2615.181961383214,2624.651331743013,1,1,0,1,0,0,TCS
2015-12-24,2626.1793480314245,2628.9118926618107,2625.548681650544,2626.995447380683,2626.995447380683,1705848,2621.172350842743,2623.0406067447993,2589.6358948145503,2616.4532794146317,2624.9530363844565,1,0,0,1,0,0,TCS
2015-12-25,2636.880541451851,2637.4940260390013,2634.885209216994,2635.677261480978,2635.677261480978,3524124,2621.3284870465786,2623.7244576723997,2589.8150441011903,2619.188558573565,2625.395159203678,1,1,0,1,0,0,TCS
2015-12-28,2643.2352806601525,2643.742442377757,2643.112407141143,2643.695878830691,2643.695878830691,4582002,2622.1887748233353,2624.446600787679,2590.023884545878,2621.9197459625316,2626.0024950448765,1,1,0,1,0,0,TCS
2015-12-29,2649.886084363992,2652.8071406713148,2648.8444166569834,2651.7420307136595,2651.7420307136595,1201041,2623.6681042751147,2625.150827154416,2590.2621785465262,2625.943881159842,2626.741699056508,1,0,0,1,0,0,TCS
2015-12-30,2658.7556972237044,2660.370781284787,2656.9753770103957,2657.9858372538456,2657.9858372538456,4432750,2625.0524770292773,2625.811829204823,2590.522654156939,2630.0586161537003,2627.564599119191,1,1,0,1,0,0,TCS
2015-12-31,2652.933394194007,2655.7087404962267,2651.7037455088744,2653.2268960340125,2653.2268960340125,1685032,2626.186441771389,2626.4225704143428,2590.6967597127828,2634.242872304438,2628.253305220299,1,0,0,0,0,0,TCS
2016-01-01,2655.4311733400627,2656.130763678162,2652.9837193141834,2655.070039283015,2655.070039283015,2092156,2627.5623256008066,2627.0794702798885,2590.8941090005883,2638.662324948571,2629.022428075514,1,1,0,1,0,0,TCS
2016-01-04,2662.3948568647365,2665.376451059515,2662.204626099573,2662.899305442113,2662.899305442113,4504755,2629.2250945529827,2627.888890463655,2591.1307609443593,2643.194319860382,2629.802453147133,1,1,0,1,0,0,TCS
2016-01-05,2663.02127913518,2663.668638283872,2661.5178778441173,2663.58532500637,2663.58532500637,1727818,2631.1125901373443,2628.7299354032184,2591.3540820325384,2647.3392474377915,2630.583164926141,1,0,0,1,0,0,TCS
2016-01-06,2670.642240462032,2672.0178939402986,2669.723198299688,2669.165144295433,2669.165144295433,2654146,2633.593138977647,2629.6411455500033,2591.625216623325,2652.00431657208,2631.381546839696,1,1,0,1,0,0,TCS
2016-01-07,2671.9568657653463,2672.48807368466,2670.741385619167,2672.743752896321,2672.743752896321,1265792,2636.5162132691376,2630.530768230571,2591.936259395175,2656.5791471236435,2632.163393891806,1,0,0,1,0,0,TCS
2016-01-08,2667.844385255436,2669.15900030615,2667.7230639712675,2667.779962327399,2667.779962327399,1034136,2639.4889878909257,2631.41069494539,2592.236982183634,2659.789417208286,2632.771132785541,1,0,0,0,0,0,TCS
2016-01-11,2671.602476037221,2674.5791154981425,2670.5471811676475,2672.770155911613,2672.770155911613,2401464,2642.308295439455,2632.2653540809015,2592.5241066469425,2662.6968449163783,2633.401777086729,1,1,0,1,0,0,TCS
2016-01-12,2674.977561397072,2675.046734696408,2673.293106523902,2674.634296918956,2674.634296918956,2982204,2645.464976348375,2633.1353835226287,2592.8295869930175,2664.9860715369077,2634.10670740546,1,1,0,1,0,0,TCS
2016-01-13,2671.936234758916,2672.108117725664,2671.291066531912,2671.876892460393,2671.876892460393,1758681,2648.2168966056315,2633.9177634186485,2593.1328924498384,2666.3751770575627,2634.7358921794576,1,0,0,0,0,0,TCS
2016-01-14,2664.675279993093,2665.127734099399,2663.96032364449,2665.195003040567,2665.195003040567,4904035,2650.907430031328,2634.556385656805,2593.4301376175627,2667.571987758218,2635.2599883609537,1,1,0,0,0,0,TCS
2016-01-15,2658.476023099071,2659.672649838249,2657.606527795002,2659.3166654488955,2659.3166654488955,4117404,2653.3294876616883,2635.0203496587,2593.6939237087977,2667.996650374806,2635.6735063770984,1,0,0,0,0,0,TCS
2016-01-18,2661.734474834961,2663.2979661920253,2661.1126155305883,2661.6679582048705,2661.6679582048705,2805664,2655.5339177557316,2635.4728012197293,2593.9517208391603,2667.873515651082,2636.1303829276562,1,0,0,1,0,0,TCS
2016-01-19,2669.2465042364333,2674.154818776805,2666.8178063971477,2669.946737060538,2669.946737060538,1002572,2657.9244521471455,2636.075078895309,2594.2553369138996,2668.5096568564986,2636.6850607828046,1,0,0,1,0,0,TCS
2016-01-20,2664.8301524308013,2668.271143470366,2662.380387698369,2665.3533738266465,2665.3533738266465,2298655,2660.06639819085,2636.58339563801,2594.5037337273566,2668.12847980962,2637.1153272403553,1,1,0,0,0,0,TCS
2016-01-21,2657.1216492001126,2657.375625471452,2656.9066206918296,2657.315147642202,2657.315147642202,1996855,2661.582383203926,2636.976237615683,2594.718256378748,2666.585619284208,2637.474717924221,1,0,0,0,0,0,TCS
2016-01-22,2664.095232323772,2665.0347259962355,2664.05360543459,2664.407557531104,2664.407557531104,1632710,2663.0188980064327,2637.4275469068466,2594.942698369274,2666.2483788045784,2638.0012760058003,1,0,0,1,0,0,TCS
2016-01-25,2662.167782548081,2666.3061314807,2659.052917361658,2661.619808728726,2661.619808728726,2716800,2663.915094501334,2637.8552668045427,2595.1387944970156,2665.13334408629,2638.4917859048833,1,1,0,0,0,0,TCS
2016-01-26,2671.703105436502,2672.7740164190477,2671.105395373984,2670.4208363919483,2670.4208363919483,2884920,2664.8490347852485,2638.381203535387,2595.3949044809497,2664.711998033589,2639.1878954353706,0,1,0,1,0,0,TCS
2016-01-27,2664.2812532701296,2668.4001610292435,2662.851417774365,2664.4576645474654,2664.4576645474654,4852267,2665.1726261499293,2638.773381973351,2595.6358566645918,2663.9700752422964,2639.7351259268407,1,1,0,0,0,0,TCS
2016-01-28,2663.618604424137,2664.372406709846,2662.2530092210727,2663.816566428722,2663.816566428722,3201501,2665.7021096696653,2639.1915784743064,2595.878406302134,2663.832231581112,2640.2302238937764,1,0,0,0,0,0,TCS
2016-01-29,2654.7469738148043,2657.605109820553,2653.2348836202887,2654.050470916418,2654.050470916418,3572330,2665.651131251335,2639.555763093104,2596.0872211237893,2663.305612127864,2640.459927328054,1,1,0,0,0,0,TCS
2016-02-01,2659.562409157065,2660.640244282641,2657.397006071079,2658.63790415515,2658.63790415515,3785419,2665.438061186987,2639.978342316325,2596.3068379560373,2663.002606722892,2640.6890689042402,0,1,0,1,0,0,TCS
2016-02-02,2661.6009377216465,2662.793284216574,2661.5134283728044,2662.1540579923185,2662.1540579923185,3072949,2665.366497836284,2640.527610271161,2596.5426708777686,2662.2233388160703,2641.078881909678,1,0,0,1,0,0,TCS
2016-02-03,2659.3980802002,2659.436927869386,2658.153357214433,2659.218485274696,2659.218485274696,4735840,2664.8691648852478,2640.975149116005,2596.7993722071756,2661.609849960875,2641.432151908421,1,1,0,0,0,0,TCS
2016-02-04,2647.712045630563,2649.746124521469,2643.1593932954884,2646.287213304518,2646.287213304518,2315877,2663.5463379056573,2641.220186545954,2596.991443446316,2660.5070565271067,2641.595676047189,1,0,0,0,0,0,TCS
2016-02-05,2648.8454854394863,2649.263949404055,2648.468449268072,2649.187765077705,2649.187765077705,4887626,2662.6167280431723,2641.3747496926053,2597.1997522102515,2658.9850772817667,2641.8636314148075,1,1,0,1,0,0,TCS
2016-02-08,2640.1355069494844,2641.9627668141866,2638.9679213551944,2641.146446642565,2641.146446642565,1717956,2661.03554257972,2641.3709267013724,2597.3868629062313,2656.937741073151,2641.9443184613074,1,0,0,0,0,0,TCS
2016-02-09,2637.964060191242,2639.184383616338,2636.474230719268,2637.0083983380646,2637.0083983380646,1053229,2659.1542476506756,2641.4220556482924,2597.5417433889597,2653.596497267762,2642.009373905114,1,0,0,0,0,0,TCS
2016-02-10,2638.3435555771803,2640.634711852007,2635.9093598150853,2639.793928493599,2639.793928493599,4769882,2657.550099452336,2641.51043931235,2597.69497249983,2651.130123662376,2642.1345145234254,1,1,0,1,0,0,TCS
2016-02-11,2633.9545582224946,2634.2402778774303,2633.022867324265,2633.705945437048,2633.705945437048,1475011,2655.97564657216,2641.5064773441018,2597.812737964656,2648.1190615632086,2642.313687703038,1,0,0,0,0,0,TCS
2016-02-12,2638.135653681818,2638.891876720676,2635.1948080058205,2637.568889049827,2637.568889049827,3009813,2654.8882577522063,2641.6124495508957,2597.9889712079726,2646.470903376549,2642.53374667308,1,1,0,1,0,0,TCS
2016-02-15,2634.6207538280246,2634.8296353404403,2634.1923023787613,2633.708474851617,2633.708474851617,3011147,2653.490283584544,2641.595119009603,2598.120337185709,2643.977960446196,2642.662568187538,0,1,0,0,0,0,TCS
2016-02-16,2628.350890158815,2630.623850238273,2627.333270027704,2628.8232488123485,2628.8232488123485,1669618,2651.4341091721344,2641.5537941190996,2598.2372141552937,2640.6448795281985,2642.596611414917,1,0,0,0,0,0,TCS
2016-02-17,2630.063596056684,2630.5765235829635,2626.721650960899,2630.627537202284,2630.627537202284,4151624,2649.697817340916,2641.5565335576252,2598.3503232437797,2637.7857847209575,2642.6519006465846,1,1,0,1,0,0,TCS
2016-02-18,2629.283605255712,2629.294340729982,2627.5683940589884,2630.39465738321,2630.39465738321,4540496,2648.3517928279666,2641.683117312839,2598.4766554642038,2636.1965291288266,2642.7410672426677,0,1,0,0,0,0,TCS
2016-02-19,2625.733331369693,2627.252805157001,2625.191992433311,2625.238315096284,2625.238315096284,3663133,2646.3933307062257,2641.735290422834,2598.603864613269,2633.801584130685,2642.6784501130646,1,0,0,0,0,0,TCS
2016-02-22,2629.415370401243,2633.017388382643,2629.327386364698,2628.724600006562,2628.724600006562,2317984,2644.7485702701174,2641.7937621570754,2598.755975919139,2632.5593994670844,2642.6029609154666,1,0,0,1,0,0,TCS
2016-02-23,2625.7817674809285,2626.0433201261003,2623.68792335989,2626.371009014817,2626.371009014817,1644015,2642.546078901261,2641.701274685274,2598.9556330722858,2631.4956605347593,2642.5409263729457,1,0,0,0,0,0,TCS
2016-02-24,2628.134512879885,2631.084571315423,2625.0185040630345,2628.600976767565,2628.600976767565,3365807,2640.753244512266,2641.7277763345282,2599.163699911874,2630.3763653621563,2642.415588557819,1,1,0,1,0,0,TCS
2016-02-25,2624.940174904666,2628.861520061663,2622.716338684454,2623.305130834652,2623.305130834652,1589564,2638.7276727325625,2641.7227509364993,2599.363875783242,2629.3362839019164,2642.13946467844,1,0,0,0,0,0,TCS
2016-02-26,2617.884301521653,2618.5016739773146,2617.851612585081,2618.3107602892783,2618.3107602892783,3297361,2636.9406872012055,2641.5774529424093,2599.5482526830206,2627.4104710258616,2641.8313963007863,1,1,0,0,0,0,TCS
2016-02-29,2619.923500317792,2620.7884253310585,2616.652537144716,2619.7872976009303,2619.7872976009303,1653002,2634.9981568734943,2641.3949655395904,2599.737641602742,2626.0183533007935,2641.5211622556517,1,0,0,1,0,0,TCS
2016-03-01,2619.456392295229,2620.765855285189,2614.669479900615,2619.5250125382627,2619.5250125382627,2497230,2632.8667046007918,2641.25123320002,2599.951940146606,2625.0885296733845,2641.184322039661,1,1,0,0,0,0,TCS
2016-03-02,2620.571746912733,2622.3786170909057,2620.1999938372915,2620.770203897096,2620.770203897096,4241060,2630.9442905319115,2641.035844337458,2600.1942574067716,2624.102796342866,2640.8348923226126,1,1,0,1,0,0,TCS
2016-03-03,2617.654395274093,2619.368938825687,2617.0725092234047,2617.8436552717376,2617.8436552717376,3131185,2629.5221126302727,2640.7087097560043,2600.4422879459894,2622.8476961317183,2640.398889505866,1,0,0,0,0,0,TCS
2016-03-04,2623.469106060973,2627.0526973828755,2623.180994412473,2623.1506073931323,2623.1506073931323,4353920,2628.2202547460442,2640.4803937407514,2600.69547640146,2622.6389253614034,2640.109271110991,1,1,0,1,0,0,TCS
2016-03-07,2625.673943041526,2627.756361457441,2622.8484358489136,2624.011056901518,2624.011056901518,3315680,2627.3634852589917,2640.2423463146956,2600.9393098185637,2622.167571050899,2639.9327203271273,1,0,0,1,0,0,TCS
2016-03-08,2624.157225530451,2626.2044412916,2623.8284450589263,2625.252510053924,2625.252510053924,3425081,2626.775690844785,2639.99815233115,2601.221226056148,2622.0557211548094,2639.8235464423824,0,1,0,1,0,0,TCS
2016-03-09,2629.644167930588,2630.3419048606524,2625.916226848442,2630.0301086744903,2630.0301086744903,4838093,2626.287499853829,2639.7863107811345,2601.5335066956322,2622.198634345502,2639.786571835486,1,1,0,1,0,0,TCS
2016-03-10,2628.6715050890207,2628.869702503208,2627.667608592404,2628.616784260526,2628.616784260526,3209714,2626.0330417950036,2639.5122222527943,2601.8463015148573,2622.7297996880893,2639.7555808812467,1,0,0,0,0,0,TCS
2016-03-11,2625.971394437997,2628.942038909248,2623.111179058834,2624.199459292857,2624.199459292857,2688763,2625.3645703071547,2639.2538156563455,2602.1611020242417,2623.3186695884474,2639.6441798397614,1,0,0,0,0,0,TCS
2016-03-14,2628.7721840677623,2629.197447822658,2627.111889262794,2626.897837451569,2626.897837451569,2041216,2625.0240384371523,2639.124384053349,2602.4417431195398,2624.0297235735115,2639.649616028508,1,0,0,1,0,0,TCS
2016-03-15,2627.881925873451,2629.8138418842896,2627.8227559984125,2628.551496847474,2628.551496847474,1842302,2625.0104508389086,2639.0632708713197,2602.7269256100426,2624.9323720044326,2639.7348967640996,0,0,0,1,0,0,TCS
2016-03-16,2624.716710426529,2625.3901551138374,2624.013655114144,2624.956499365313,2624.956499365313,2130125,2624.72689894706,2638.9651870609896,2602.989238270902,2625.351001551254,2639.663671660029,1,1,0,0,0,0,TCS
2016-03-17,2625.1913209750805,2625.5710280586736,2623.387167282182,2625.8907849799707,2625.8907849799707,3371755,2624.501705326898,2638.9020580503834,2603.2305471979394,2626.1557145220772,2639.6015807772055,1,1,0,1,0,0,TCS
2016-03-18,2635.410911367024,2637.93180313338,2633.762040504007,2635.182123413872,2635.182123413872,1601024,2624.998895742777,2638.934902875503,2603.5241219795907,2627.358866124151,2639.703310920128,1,0,0,1,0,0,TCS
2016-03-21,2636.2060143733747,2636.6237383152425,2635.762054877792,2638.130301294584,2638.130301294584,3407253,2625.4691808071784,2639.0804051004916,2603.7894749673733,2628.7707905634584,2639.8164625854083,1,1,0,1,0,0,TCS
2016-03-22,2642.742170546888,2645.370852828442,2641.4264557805845,2643.336109034151,2643.336109034151,2234355,2626.317435808145,2639.3451634424423,2604.101095081649,2630.579150461481,2640.0498051949417,1,0,0,1,0,0,TCS
2016-03-23,2649.489961046488,2650.682795621516,2648.0739600457227,2651.5150343955256,2651.5150343955256,2870694,2627.463138689543,2639.6103715952536,2604.438302593619,2632.727643033584,2640.475950087023,1,1,0,1,0,0,TCS
2016-03-24,2652.542355407897,2654.435349640876,2647.9898558046443,2651.6965638682186,2651.6965638682186,1240213,2628.8827103412214,2639.8747336287097,2604.7590994467178,2635.035620994354,2640.9748073777128,1,0,0,1,0,0,TCS
2016-03-25,2650.2293392849683,2650.692237487164,2650.061268652221,2648.3209577895423,2648.3209577895423,2682383,2630.383220216235,2640.1343410673953,2605.070464131026,2637.447770844022,2641.5080938830183,1,1,0,0,0,0,TCS
2016-03-28,2649.571185881086,2650.630633138232,2649.018960248353,2649.8555249289525,2649.8555249289525,1304476,2631.886631582636,2640.3869860490254,2605.401568543067,2639.74353959176,2641.954380816191,1,0,0,1,0,0,TCS
2016-03-29,2644.569406953483,2645.0361402301896,2643.885292374427,2645.0003532079554,2645.0003532079554,3403669,2633.1603986161203,2640.6265477976353,2605.7510629436783,2641.3884252278085,2642.401043142423,1,1,0,0,0,0,TCS
2016-03-30,2642.0323755137747,2642.232671702243,2640.790167382413,2640.480654190442,2640.480654190442,1707381,2634.1459211307874,2640.888128881398,2606.131647515147,2642.940840710321,2642.7162720340916,1,0,0,0,0,0,TCS
2016-03-31,2628.9600442330047,2631.9203921831763,2627.6685577911926,2628.876010916045,2628.876010916045,1721189,2634.697538913003,2641.0705506795175,2606.449223459806,2643.2393633039287,2642.949494385951,0,1,0,0,0,0,TCS
2016-04-01,2629.5623106320263,2632.443772745534,2628.686335524103,2630.083079981649,2630.083079981649,3511082,2635.044162542429,2641.342533305643,2606.7674087483433,2642.729458960707,2643.20559528115,1,1,0,1,0,0,TCS
2016-04-04,2638.8193668951453,2638.884923821267,2637.5343661893157,2637.947452522944,2637.947452522944,4104979,2635.7409823235002,2641.6120764004168,2607.1007626117853,2642.711174083542,2643.4771698971363,1,1,0,1,0,0,TCS
2016-04-05,2633.003334972243,2634.404988726589,2631.485197587802,2633.544093864696,2633.544093864696,3522015,2636.1555615140387,2641.887619089469,2607.428365861768,2641.731972566597,2643.629277158902,1,0,0,0,0,0,TCS
2016-04-06,2633.4991831319485,2633.934695464521,2629.40552483934,2632.58827904114,2632.58827904114,3559046,2636.2834700323715,2642.0844914860418,2607.7374579138495,2639.839297031159,2643.763594840083,0,1,0,0,0,0,TCS
2016-04-07,2628.584767711773,2631.083056899935,2627.212091085663,2628.852207523441,2628.852207523441,2297789,2636.295241195517,2642.302839898502,2608.014663653653,2637.5548613966807,2643.788351641986,1,0,0,0,0,0,TCS
2016-04-08,2629.6770962179853,2630.559878824354,2627.49690713369,2628.790812698262,2628.790812698262,2513898,2636.5248088657872,2642.5267811467093,2608.2767825488927,2635.6018468875527,2643.6965323248837,0,1,0,0,0,0,TCS
2016-04-11,2623.565268795184,2626.030203778373,2619.687140306639,2623.6885516775915,2623.6885516775915,2338848,2636.3643445770886,2642.6031460886293,2608.545641007382,2632.9851495624166,2643.4297679628426,0,0,0,0,0,0,TCS
2016-04-12,2626.498187299775,2628.269434990135,2625.2040607576296,2627.5943199719018,2627.5943199719018,4864440,2636.3164857333095,2642.6713744728745,2608.832101992287,2631.244546238811,2643.1077984862854,1,1,0,1,0,0,TCS
2016-04-13,2624.052281655343,2625.108402856504,2623.892921205705,2622.1745857825736,2622.1745857825736,3048396,2636.177390054173,2642.6671261332494,2609.084228072002,2629.4139393980245,2642.630315133335,1,0,0,0,0,0,TCS
2016-04-14,2623.061231101026,2624.644319971997,2622.2050621647404,2624.019551086882,2624.019551086882,1492244,2636.0838283595185,2642.629927429577,2609.3625567921395,2628.928293415108,2642.240883867373,1,0,0,1,0,0,TCS
2016-04-15,2630.946315242017,2631.708942540798,2628.3988183096585,2632.7983559129134,2632.7983559129134,1896770,2635.9646399844705,2642.593941109976,2609.694673035913,2629.1998210082343,2641.943928089105,1,1,0,1,0,0,TCS
2016-04-18,2640.026488527525,2640.9672772815866,2639.2443446243383,2641.081103399933,2641.081103399933,1987118,2636.1121800897376,2642.5612564170924,2610.0799505620803,2629.5131860959336,2641.653018728543,0,1,0,1,0,0,TCS
2016-04-19,2639.2785595639875,2639.467955905214,2638.053644857641,2640.0968504370458,2640.0968504370458,1500233,2635.9502171598824,2642.4156916636343,2610.4493622673062,2630.1684617531682,2641.3398390676184,1,0,0,0,0,0,TCS
2016-04-20,2636.199177246875,2637.2081992346875,2635.2696915039287,2637.685708000067,2637.685708000067,1984191,2635.2587508401098,2642.161940047962,2610.835229534148,2630.678204649061,2640.920113250347,1,1,0,0,0,0,TCS
2016-04-21,2642.769344059789,2644.9139017895154,2642.702451599245,2640.9216513842657,2640.9216513842657,4263842,2634.7200052159124,2642.00812448984,2611.250816376755,2631.8851490351435,2640.4958185635196,1,1,0,1,0,0,TCS
2016-04-22,2643.117197018611,2646.7886433326994,2642.900710612588,2644.064402071034,2644.064402071034,3762822,2634.5071774299868,2641.8705540246906,2611.674493409817,2633.412507972421,2640.1796110934347,1,0,0,1,0,0,TCS
2016-04-25,2646.72498470638,2648.165932951875,2643.9355593993278,2647.4499563797863,2647.4499563797863,3550314,2634.3868990025285,2641.677437161411,2612.084509393602,2635.7886484426404,2639.84200843301,0,0,0,1,0,0,TCS
2016-04-26,2646.415746679823,2648.5079265407453,2644.783604979992,2644.0167925472865,2644.0167925472865,1606238,2634.337720969495,2641.4328305056724,2612.473910938559,2637.4308957001786,2639.433775041388,1,0,0,0,0,0,TCS
2016-04-27,2651.908880592772,2653.2538796264053,2651.30564423332,2651.6147706881634,2651.6147706881634,4043094,2634.894426794381,2641.213450835582,2612.885488376862,2640.3749141907374,2639.1636134177584,1,1,0,1,0,0,TCS
2016-04-28,2645.8182814152824,2646.8063732594524,2643.6767485099504,2646.713732954968,2646.713732954968,1719312,2635.786312896327,2640.8880755863147,2613.288850084014,2642.6443323775466,2638.9171964832835,1,0,0,0,0,0,TCS
2016-04-29,2643.515630323857,2645.58740176653,2643.457869107013,2643.600027930448,2643.600027930448,1411387,2636.462160293767,2640.585826406353,2613.658706114181,2643.7244995793,2638.707641316371,1,0,0,0,0,0,TCS
2016-05-02,2648.446474493158,2648.818292823958,2646.381717393388,2649.3295889309834,2649.3295889309834,1738184,2637.0312671141687,2640.2928193190955,2614.042255019663,2644.5493481324047,2638.5431297260525,1,1,0,1,0,0,TCS
2016-05-03,2656.7662485629057,2658.1427577628647,2652.5851244062264,2657.5184026583333,2657.5184026583333,1450178,2638.229982553851,2640.0788706408375,2614.4387954589174,2646.2915033545332,2638.37741860069,1,0,0,1,0,0,TCS
2016-05-04,2660.0299707387144,2664.3444488533974,2659.5139502508355,2659.900936597001,2659.900936597001,3427752,2639.5956154316436,2639.929171192545,2614.837023524847,2648.513026214227,2638.3047194376277,1,1,0,1,0,0,TCS
2016-05-05,2670.86730247027,2671.4318700615395,2668.024392772181,2670.6813112557074,2670.6813112557074,3748237,2641.687070618257,2639.9977500452346,2615.245320088126,2651.488992201371,2638.482934952475,0,1,0,1,0,0,TCS
2016-05-06,2670.9593358794177,2673.007500648208,2669.9387753329493,2670.329895667013,2670.329895667013,4277654,2643.764024766695,2640.1354154229607,2615.7010301863197,2654.115541560969,2638.5618994609536,1,1,0,0,0,0,TCS
2016-05-09,2674.845110260914,2679.066441696122,2674.501804330903,2672.217398459877,2672.217398459877,4729569,2646.190467105809,2640.2672834261484,2616.1416297163505,2656.592285768978,2638.703200657369,1,1,0,1,0,0,TCS
2016-05-10,2681.0565570368512,2684.622140916707,2678.781542553918,2679.308429898839,2679.308429898839,3341583,2648.7761726021563,2640.3843045866274,2616.6185491028264,2660.1214495041336,2638.8217019041276,1,0,0,1,0,0,TCS
2016-05-11,2686.987213588114,2687.3460895960693,2686.5970615594583,2687.75227374357,2687.75227374357,2797780,2652.055057000206,2640.664290835589,2617.1417285542448,2663.7351998096738,2639.132296693409,1,0,0,1,0,0,TCS
2016-05-12,2688.4311298173343,2688.8188843454977,2684.919838031211,2690.838382641297,2690.838382641297,3627440,2655.3959985779265,2641.0833312730774,2617.683697692318,2668.1476647783065,2639.4925875762433,1,1,0,1,0,0,TCS
2016-05-13,2690.0886317385334,2692.391030354774,2688.285784732585,2690.986050640536,2690.986050640536,3597912,2658.3053833143076,2641.4155624369455,2618.235967563538,2672.886267049316,2639.985061972565,0,0,0,1,0,0,TCS
2016-05-16,2685.1175514110137,2686.797366139828,2684.6576711435027,2684.3774753737725,2684.3774753737725,1321784,2660.470201913,2641.7000332700086,2618.7444299478784,2676.3910556935944,2640.3282562554796,1,0,0,0,0,0,TCS
2016-05-17,2682.4437514634515,2683.592406159131,2677.808699430665,2682.352384314084,2682.352384314084,3610329,2662.5829786068516,2641.8491776190353,2619.2448676357335,2678.8744538591695,2640.5975672731033,1,1,0,0,0,0,TCS
2016-05-18,2684.1344459269058,2684.4113557778683,2682.233514837646,2685.02621932338,2685.02621932338,3037230,2664.950004173017,2642.106284553734,2619.765688334155,2681.3869821318076,2640.9416703937522,1,0,0,1,0,0,TCS
2016-05-19,2680.414933165393,2682.002643658999,2679.20098109346,2680.17922665936,2680.17922665936,1158413,2666.912882936772,2642.3108178066173,2620.2572925665427,2682.336773672173,2641.39356390515,1,0,0,0,0,0,TCS
2016-05-20,2682.584318898457,2683.8578567568857,2681.727856489605,2681.4501517874555,2681.4501517874555,4503937,2668.7821704225926,2642.6533138175046,2620.751828234762,2683.4487992842173,2641.8237290612797,1,1,0,1,0,0,TCS
2016-05-23,2677.3023811011035,2680.9249652780336,2677.298057905942,2677.325802222483,2677.325802222483,3106693,2670.2759627147275,2642.8869125433466,2621.223986904272,2683.959639660478,2642.3061204690125,1,0,0,0,0,0,TCS
2016-05-24,2682.191074746285,2682.978458378566,2681.992255267775,2682.8021454573527,2682.8021454573527,2275130,2672.215230360231,2643.1450136366593,2621.6928984217434,2684.309011216329,2642.916703763936,1,0,0,1,0,0,TCS
2016-05-25,2685.335619290893,2688.320829388777,2684.393434271089,2686.272784372127,2686.272784372127,4686229,2673.9481310444294,2643.4831923753773,2622.1624687094118,2684.1610622791845,2643.536421842316,1,1,0,1,0,0,TCS
2016-05-26,2684.1362063874867,2684.956381868915,2683.9157330404746,2683.871086394696,2683.871086394696,2721789,2675.805998716416,2643.9529907890046,2622.5985200712284,2683.4643326545247,2644.2052903884182,1,0,0,0,0,0,TCS
2016-05-27,2676.556264461829,2677.1913097667243,2674.840740837323,2677.9014871181107,2677.9014871181107,3553358,2677.521071675799,2644.3119123145098,2623.008736007452,2682.1558763022817,2644.7430583626624,1,1,0,0,0,0,TCS
2016-05-30,2678.7607491602407,2678.905322867534,2676.4171715556017,2679.9310256780896,2679.9310256780896,1637495,2679.0511435131543,2644.796719552454,2623.41800647049,2681.711231332714,2645.359359040349,1,0,0,1,0,0,TCS
2016-05-31,2680.3036328843727,2681.406468681426,2678.590734900781,2680.781712718194,2680.781712718194,2635214,2680.214309016147,2645.3438859822054,2623.8293757120264,2681.5541641731243,2646.0521385590932,1,1,0,1,0,0,TCS
2016-06-01,2679.353811527452,2681.468449788224,2677.952718401272,2678.7992762010617,2678.7992762010617,3116647,2681.1592259963504,2645.8314528285487,2624.2433191125137,2680.931469860893,2646.69442841241,1,1,0,0,0,0,TCS
2016-06-02,2682.384143358828,2685.8672970773027,2680.719310189209,2681.691441695194,2681.691441695194,2836278,2681.709732518325,2646.4312715317756,2624.6684418808786,2681.0826913644764,2647.37838553657,0,0,0,1,0,0,TCS
2016-06-03,2689.7201459254998,2689.861919216416,2689.3330709586626,2690.2216431826773,2690.2216431826773,3441214,2682.704319894108,2647.089430958436,2625.1262103322406,2681.9598405039987,2648.244829911055,1,1,0,1,0,0,TCS
2016-06-06,2687.5739765388985,2688.89877874196,2685.6925245485954,2686.1331122657984,2686.1331122657984,3421294,2683.4001055844037,2647.7447389261133,2625.5584602506924,2682.84057150833,2649.0102767411786,0,0,0,0,0,0,TCS
2016-06-07,2687.8577347425407,2689.3393738198406,2687.287015161389,2688.718329919148,2688.718329919148,3460721,2683.870600585419,2648.4934274399484,2626.0098919919883,2683.4321899545093,2649.8415743532364,0,1,0,1,0,0,TCS
2016-06-08,2687.0485062545886,2687.795353077117,2686.204014291945,2687.9753973535994,2687.9753973535994,3559428,2683.8817567659207,2649.21027569184,2626.4779291494265,2683.602451252657,2650.6332332943834,0,1,0,0,0,0,TCS
2016-06-09,2687.1388690247218,2688.4277775372566,2686.500636690091,2686.6302403516684,2686.6302403516684,2723789,2683.6713496514394,2649.9132204789453,2626.9664545410847,2683.878366648354,2651.4775680879434,1,0,0,0,0,0,TCS
2016-06-10,2683.4524882232827,2683.899161662735,2680.2726713834554,2685.0957552509603,2685.0957552509603,1070476,2683.3768348819603,2650.661438480879,2627.449875832311,2684.597793461639,2652.3680346874326,1,0,0,0,0,0,TCS
2016-06-13,2691.3772949117024,2693.931999976948,2688.576544242142,2690.0154899806485,2690.0154899806485,4728834,2683.6587356123046,2651.427574605555,2627.945644103885,2685.606239891895,2653.304410585829,1,1,0,1,0,0,TCS
2016-06-14,2691.100883716488,2693.378246513761,2689.681209082996,2692.46746733539,2692.46746733539,1776602,2684.1644897633696,2652.2537803345626,2628.448178154532,2686.774815353615,2654.276976649791,1,0,0,1,0,0,TCS
2016-06-15,2695.7219746839523,2697.5230650957647,2695.005188264657,2694.1052341910445,2694.1052341910445,3160952,2684.6184405067534,2653.072583552356,2628.9533474455243,2688.3054111526126,2655.25477705371,1,1,0,1,0,0,TCS
2016-06-16,2697.437906031061,2698.439866829844,2693.755567406732,2696.174198797149,2696.174198797149,3924172,2685.4181891136423,2653.983446901887,2629.4647226275215,2689.7536868628085,2656.2991843007153,1,1,0,1,0,0,TCS
2016-06-17,2696.9081554071645,2698.456341111872,2694.741856385102,2697.2327959734816,2697.2327959734816,3570103,2686.2073213229437,2654.9699723479393,2629.976807923128,2690.4548021418886,2657.28694681512,0,0,0,1,0,0,TCS
2016-06-20,2688.0912509469595,2688.675603219268,2687.4391732387585,2688.706544113226,2688.706544113226,3844940,2686.776358417481,2655.831462929343,2630.421253769643,2690.712145326632,2658.1495533112757,0,1,0,0,0,0,TCS
2016-06-21,2684.7692649267715,2685.9445617985502,2684.4792161381656,2684.446677109007,2684.446677109007,4784659,2686.8585850000636,2656.6429837364776,2630.8222930672036,2690.2849800456174,2658.9388088720107,1,1,0,0,0,0,TCS
2016-06-22,2688.5237973697226,2688.878059456448,2686.501351603143,2688.4216416880754,2688.4216416880754,1606004,2686.9660278658607,2657.488626708865,2631.2235158352382,2690.329604479065,2659.717362645525,1,0,0,1,0,0,TCS
2016-06-23,2687.169945635858,2690.4320875050457,2686.348353221956,2687.5244523162573,2687.5244523162573,3011964,2687.148696161939,2658.359636671921,2631.5908148249696,2690.4190256755237,2660.5027982196016,1,1,0,0,0,0,TCS
2016-06-24,2695.6586527455565,2695.869521451305,2694.8062861694534,2694.248973476833,2694.248973476833,4406692,2687.9660704798753,2659.2483662479676,2632.0193540216064,2691.334347498111,2661.4367917420545,1,1,0,1,0,0,TCS
2016-06-27,2695.167288693399,2697.942831326472,2692.923504253078,2695.7315964517443,2695.7315964517443,1211667,2688.756099018558,2660.1448729923454,2632.4564574983683,2691.905958145221,2662.3545751953907,1,0,0,1,0,0,TCS
2016-06-28,2684.2919651328016,2685.450927362377,2682.205531154628,2685.2081265922707,2685.2081265922707,4468244,2688.9774197122615,2660.8943181990744,2632.8555433044367,2691.180024070909,2663.109996925321,1,1,0,0,0,0,TCS
2016-06-29,2689.738567568848,2690.3067048931825,2687.814935951721,2688.5483855083125,2688.5483855083125,1551530,2689.4648751776244,2661.6257966594976,2633.2690102847732,2690.624339202636,2663.9578887405605,1,0,0,1,0,0,TCS
2016-06-30,2687.2801983233758,2691.229003128972,2684.2291069720272,2687.5184023424745,2687.5184023424745,4432189,2689.7562232099885,2662.362066885522,2633.690788956835,2689.758759557168,2664.7795903053943,1,1,0,0,0,0,TCS
2016-07-01,2697.584696548045,2697.972596955603,2695.9972660425624,2695.963225945537,2695.963225945537,1065645,2690.0433023481314,2663.25911396868,2634.138684864392,2689.631802554374,2665.5900050058167,1,0,0,1,0,0,TCS
2016-07-04,2703.786215749692,2704.8023800270657,2701.618555179918,2704.3515024043727,2704.3515024043727,1497234,2690.95422185506,2664.2272847805907,2634.651058218053,2691.1962983834883,2666.472954353947,1,1,0,1,0,0,TCS
2016-07-05,2694.4705821513694,2695.5877246264704,2693.68598943786,2695.8502349561186,2695.8502349561186,1739364,2691.3108171069084,2665.0685190069485,2635.119671993756,2692.3366541682,2667.1731426995734,1,1,0,0,0,0,TCS
2016-07-06,2688.903591204893,2692.449069966383,2688.5508139925028,2690.5290037502878,2690.5290037502878,1094309,2691.438497426743,2665.8881753117607,2635.585515312745,2692.547390374421,2667.693328957637,1,0,0,0,0,0,TCS
2016-07-07,2690.989024196454,2691.04154746024,2689.4043904595865,2690.9651339150696,2690.9651339150696,1630563,2691.6552421049128,2666.7016046734493,2636.0257150211005,2692.891458534302,2668.2169098915947,1,1,0,1,0,0,TCS
2016-07-08,2686.1852547668987,2688.4325620446,2685.3818423280736,2686.9246015583385,2686.9246015583385,4865687,2691.746684420282,2667.3483856502553,2636.440849761262,2692.1590213424524,2668.731625141845,1,1,0,0,0,0,TCS
2016-07-11,2686.91438673317,2688.588424212852,2686.084612168908,2686.698004717942,2686.698004717942,3993794,2691.5808101571465,2667.9554819430473,2636.870602126728,2691.2556621690724,2669.2228582056982,1,0,0,0,0,0,TCS
2016-07-12,2686.2222417287767,2686.619991422527,2684.2388855649347,2685.6167325104284,2685.6167325104284,3178409,2691.2382734158987,2668.483989736501,2637.315637840455,2691.2965227608884,2669.7644099297313,1,0,0,0,0,0,TCS
2016-07-13,2678.705042382416,2680.911357088113,2677.8486913236525,2678.6129061326624,2678.6129061326624,2364654,2690.463657012979,2668.822713133215,2637.7070890526757,2690.302974823323,2670.2728399556277,1,0,0,0,0,0,TCS
2016-07-14,2678.844193595561,2678.969807099991,2675.997893420353,2679.545776003228,2679.545776003228,1323516,2689.632235873283,2669.170828284902,2638.1066543903758,2689.5057121893988,2670.9484368234566,1,0,0,1,0,0,TCS
2016-07-15,2675.837127983091,2676.8608996636945,2675.428976803059,2677.75469645108,2677.75469645108,3631466,2688.658330897163,2669.5387500181714,2638.5019957174673,2687.6848592399524,2671.5840583763825,1,1,0,0,0,0,TCS
2016-07-18,2677.6857808111163,2678.526690908834,2675.1663317987804,2678.049699712726,2678.049699712726,2672642,2688.1254886771385,2669.8911772029687,2638.8856726787403,2685.054678970788,2672.1187550055797,1,0,0,1,0,0,TCS
2016-07-19,2686.3066151400144,2687.1243296929674,2685.2060132464176,2684.619676322449,2684.619676322449,2444779,2688.1341386378103,2670.3864187419,2639.3269788330945,2683.9316231074213,2672.799762771683,0,0,0,1,0,0,TCS
2016-07-20,2683.327741993324,2683.9860001326406,2681.231734492705,2684.941374488336,2684.941374488336,1795576,2687.960125277824,2670.9421777456237,2639.7987255008006,2683.372860181226,2673.497804044312,1,0,0,1,0,0,TCS
2016-07-21,2683.533722622049,2684.0082378636694,2681.131232240057,2684.6600314287152,2684.6600314287152,2582894,2687.816904233446,2671.639478002032,2640.251946620763,2682.7423499325905,2674.2419083630493,1,1,0,0,0,0,TCS
2016-07-22,2683.6255517980203,2685.139215032164,2683.599587749444,2684.235317294969,2684.235317294969,1410039,2687.316221424353,2672.3163809684484,2640.655742842837,2682.4734215062535,2674.9811684243386,1,0,0,0,0,0,TCS
2016-07-25,2685.911142496887,2687.750947657365,2685.7772534139062,2688.855359978841,2688.855359978841,3807702,2686.9724096007076,2672.9527298116473,2641.021504083905,2682.6891570323432,2675.8500592016885,1,1,0,1,0,0,TCS
2016-07-26,2683.889502327057,2685.471907380206,2681.7082944612225,2683.284512865348,2683.284512865348,2036974,2686.876228914362,2673.574485049155,2641.350052883152,2682.455935067835,2676.5925951069344,1,0,0,0,0,0,TCS
2016-07-27,2689.696374152999,2689.734732595288,2688.8636874090403,2690.310544649837,2690.310544649837,4696156,2686.964336871438,2674.296013369264,2641.7103266651247,2683.6256989195526,2677.501074558498,1,1,0,1,0,0,TCS
2016-07-28,2686.437993966217,2686.7067545992736,2683.98022010888,2688.087901208847,2688.087901208847,1473656,2686.992811814757,2675.036459540332,2642.0722924358442,2684.479911440115,2678.3553192267914,1,0,0,0,0,0,TCS
2016-07-29,2693.235270393245,2693.7551218138465,2690.8935204533905,2692.514734053538,2692.514734053538,4857360,2686.8203872201566,2675.8330085572725,2642.435816989361,2685.955915200361,2679.1515376019993,1,1,0,1,0,0,TCS
2016-08-01,2690.531363072132,2694.7127558408683,2689.614436925879,2689.372549407018,2689.372549407018,2628098,2686.071439570289,2676.6540585288903,2642.791513173728,2687.08820016979,2679.7954235487605,1,0,0,0,0,0,TCS
2016-08-02,2689.3141095372944,2689.5556653565595,2686.998681764624,2689.407171541181,2689.407171541181,4496669,2685.749286399542,2677.426719173506,2643.1420697293756,2687.566949691663,2680.452894496815,1,1,0,1,0,0,TCS
2016-08-03,2698.331329859686,2700.595546152757,2696.9402979860915,2697.883590873198,2697.883590873198,2069781,2686.1170157556876,2678.3730817371393,2643.5314478100913,2688.8611713301493,2681.255532935124,1,0,0,1,0,0,TCS
2016-08-04,2697.1051946466378,2697.600476481682,2695.7834213427823,2697.551948519113,2697.551948519113,4783130,2686.4463564858897,2679.2922367050423,2643.938510225464,2690.150363039189,2682.0106035635886,1,1,0,0,0,0,TCS
2016-08-05,2696.4742718192347,2699.706221137424,2694.1253336890504,2696.921308706856,2696.921308706856,4677432,2686.946191843316,2680.0937736149667,2644.2938525990326,2691.418962180378,2682.715362318733,0,0,0,0,0,0,TCS
2016-08-08,2692.663655875112,2696.050784564313,2691.915608415853,2693.9936771137627,2693.9936771137627,3204105,2687.310975463107,2680.7551807863892,2644.6356843206663,2691.93279389387,2683.335945261853,1,0,0,0,0,0,TCS
2016-08-09,2693.2926169828447,2693.766137190031,2690.0156098529555,2694.935660108411,2694.935660108411,3313624,2687.7769218430058,2681.440665907281,2644.9664276573712,2693.0979086181765,2684.0148634960015,0,1,0,1,0,0,TCS
2016-08-10,2689.376344788656,2691.0471034371703,2688.426583828797,2687.48235831739,2687.48235831739,1596950,2688.2203944522425,2682.063124036248,2645.252659875182,2692.8150899849315,2684.4930979977244,1,0,0,0,0,0,TCS
2016-08-11,2686.960809603097,2687.225946125495,2686.9134481454403,2687.2281792814697,2687.2281792814697,4790962,2688.6045146161546,2682.641955634963,2645.541675361415,2692.729117792194,2685.033290615411,1,1,0,0,0,0,TCS
2016-08-12,2680.04343390424,2682.47530900048,2678.3675408646614,2678.7310232004147,2678.7310232004147,3920438,2688.653330953621,2683.07528839908,2645.7952246175705,2691.3507467068816,2685.5017038856768,1,0,0,0,0,0,TCS
2016-08-15,2678.7112316120047,2678.838737370688,2675.8566971967457,2678.4574294145737,2678.4574294145737,2683227,2688.6737174387135,2683.4628818120154,2646.0825251583487,2690.259234707637,2685.890075092125,1,0,0,0,0,0,TCS
2016-08-16,2677.628047058067,2678.4954077351817,2675.778980958672,2677.772287104019,2677.772287104019,4714745,2688.331347977792,2683.8848254939744,2646.394883994852,2689.095746263921,2686.160126884734,1,1,0,0,0,0,TCS
2016-08-17,2676.333843851111,2679.1763452659334,2675.5609990710823,2676.0068475736143,2676.0068475736143,3359074,2687.8846216320558,2684.1897264550425,2646.7033637954255,2686.9080719339627,2686.3748723644226,1,0,0,0,0,0,TCS
2016-08-18,2678.79511986787,2679.23776354055,2678.5254238630146,2678.8289198492294,2678.8289198492294,4610489,2687.5930660530817,2684.591166291221,2647.021742833974,2685.0357690669744,2686.4835071456687,1,1,0,1,0,0,TCS
2016-08-19,2677.263311725179,2679.925198818355,2676.252744836877,2676.7224518714083,2676.7224518714083,4184481,2687.2174227819037,2685.0051965904827,2647.3538007820575,2683.0158833834294,2686.568741228394,0,0,0,0,0,0,TCS
2016-08-22,2671.390924905783,2672.9961693133773,2668.410567757004,2670.3922629177287,2670.3922629177287,1938908,2686.294267928848,2685.268480015317,2647.688117769517,2680.6557419638257,2686.544406087832,1,0,0,0,0,0,TCS
2016-08-23,2670.417717005488,2674.0018139620342,2669.542805021259,2669.3220424254587,2669.3220424254587,4186680,2685.5961444068535,2685.416025512406,2648.036849417542,2678.0943801955304,2686.4112542548537,1,1,0,0,0,0,TCS
2016-08-24,2672.917601328956,2673.564849895896,2672.517534810575,2672.547139142388,2672.547139142388,3675556,2684.707974131481,2685.574103044223,2648.4146631055137,2676.6008582780305,2686.208519126838,1,0,0,1,0,0,TCS
2016-08-25,2679.0591708995325,2682.306337908521,2676.361813934481,2678.9362246749324,2678.9362246749324,2606105,2684.2503903047855,2685.6772894619635,2648.809246453922,2675.7716628173766,2686.049823687287,1,0,0,1,0,0,TCS
2016-08-26,2687.5052663937217,2688.234878954204,2686.867894125792,2686.7725859522598,2686.7725859522598,2444099,2683.9632828997214,2685.882823090529,2649.2379944393297,2676.5758190925612,2685.9936441581094,0,0,0,1,0,0,TCS
2016-08-29,2688.4742962658543,2690.283280378481,2686.8725887367304,2690.7797325740294,2690.7797325740294,3340188,2684.033642058072,2686.1148522669564,2649.7013837259574,2677.808049408507,2686.0790075874465,1,1,0,1,0,0,TCS
2016-08-30,2681.5454105166887,2683.410194337988,2681.273072863232,2683.1839551344738,2683.1839551344738,2268175,2683.7224812377362,2686.163296332402,2650.1131255010673,2678.349216211552,2686.090095198385,1,0,0,0,0,0,TCS
2016-08-31,2680.0144015566857,2680.185011788984,2678.239545243539,2682.485225355033,2682.485225355033,2948363,2682.9525629618283,2686.097458227545,2650.5268523671875,2678.997053989694,2686.056215278807,1,1,0,0,0,0,TCS
2016-09-01,2683.2005266488623,2683.39339547094,2681.319607940772,2683.803216329032,2683.803216329032,3235723,2682.2651263523244,2686.009518648642,2650.9320161438463,2679.4944836376744,2686.1045351410694,0,1,0,1,0,0,TCS
2016-09-02,2683.137802677113,2683.735191475236,2682.8923595181614,2684.786016802493,2684.786016802493,2486398,2681.658361757106,2685.932018225666,2651.3313116420363,2680.300840130783,2686.14901334127,1,0,0,1,0,0,TCS
2016-09-05,2672.8167398462274,2675.2104365256487,2671.1327545169497,2672.396277671908,2672.396277671908,2921653,2680.5784917850133,2685.782253254393,2651.6638956730503,2680.501241606201,2686.083286347262,1,1,0,0,0,0,TCS
2016-09-06,2657.3629263998378,2660.1774552437123,2654.3593952108145,2657.181585701441,2657.181585701441,3233208,2678.690788064665,2685.467618271735,2651.9015020743072,2679.287195933799,2685.74167888385,1,1,0,0,0,0,TCS
2016-09-07,2662.9275921547683,2662.933437511065,2660.859547201925,2663.480559129976,2663.480559129976,2421365,2677.490698105294,2685.1982975193173,2652.1260208662634,2678.3805379325577,2685.437782547288,1,0,0,1,0,0,TCS
2016-09-08,2668.549976352654,2669.381581355066,2666.4890186231264,2668.745860585077,2668.745860585077,4435532,2676.5665821704742,2685.0553804433885,2652.3736295636195,2677.3615015235723,2685.2361128698267,1,1,0,1,0,0,TCS
2016-09-09,2670.972544187649,2671.3590289574936,2670.680203472949,2671.3437278466854,2671.3437278466854,2097810,2676.197217402788,2684.929050144129,2652.638343709033,2675.818615713015,2685.1486760795406,1,0,0,1,0,0,TCS
2016-09-12,2669.198555974187,2669.396606110977,2667.6495043075656,2670.1632277414487,2670.1632277414487,3718944,2675.7825073191316,2684.839517963116,2652.915334235958,2673.7569652297566,2685.0184387737186,1,1,0,0,0,0,TCS
2016-09-13,2669.8194381564967,2671.136495924963,2668.988420842208,2669.3076151547966,2669.3076151547966,4887426,2675.3592737216704,2684.670836334334,2653.196126102548,2672.369331231789,2684.865450806207,1,1,0,0,0,0,TCS
2016-09-14,2661.993003439873,2664.94912329503,2660.4700695537945,2662.8656657468982,2662.8656657468982,4746331,2674.7022146303348,2684.378247351519,2653.452269691757,2670.4073752709755,2684.653002666818,0,0,0,0,0,0,TCS
2016-09-15,2661.3854523062423,2664.2176686321395,2661.317147904509,2662.091374295669,2662.091374295669,3537464,2673.8653373526568,2684.1060009502808,2653.6850290603907,2668.2361910676395,2684.391668434824,1,0,0,0,0,0,TCS
2016-09-16,2672.1574856561097,2673.276281566494,2670.6302515091056,2671.841683384976,2671.841683384976,2794171,2673.621298928335,2684.030253403617,2653.971397745941,2666.9417577258873,2684.1466023041885,1,0,0,1,0,0,TCS
2016-09-19,2669.4777819888263,2670.184035799944,2667.884275520552,2669.3850487665795,2669.3850487665795,4089630,2673.570938220778,2683.8984286922228,2654.221350144772,2666.640634835355,2683.9232947908654,1,1,0,0,0,0,TCS
2016-09-20,2670.236412128265,2670.6082525406887,2669.837693157787,2670.475705353285,2670.475705353285,2238984,2673.628621367169,2683.769603600161,2654.473056928512,2667.9700468005394,2683.6800597966535,1,0,0,1,0,0,TCS
2016-09-21,2669.697699159926,2672.9328326056143,2666.100291252203,2671.9474100654747,2671.9474100654747,1202134,2673.598634913323,2683.6839552734664,2654.714060425769,2668.816731894089,2683.4663532994787,1,0,0,1,0,0,TCS
2016-09-22,2671.0038337501364,2671.7517261385005,2670.7664226803754,2670.427932530672,2670.427932530672,1925858,2673.17322030611,2683.54316140891,2654.9306862278554,2668.9849390886484,2683.2503225285323,1,1,0,0,0,0,TCS
2016-09-23,2664.398855422552,2666.7976272064457,2663.624085854712,2663.3566038700437,2663.3566038700437,2190115,2672.0024212019994,2683.2073484175025,2655.0889826069815,2668.1862266909843,2682.9604671767866,1,1,0,0,0,0,TCS
2016-09-26,2670.869016861001,2671.0018648628006,2670.4614825462554,2669.8691529108714,2669.8691529108714,1281775,2670.956892218842,2683.0040489255653,2655.259741528475,2668.1568192079267,2682.69184934919,1,0,0,1,0,0,TCS
2016-09-27,2678.9373565324204,2679.8096522439823,2676.4139163813243,2677.033887859801,2677.033887859801,4399244,2670.649388855108,2682.8579933998235,2655.472316008651,2668.929446478427,2682.486068289515,1,1,0,1,0,0,TCS
2016-09-28,2678.621266130677,2685.816316576984,2674.411046027451,2678.798846919716,2678.798846919716,1327702,2670.4650699333424,2682.7432865194,2655.6804345183014,2670.522764595709,2682.2819831258976,1,0,0,1,0,0,TCS
2016-09-29,2675.960355458021,2676.277850285655,2675.0746833198573,2675.394499314298,2675.394499314298,2892459,2670.0446340826056,2682.6028397564332,2655.8708449409396,2671.8530770975717,2682.0049204661264,1,1,0,0,0,0,TCS
2016-09-30,2668.945029664529,2670.9865465735925,2666.626244751917,2669.966993592089,2669.966993592089,1581700,2669.303682922085,2682.413730235697,2656.031091784609,2671.665608118283,2681.6413764343743,1,0,0,0,0,0,TCS
2016-10-03,2671.684442575381,2672.4729184467783,2669.818829246087,2670.9270842594383,2670.9270842594383,2392960,2669.230223251462,2682.175125164182,2656.198495120557,2671.819811667569,2681.404316969657,1,1,0,1,0,0,TCS
2016-10-04,2667.6323882987954,2667.840265053564,2666.816917578881,2666.8092235074755,2666.8092235074755,4773693,2669.7116051417634,2681.854397116333,2656.346430988184,2671.453163482988,2681.1691509216366,1,1,0,0,0,0,TCS
2016-10-05,2675.118893362103,2677.6139497457434,2672.412455834271,2675.0857209862106,2675.0857209862106,2811069,2670.2918632345754,2681.616653201273,2656.5079784169375,2671.7669945750613,2680.991338645612,1,0,0,1,0,0,TCS
2016-10-06,2680.5667179836714,2680.5931260879365,2679.582438183811,2679.72976982824,2679.72976982824,4071817,2670.8410586967334,2681.4110978391614,2656.697858891845,2672.6971783048184,2680.8874095457713,1,1,0,1,0,0,TCS
2016-10-07,2683.701162009939,2684.146355228173,2682.437464571497,2684.583277687042,2684.583277687042,4402801,2671.503036188751,2681.252978860581,2656.927349569823,2674.8198456865184,2680.7585336019074,0,1,0,1,0,0,TCS
2016-10-10,2683.2045198186934,2687.0530278465058,2681.979610676479,2683.890035523642,2683.890035523642,1204667,2672.189376577861,2681.1927725032115,2657.1544975283855,2676.221933947795,2680.6006461228662,1,0,0,0,0,0,TCS
2016-10-11,2690.5156022446613,2693.5920994861785,2690.0401076552007,2689.372761314976,2689.372761314976,4141792,2673.19263388587,2681.254348555786,2657.4281903734222,2677.4558212933125,2680.6561745858357,1,1,0,1,0,0,TCS
2016-10-12,2692.307287429218,2694.1905329086057,2691.2135973136496,2693.3801692192824,2693.3801692192824,4503634,2674.718359059489,2681.3163301499258,2657.6972857254686,2678.9139535232694,2680.7205983686486,0,1,0,1,0,0,TCS
2016-10-13,2694.6494144695243,2695.950701556434,2690.6382019693306,2692.777724148716,2692.777724148716,1552845,2676.252676552141,2681.3819960478313,2657.951491514854,2680.6522760067114,2680.7907226593984,1,0,0,0,0,0,TCS
2016-10-14,2694.6771216122343,2696.4581791174346,2690.2252108436915,2694.165416474296,2694.165416474296,2181009,2677.368863206608,2681.3809515853,2658.172040373041,2683.072118294932,2680.7667518664484,1,1,0,1,0,0,TCS
2016-10-17,2692.8856863665646,2694.96062087362,2691.0573875412147,2691.623311933266,2691.623311933266,1606418,2678.4807763649414,2681.329598028819,2658.365005857626,2685.1417410623144,2680.597042660167,1,0,0,0,0,0,TCS
2016-10-18,2689.6803386111296,2692.151266724161,2688.9673923458035,2690.262655670016,2690.262655670016,1481727,2679.4701238807784,2681.392779642291,2658.585561907955,2687.4870842785685,2680.5225416030194,0,0,0,0,0,0,TCS
2016-10-19,2686.547016831101,2689.060273404191,2683.479910482853,2685.70057205677,2685.70057205677,4037904,2680.1577819803433,2681.3571819741464,2658.789320895216,2688.548569385625,2680.458162513772,1,1,0,0,0,0,TCS
2016-10-20,2683.579563829193,2685.459603897069,2681.828462934446,2682.614390135762,2682.614390135762,3628658,2680.7671048605976,2681.295881821562,2658.9762112307503,2688.8370314163767,2680.3468192633813,1,0,0,0,0,0,TCS
2016-10-21,2680.271541589445,2682.4810130924843,2678.571005628404,2679.1773916713028,2679.1773916713028,4023217,2681.5581442506605,2681.0860588931346,2659.1688507659997,2688.296442814803,2680.2435231315544,1,1,0,0,0,0,TCS
2016-10-24,2685.7130599495936,2687.3389420463063,2683.831380276116,2685.028679321544,2685.028679321544,2139721,2682.316120571194,2680.844523604599,2659.360903693563,2688.4103071945933,2680.2212654596024,1,0,0,1,0,0,TCS
2016-10-25,2691.1927974186888,2691.997604840434,2690.6792437846566,2688.6710807489826,2688.6710807489826,4004012,2682.897980215653,2680.75478417701,2659.578372311626,2688.3401391379934,2680.2619901027833,1,1,0,1,0,0,TCS
2016-10-26,2683.845136861507,2686.114702141312,2681.948603686525,2682.225713936521,2682.225713936521,2506213,2683.0693235664935,2680.650993054338,2659.777669741689,2687.224693609717,2680.3101608735014,1,0,0,0,0,0,TCS
2016-10-27,2692.6354379201557,2693.333858360822,2692.583574858206,2692.191503599081,2692.191503599081,1468948,2683.909173780733,2680.666322675388,2660.0542987672,2687.166071554754,2680.478770574779,1,0,0,1,0,0,TCS
2016-10-28,2697.354458208556,2698.024128295356,2696.89525907451,2698.218148772427,2698.218148772427,2185366,2685.3217315397496,2680.807492015564,2660.351043699799,2687.5713447845674,2680.7516166057308,1,1,0,1,0,0,TCS
2016-10-31,2703.79049845956,2706.278735157,2702.632072857676,2701.495164036462,2701.495164036462,1003160,2686.8501355286007,2680.9924565070455,2660.6489217873736,2688.558529994887,2681.0642227967132,1,0,0,1,0,0,TCS
2016-11-01,2697.3299156048324,2697.499932404462,2696.902272123967,2697.683629763179,2697.683629763179,2520754,2688.3938558413856,2681.143292722705,2660.894743414313,2689.300627404203,2681.23840884259,1,1,0,0,0,0,TCS
2016-11-02,2693.126095314712,2693.597496983579,2692.501331558185,2692.878331551685,2692.878331551685,1829941,2689.28348636966,2681.3216105404426,2661.1501183632527,2690.0184033536943,2681.3442349367683,1,0,0,0,0,0,TCS
2016-11-03,2693.60835435499,2695.958130043549,2691.5585350329934,2693.3299417799512,2693.3299417799512,1384306,2689.9634949672454,2681.493912612652,2661.41789828288,2691.0899585181132,2681.4598337414513,1,0,0,1,0,0,TCS
2016-11-04,2696.289180486474,2700.6444607439007,2694.255060988163,2695.651089247457,2695.651089247457,3467434,2690.5168855452657,2681.717617522607,2661.6706540114606,2692.737328275729,2681.6120440341515,1,1,0,1,0,0,TCS
2016-11-07,2686.497528966087,2687.45733975144,2684.693948153398,2685.9302406459374,2685.9302406459374,2559389,2690.618895801381,2681.8161242842716,2661.8688999761507,2692.8274844081684,2681.5730424430453,1,0,0,0,0,0,TCS
2016-11-08,2684.179367459654,2684.2871915017995,2680.114333459171,2684.6538364272037,2684.6538364272037,2888692,2690.3829495569926,2681.816551285581,2662.0751701173945,2692.4257599759903,2681.5913000905375,1,1,0,0,0,0,TCS
2016-11-09,2685.2921095410343,2685.8915303532185,2684.0344331310557,2683.976145255247,2683.976145255247,4389951,2689.91274835879,2681.8044859201677,2662.2519963956756,2692.600803107863,2681.5068414319426,1,1,0,0,0,0,TCS
2016-11-10,2690.6690649471457,2690.9202227413466,2690.437264584031,2689.7509923508383,2689.7509923508383,2434455,2689.7614117688963,2681.868122931694,2662.4279062824558,2692.3567519830385,2681.529015980502,1,0,0,1,0,0,TCS
2016-11-11,2693.6864184331957,2694.8545165997407,2692.2359569231367,2694.18721731026,2694.18721731026,2127375,2689.7625018106946,2681.9925216818856,2662.6308729312896,2691.953658836822,2681.551315757259,1,0,0,1,0,0,TCS
2016-11-14,2687.783475663512,2689.4672226924204,2687.661306149655,2689.039149152553,2689.039149152553,4238209,2689.633293671659,2681.9948190465566,2662.807735616546,2690.708057348431,2681.5468704205323,1,1,0,0,0,0,TCS
2016-11-15,2681.430723365819,2682.6621561714924,2677.8342964751496,2682.549211528181,2682.549211528181,3088761,2689.247621464567,2681.985627779842,2662.9529709349713,2689.194615524931,2681.455430953693,1,0,0,0,0,0,TCS
2016-11-16,2683.388249585493,2686.0205423184216,2681.687408293254,2683.0399296126684,2683.0399296126684,2288817,2689.1145893423623,2681.8947450918777,2663.091672846267,2688.2107753310297,2681.2575154702186,1,0,0,1,0,0,TCS
2016-11-17,2679.251310594041,2679.945762698203,2678.969131380532,2679.390272302568,2679.390272302568,4819029,2688.953383450703,2681.786024730549,2663.2026205607854,2686.8168083832916,2681.015359787332,1,1,0,0,0,0,TCS
2016-11-18,2683.4507755068107,2684.431861178418,2681.3077485173235,2684.3341895176327,2684.3341895176327,2000364,2689.211223343019,2681.68376792385,2663.354398262743,2685.685118410309,2680.8475315314754,1,0,0,1,0,0,TCS
2016-11-21,2682.0272526120634,2682.6067671774795,2680.6176091326665,2681.667867082568,2681.667867082568,1711336,2689.0431827310704,2681.5874593947947,2663.525227114248,2685.258881053972,2680.683187397726,1,0,0,0,0,0,TCS
2016-11-22,2690.730638291927,2694.76333030214,2687.7887609997388,2690.1251399563457,2690.1251399563457,2951232,2689.115885691438,2681.596433999984,2663.7432447625038,2685.8060114068862,2680.619047129032,1,1,0,1,0,0,TCS
2016-11-23,2689.9212468554456,2691.297385363305,2689.386721432217,2690.8319818230184,2690.8319818230184,2508278,2689.546199085763,2681.508288886857,2663.966432368778,2686.491595063663,2680.6637087757736,1,0,0,1,0,0,TCS
2016-11-24,2705.936048706911,2708.13334214208,2702.0248575431788,2704.8822305877784,2704.8822305877784,2970505,2690.180735435198,2681.599917412715,2664.25082131016,2688.0047188873573,2680.899096126524,1,1,0,1,0,0,TCS
2016-11-25,2698.875870993605,2699.649627901593,2697.155803312108,2699.178794695327,2699.178794695327,1926576,2690.228767731343,2681.628135987571,2664.507068453587,2688.503876625864,2681.1717330797896,1,0,0,0,0,0,TCS
2016-11-28,2702.211677111189,2702.346337317376,2701.3984181997425,2703.8105466477728,2703.8105466477728,1547474,2690.3445368619086,2681.750846856746,2664.8044546972496,2689.9810163753855,2681.509774642899,1,0,0,1,0,0,TCS
2016-11-29,2701.7734898329186,2703.7156246999803,2701.3443399484463,2702.909109967037,2702.909109967037,2849717,2690.6058108721018,2681.850514979979,2665.1150457291305,2692.0170062192715,2681.8449322810725,1,1,0,0,0,0,TCS
2016-11-30,2700.75048188932,2703.6426734682545,2698.5074379575626,2700.386573496929,2700.386573496929,2704958,2690.9812229693634,2682.011817669723,2665.38461569577,2693.7516706076976,2682.169995293383,0,0,0,0,0,0,TCS
2016-12-01,2698.6969117063345,2701.2622315509807,2697.8685770432558,2699.8757082967604,2699.8757082967604,3764384,2691.308511295204,2682.1699117824146,2665.6512622615587,2695.800214207117,2682.4506191393507,1,1,0,0,0,0,TCS
2016-12-02,2706.9000187731085,2710.7604136152418,2704.550671706431,2707.0619126588203,2707.0619126588203,2802747,2691.8790524657725,2682.5240479006443,2665.957068222959,2698.0729865212356,2682.8551452831825,1,0,0,1,0,0,TCS
2016-12-05,2703.459764062391,2705.087001963076,2701.547669445672,2703.490096500356,2703.490096500356,4349663,2692.7570452584932,2682.8369562392168,2666.24109195412,2700.2552094630146,2683.2964497309513,1,1,0,0,0,0,TCS
2016-12-06,2704.117441948776,2705.195710503128,2702.950667759147,2704.63212271248,2704.63212271248,4521809,2693.755959572757,2683.1727041843224,2666.544156221017,2701.705907738628,2683.767250801445,0,1,0,1,0,0,TCS
2016-12-07,2698.790262487974,2699.9130960925304,2698.7336467709065,2698.4673931813763,2698.4673931813763,4086191,2694.4805219690634,2683.4534610044193,2666.8476686275244,2702.4694488744635,2684.1128541886314,0,0,0,0,0,0,TCS
2016-12-08,2694.953270040391,2698.0426187982644,2691.250536612373,2694.234484483247,2694.234484483247,3601969,2694.704696575684,2683.646030562345,2667.1551771560503,2701.4046742640103,2684.3168309860753,1,0,0,0,0,0,TCS
2016-12-09,2695.7542058194704,2697.517650917528,2695.5247253629777,2695.9198964916573,2695.9198964916573,2670451,2694.791330534754,2683.885998620098,2667.492082642974,2701.0787844436436,2684.438795126601,1,0,0,1,0,0,TCS
2016-12-12,2699.68102347004,2701.6427954195296,2699.6688227849286,2699.3230533092824,2699.3230533092824,3105237,2695.3055257425904,2684.2476334999924,2667.8110789828515,2700.6300351097943,2684.5527060697377,1,1,0,1,0,0,TCS
2016-12-13,2705.117745328154,2706.81806291073,2701.4532626076875,2704.0187319336974,2704.0187319336974,2128881,2696.379001762866,2684.6813421188454,2668.1669176489795,2700.7409973064605,2684.830503093727,1,0,0,1,0,0,TCS
2016-12-14,2703.225371377787,2706.1590067729144,2702.891868066023,2703.5631033259174,2703.5631033259174,3519171,2697.4051604485285,2685.0690416711395,2668.5004738644047,2701.0586502893593,2685.1115414666724,1,1,0,0,0,0,TCS
2016-12-15,2699.987026452293,2704.2024546717043,2695.713379836508,2700.6734692802206,2700.6734692802206,3504080,2698.4693202974113,2685.3407572287056,2668.843893613457,2701.1384263877053,2685.336478172688,0,0,0,0,0,0,TCS
2016-12-16,2705.703863991818,2706.615650396386,2700.7093469178208,2705.440721949365,2705.440721949365,4775436,2699.524646918998,2685.5741089286694,2669.207605956179,2700.97630731676,2685.611874241313,1,1,0,1,0,0,TCS
2016-12-19,2712.9339169676323,2715.35933365168,2708.9902480577334,2711.9852456282747,2711.9852456282747,3551167,2701.040515846283,2685.8391778418472,2669.570705530426,2701.8258222295517,2686.139727147398,1,0,0,1,0,0,TCS
2016-12-20,2712.210832698737,2715.567797434615,2712.1270462635703,2713.491422273036,2713.491422273036,4041665,2702.2088299621178,2686.218021181079,2669.9220723498133,2702.7117521856076,2686.8905249683526,1,1,0,1,0,0,TCS
2016-12-21,2719.355118909812,2720.865157399153,2714.9513885872693,2719.6061399144924,2719.6061399144924,2440320,2703.6475378666914,2686.682032613073,2670.295501915052,2704.825626858919,2687.6388660454795,1,0,0,1,0,0,TCS
2016-12-22,2725.504373390468,2728.105236079195,2724.8013727089847,2724.490487856855,2724.490487856855,2323261,2704.627950730145,2687.19062350717,2670.6704828399606,2707.85122719628,2688.3821277424368,0,0,0,1,0,0,TCS
2016-12-23,2723.59160113797,2727.3152866176,2721.3267450999047,2723.7425119884897,2723.7425119884897,1774133,2705.8561365948035,2687.677579696995,2671.0091953419123,2710.633488745963,2689.0807781976605,1,0,0,0,0,0,TCS
2016-12-26,2729.933944909902,2732.023339398111,2729.47835784711,2729.6937683020537,2729.6937683020537,3783098,2707.1502976775173,2688.393798329872,2671.3399564552637,2713.6705602452403,2689.8745187384684,1,1,0,1,0,0,TCS
2016-12-27,2727.3561299404496,2728.8632382213373,2724.8709340437285,2727.589915647138,2727.589915647138,2892893,2708.3843379615223,2689.2739024541934,2671.631679089623,2716.027678616584,2690.6516160783663,1,0,0,0,0,0,TCS
2016-12-28,2731.7705873269133,2732.8197258128807,2729.200933666215,2731.1227494890213,2731.1227494890213,3784317,2709.921146761127,2690.1194298336814,2671.912974905912,2718.7836432328945,2691.5617105282613,1,1,0,1,0,0,TCS
2016-12-29,2734.411043943843,2736.2520044336434,2734.3377461871914,2734.8355975935247,2734.8355975935247,3503286,2711.669141225965,2690.9455515462873,2672.2268545272955,2722.199856064225,2692.5316335055663,0,0,0,1,0,0,TCS
2016-12-30,2739.058800959752,2740.268920593281,2735.6405207207204,2739.578980304565,2739.578980304565,3909633,2713.2949946082526,2691.7984922020105,2672.5518889158398,2725.6136818997447,2693.434797464494,1,1,0,1,0,0,TCS
